wavelength_nm,c5,c4,c3,c2,c1,c0
4.660219500000000039e+02,1.269038422871727519e-25,-6.302594039826451451e-23,8.435462609286092792e-21,5.758715403838908819e-20,-5.733605473329532921e-17,1.570796326794893671e+00
4.662377816623400122e+02,-1.446574310341765612e-10,9.323941387833837967e-08,-2.002951853364844399e-05,1.602242197521418525e-03,6.956984514568068101e-02,2.232403790807502730e+00
4.664535966493599517e+02,1.410632617653258468e-10,-8.729574544922747491e-08,1.895535107729833698e-05,-1.508662117246710628e-03,1.246029273403378990e-01,2.696885266725120189e+00
4.666693949610599930e+02,5.908122746200140883e-11,-3.199749226396997295e-08,5.755942325645727448e-06,-2.916940398481544555e-04,1.013859460669289808e-01,3.817225798427057448e+00
4.668851765974400223e+02,6.963350972512385945e-12,-5.424739061004120310e-09,3.271633968221508561e-06,-7.202846003976277368e-04,1.424553476946693875e-01,1.430266241839696972e+00
4.671009415585000397e+02,-5.317759607980984208e-12,1.141068668133684972e-08,-5.375693143093215396e-06,9.799221022052978687e-04,5.704612862109406657e-02,3.263700316450996564e+00
4.673166898442399884e+02,3.066246687894575609e-10,-1.979069382802285025e-07,4.612243129954912474e-05,-4.723640205523490024e-03,3.155185521909615320e-01,1.607654093244346438e-01
4.675324214546599819e+02,2.387459514938135115e-10,-1.544106868752502530e-07,3.661826499190392253e-05,-3.759571522083309924e-03,2.571873331138227470e-01,2.624682114034423974e-01
4.677481363897600204e+02,1.763824315517274041e-10,-1.031581622939181514e-07,2.052606498625553937e-05,-1.640840304062929746e-03,1.792424232491001412e-01,2.719367124034961058e+00
4.679638346495399901e+02,3.896513646124168979e-10,-2.384067442168616597e-07,5.188478696042839552e-05,-4.822510726777804943e-03,2.784848179583730432e-01,7.779442594732172145e-01
4.681795162339999479e+02,1.937648049973626507e-10,-1.212651461347687598e-07,2.695184747209721849e-05,-2.517865419525349129e-03,2.114432681240979994e-01,2.583282054402628702e+00
4.683951811431400074e+02,2.809328734395483490e-10,-1.796947191289818710e-07,4.083867225544416020e-05,-3.964168468014970213e-03,2.732116470322316637e-01,-7.074849199495564234e-01
4.686108293769599982e+02,1.649913920965374504e-10,-1.123640652025580664e-07,2.781849344997082594e-05,-3.129789365041744671e-03,2.722505166838469770e-01,-6.800253004759574393e-01
4.688264609354600339e+02,-3.668190105916271846e-11,3.801835069092653773e-08,-1.148068193259757935e-05,1.122632188513450003e-03,1.049387721434793252e-01,2.764845046849940591e+00
4.690420758186400008e+02,-1.286031348772108356e-10,8.343617086803456148e-08,-1.769048789167612084e-05,1.233361758904234252e-03,1.078372571458033752e-01,1.412204963181335204e-01
4.692576740265000126e+02,1.844511413552441651e-10,-1.182267358593871697e-07,2.762819510717325652e-05,-2.823859291483574868e-03,2.233988179810474928e-01,-2.289192689714139306e-01
4.694732555590400125e+02,1.998765843773192164e-10,-1.191215777965816536e-07,2.482610885010641096e-05,-2.164005700197380640e-03,1.935359319479375839e-01,4.375315162762349885e+00
4.696888204162600005e+02,3.892552445995813787e-10,-2.572500484608703282e-07,6.073240156647137359e-05,-6.104488461733106539e-03,3.521195687278669273e-01,9.019526400741262329e-01
4.699043685981599765e+02,4.156083727118357987e-10,-2.633317292907322948e-07,5.864462141262634891e-05,-5.334332897904140586e-03,2.803494121260710070e-01,2.637816541029086359e+00
4.701199001047399975e+02,3.626522651210467076e-10,-2.189273979598855784e-07,4.603559902223477827e-05,-4.064236388275268425e-03,2.688183143435424749e-01,2.816526979572623546e+00
4.703354149360000065e+02,3.068160851636859782e-10,-1.915604662025527877e-07,4.291084365515105022e-05,-4.256518037263955744e-03,3.123782096047031387e-01,1.165663667330651077e+00
4.705509130919400036e+02,1.978606742734038885e-11,-1.090243533696941679e-08,2.625178510961065235e-06,-4.335078138781177544e-04,1.696629206360110720e-01,2.913415074346142219e+00
4.707663945725599888e+02,4.461770788390994425e-10,-2.878422107847120068e-07,6.707759373356648428e-05,-6.827905464331538929e-03,4.036050924405599205e-01,-1.116243047077377870e+00
4.709818593778599620e+02,5.186761568839948829e-10,-3.341348333978000209e-07,7.648545621465041838e-05,-7.393547162656948987e-03,3.861125643260123752e-01,6.014974673888460188e-01
4.711973075078399802e+02,1.495914932076036960e-10,-8.848151969362399115e-08,1.797633881351288208e-05,-1.493203356679708577e-03,1.703819759544767942e-01,4.095714255536821113e+00
4.714127389625000433e+02,5.219524907759613507e-10,-3.348480560975060386e-07,7.612458354555071236e-05,-7.268616108676992198e-03,3.744873009881324877e-01,7.422499610884236709e-01
4.716281537418399807e+02,3.669807951471206723e-10,-2.345643150214514135e-07,5.451161461230834716e-05,-5.610513288461072869e-03,3.362738058444157407e-01,8.732189682644940776e-01
4.718435518458599631e+02,5.556656633677545122e-10,-3.616376809957756941e-07,8.365201578573265692e-05,-8.129896369504502687e-03,4.107674180006563036e-01,1.647755446198188312e-01
4.720589332745599904e+02,5.008308248352725342e-10,-3.171253660415402494e-07,7.087081830159395665e-05,-6.586241537797580398e-03,3.344630388737436233e-01,1.609816886657673418e+00
4.722742980279400058e+02,6.322094597167761553e-10,-4.055683429605562391e-07,9.320970068000878673e-05,-9.153604019775789594e-03,4.662621528139530569e-01,-8.791283542915623306e-01
4.724896461059999524e+02,4.107992727028799354e-10,-2.639229589678345959e-07,6.087276260968655023e-05,-6.140159252951456724e-03,3.798551145194552503e-01,-1.631652460441395558e+00
4.727049775087400008e+02,4.863718282076251691e-10,-3.137417418537755062e-07,7.152837721614544212e-05,-6.817160714313237960e-03,3.545415997007941855e-01,9.869014985732551537e-01
4.729202922361599803e+02,5.667554445778182762e-11,-2.386384134557149605e-08,1.068078332045104667e-06,5.504753139380845440e-04,5.853410457452998261e-02,5.936311659825057596e+00
4.731355902882600049e+02,2.565460438704019682e-10,-1.624551041844291038e-07,3.484700679362609353e-05,-2.832887376272951244e-03,1.719199428986573630e-01,3.180120462600573461e+00
4.733508716650399606e+02,3.868517797729529651e-10,-2.391785676354017569e-07,5.113791130710658136e-05,-4.240136828768418728e-03,2.053983597555775753e-01,3.856119085400813606e+00
4.735661363665000181e+02,4.805852919398508261e-10,-3.121973035223777258e-07,7.239715854715324857e-05,-7.141429022022216001e-03,3.866887324379184032e-01,-1.695368399094867029e-01
4.737813843926400068e+02,3.563838968110870785e-10,-2.238838022361734499e-07,4.858867322194222640e-05,-4.130612980024124872e-03,2.113822410094779169e-01,3.482459377519719457e+00
4.739966157434600404e+02,2.862474125494428820e-10,-1.876152985093865018e-07,4.305192541659891341e-05,-4.102275162281710484e-03,2.610238691026117164e-01,1.079757322559863786e+00
4.742118304189599485e+02,3.361861370780838762e-10,-2.241371022486932309e-07,5.354795566305468722e-05,-5.573718740842291235e-03,3.612478247759046135e-01,-1.544432172384941238e+00
4.744270284191400151e+02,2.439828989778000429e-10,-1.538051095878705031e-07,3.592682088499370900e-05,-3.740221339069764624e-03,2.512526665893007327e-01,1.547235418541983654e+00
4.746422097440000130e+02,2.931858590483684218e-10,-1.873594992761385780e-07,4.220100709020591599e-05,-4.014039696302503131e-03,2.674781301892472096e-01,4.626741119375773481e-01
4.748573743935399989e+02,2.856696025793329739e-10,-1.817486636838244852e-07,3.981450359423210634e-05,-3.449326167039679352e-03,2.035393837987863053e-01,3.170122848498345913e+00
4.750725223677599729e+02,4.204286383271910503e-10,-2.756256485267114798e-07,6.358218974997894223e-05,-6.126978498072954346e-03,3.386020193281031321e-01,6.268858952268132612e-01
4.752876536666599918e+02,4.792386392092782334e-10,-3.008591359378185682e-07,6.536857188053525202e-05,-5.658993741406615971e-03,2.687175594785774502e-01,2.941895831692286745e+00
4.755027682902399988e+02,2.117360419496609029e-10,-1.296989064770523229e-07,2.803413354632477885e-05,-2.685449138355865302e-03,2.472373630166483649e-01,1.784792491297747530e+00
4.757178662384999939e+02,3.382220749412595639e-10,-2.063915057728558274e-07,4.188223184488801086e-05,-3.015636239038724069e-03,1.405478283511930881e-01,4.979718622551123630e+00
4.759329475114399770e+02,3.394790559170284319e-10,-2.219519273017288864e-07,5.088240187653978244e-05,-4.812120366538063382e-03,2.778260786338145327e-01,1.895515657854035085e+00
4.761480121090600051e+02,2.600693765584893065e-10,-1.606511419035050398e-07,3.370947212888501077e-05,-2.741778185184112239e-03,1.811830630208565163e-01,2.854789706169946761e+00
4.763630600313600212e+02,4.989535630848575526e-10,-3.185871939353568094e-07,7.168692530093041782e-05,-6.651223975861364317e-03,3.293346036521995757e-01,2.213355516084573260e+00
4.765780912783400254e+02,3.009046886299862164e-10,-1.989791649161241911e-07,4.610747467962032840e-05,-4.452320239493755619e-03,2.759357076338401216e-01,1.675994713088563071e+00
4.767931058499999608e+02,4.343755974089320530e-10,-2.827088325699935833e-07,6.605439062703412508e-05,-6.728959648032660154e-03,4.039003332619660602e-01,-1.416395161967999750e+00
4.770081037463399980e+02,4.368778695409423861e-10,-2.824243717288571711e-07,6.446282392545227237e-05,-6.171824051862099050e-03,3.386926447624376002e-01,8.891359250175222551e-01
4.772230849673600233e+02,3.026564355919364518e-10,-1.925666023702579721e-07,4.228071423766173920e-05,-3.701383999161901583e-03,2.190579839952352392e-01,2.832207681190154869e+00
4.774380495130600366e+02,-2.506892493529488572e-11,2.437733622369905722e-08,-6.396317108115930728e-06,3.073371620111380411e-04,1.501981121337616354e-01,2.984731439203615722e+00
4.776529973834399811e+02,5.590025486701793858e-10,-3.603263286268709445e-07,8.261795234053565375e-05,-8.013689683224708635e-03,4.118133342097811678e-01,3.310021858501646652e-01
4.778679285784999706e+02,1.130171483481083458e-10,-6.550468566808760092e-08,1.201296010473367974e-05,-7.964424035123932738e-04,1.423622980451147157e-01,1.340720392033329933e+00
4.780828430982400050e+02,4.515460650863753408e-10,-2.899138667727652852e-07,6.568581310387733838e-05,-6.187681431931609834e-03,3.226488585886832516e-01,2.108285425165721261e+00
4.782977409426600275e+02,4.306058955236922224e-10,-2.929554432985750747e-07,7.096217659889852546e-05,-7.324428251201317575e-03,4.105197111001295807e-01,-2.440844052469600678e-01
4.785126221117599812e+02,3.747984590796983445e-10,-2.549538061624069529e-07,6.131448745465783133e-05,-6.226158562458839786e-03,3.594117138713948112e-01,5.842997018525475372e-01
4.787274866055399798e+02,5.478143471424768991e-10,-3.540396089062032477e-07,8.173044408659005692e-05,-8.075012463964222412e-03,4.302417993006516506e-01,-4.571475468995337410e-01
4.789423344240000233e+02,3.093084745086491015e-10,-1.833514426135169756e-07,3.634128138163473832e-05,-2.563973597032150054e-03,1.307603851903925973e-01,5.385608766753599674e+00
4.791571655671399981e+02,3.781174086187343925e-10,-2.496166942077125489e-07,5.827041979121622275e-05,-5.725562395101801982e-03,3.270808610509044478e-01,1.160507583516792174e+00
4.793719800349599609e+02,4.636100178392670323e-10,-2.980704011717529174e-07,6.748855967862042629e-05,-6.322210296437613154e-03,3.235251907823757378e-01,2.150848264063119242e+00
4.795867778274599686e+02,3.589023078343344744e-10,-2.358045349413010868e-07,5.421901957760054446e-05,-5.113707224224939285e-03,2.822911101421149427e-01,2.307161290825632260e+00
4.798015589446400213e+02,1.969010174044124002e-10,-1.186998300231121703e-07,2.491697583427164754e-05,-2.253461258887273604e-03,2.112685600557264454e-01,3.467538455080669824e+00
4.800163233865000052e+02,2.521271714342838204e-10,-1.666951336724763487e-07,3.795293034367869456e-05,-3.434333021408360245e-03,2.098815977880688355e-01,1.761708398041363366e-01
4.802310711530399772e+02,2.930810038549891079e-10,-1.763534764490219034e-07,3.543752257301273470e-05,-2.560362683363026377e-03,1.366905498872309777e-01,4.936920982875229846e+00
4.804458022442599940e+02,1.879790060053927407e-10,-1.199700061789681391e-07,2.672981484784941358e-05,-2.541931857556019997e-03,2.249150619684209262e-01,3.016205161104199561e+00
4.806605166601599990e+02,3.470208056803121876e-10,-2.257488129519005214e-07,5.149740957597729880e-05,-4.827185077187020126e-03,2.708578485843247674e-01,2.324268348815233587e+00
4.808752144007399920e+02,4.261510214720402434e-10,-2.815884293275893978e-07,6.608066560148686771e-05,-6.511774198291255498e-03,3.504475112768686285e-01,1.144324250133755383e+00
4.810898954659999731e+02,5.758638014336060408e-10,-3.761319359724170095e-07,8.813569267585518677e-05,-8.868590577895097207e-03,4.633418809259788329e-01,-6.016830807447014484e-01
4.813045598559399991e+02,4.048902109780642391e-10,-2.661522613510131867e-07,6.168552742508674877e-05,-5.952239672473843765e-03,3.205819646561734459e-01,1.775024130605900252e+00
4.815192075705600132e+02,3.890816277857032994e-10,-2.663930850063768470e-07,6.516893266381989657e-05,-6.793720728552667468e-03,3.822659904221282767e-01,5.623674010777305332e-01
4.817338386098600154e+02,4.307563521773954302e-10,-2.797513723581778882e-07,6.544268590750707633e-05,-6.681366434905719291e-03,3.987485471140154725e-01,-1.425891324615825129e+00
4.819484529738400056e+02,3.441626538941676926e-10,-2.381218363749922924e-07,5.856343978136165182e-05,-6.136097562940325510e-03,3.636807016326281672e-01,3.631803365549605978e-02
4.821630506624999839e+02,3.821796583296383647e-10,-2.524603532983462151e-07,5.980220936648203130e-05,-6.097062037447244405e-03,3.590117157652584212e-01,-1.229135875809454354e-01
4.823776316758400071e+02,3.088447961403599284e-10,-1.810197634645243061e-07,3.460553000677229406e-05,-2.120529766089158160e-03,8.670439392972328907e-02,2.974256230209756158e+00
4.825921960138600184e+02,4.336486893617766004e-10,-2.877570442348523267e-07,6.769208467520094823e-05,-6.690519956137431189e-03,3.579624956078168996e-01,9.122021047707662422e-01
4.828067436765599609e+02,3.809579487868607535e-10,-2.454954837695901484e-07,5.625445654412499473e-05,-5.473675370047578412e-03,3.181286179154643734e-01,5.860553501274444743e-01
4.830212746639400052e+02,4.208975919788213018e-10,-2.690138173616616020e-07,6.061234754931263424e-05,-5.626320485629625681e-03,2.919768310832701608e-01,2.091977170965124699e+00
4.832357889759999807e+02,3.156866073405192747e-10,-1.919410741174708587e-07,4.124923438922388844e-05,-3.848970128042248848e-03,2.787848878946670994e-01,1.778511780952228838e+00
4.834502866127400011e+02,2.074893655374817098e-10,-1.292773710808773488e-07,2.916185381356522626e-05,-2.785615994214937774e-03,2.118433653878910583e-01,1.748121611640610196e+00
4.836647675741599528e+02,3.683064320278665267e-10,-2.534424962079350211e-07,6.207970318738683171e-05,-6.472447445625631110e-03,3.733155540896531677e-01,7.978618213645337354e-03
4.838792318602600062e+02,5.265783318911683112e-10,-3.336078410564197372e-07,7.467906098130853878e-05,-6.956977813332742774e-03,3.456114645276323061e-01,1.342388054772555961e+00
4.840936794710399909e+02,5.697145797959847138e-10,-3.588582833365979137e-07,8.083453378148786094e-05,-7.744447930969657924e-03,3.950046807791458559e-01,2.415446524650668725e-01
4.843081104065000204e+02,4.064803033556848219e-10,-2.500080592631070152e-07,5.530863519732473108e-05,-5.480827140599746003e-03,3.735249285764605243e-01,-5.588112403027256647e-01
4.845225246666399812e+02,3.139275796514351314e-10,-1.895279165104782373e-07,4.090634993752249247e-05,-3.892506055316879120e-03,2.858672956973302703e-01,1.601957485737998788e+00
4.847369222514599869e+02,1.621685095733168722e-10,-1.091973625930896221e-07,2.502107017119361006e-05,-2.256895591316134160e-03,1.741590940077702987e-01,2.735887111202667921e+00
4.849513031609599807e+02,5.510093517136246239e-10,-3.502673959378023736e-07,7.902833770998241817e-05,-7.491901835649816301e-03,3.773199393715623851e-01,4.961438932401133206e-01
4.851656673951400194e+02,5.814512340507518418e-10,-3.634748418419395756e-07,7.999281789479005132e-05,-7.259286697093419657e-03,3.435657030590477667e-01,1.656075813676607167e+00
4.853800149539999893e+02,1.396696787157968939e-10,-8.796774180919026550e-08,1.988087868902299078e-05,-2.089933207612238147e-03,2.344795756816641374e-01,1.478032063402250351e+00
4.855943458375400041e+02,5.230061878600018868e-10,-3.294822175314048120e-07,7.344190497221262271e-05,-6.830918966991924961e-03,3.440606029868695237e-01,1.222134344464694378e+00
4.858086600457600071e+02,3.144333358094412973e-10,-2.125829569805579945e-07,5.052509632854794343e-05,-5.006654703428975797e-03,2.977236267680884452e-01,1.005855941250072938e+00
4.860229575786599980e+02,5.021085589107098728e-10,-3.287212731059086126e-07,7.701584950549473748e-05,-7.744612341670058242e-03,4.205073965419621751e-01,-5.081067597207378217e-01
4.862372384362399771e+02,4.589694776210205738e-10,-2.994188198350004947e-07,6.976121565747490851e-05,-6.932201712031535977e-03,3.803443293573651185e-01,1.426539786651382091e-01
4.864515026185000011e+02,1.626606624216244188e-10,-1.094655822614669093e-07,2.426128960897075366e-05,-1.923455039728175957e-03,1.328945651137701800e-01,1.271181087095586415e+00
4.866657501254400131e+02,3.124252714530335779e-10,-1.976042273011123546e-07,4.336632045112127047e-05,-3.845265234819516750e-03,2.280419537110650319e-01,2.256665745535221035e+00
4.868799809570600132e+02,-1.012563670135055307e-10,7.445313380917145241e-08,-2.121078018152882920e-05,2.700441036226020053e-03,-1.945036971253590388e-02,3.699324319877283163e+00
4.870941951133600014e+02,3.659189561089988363e-10,-2.051637113467662960e-07,3.719171326817776032e-05,-2.069956850348888492e-03,7.270325675805365540e-02,3.483901969516216113e+00
4.873083925943399777e+02,3.498809516749355627e-10,-2.120648790998761408e-07,4.423158472779098428e-05,-3.584779540352316021e-03,1.886457623566665798e-01,8.450675441065675919e-01
4.875225733999999989e+02,3.611753449891211094e-10,-2.505045102604193546e-07,6.166859205095521091e-05,-6.459799029379651933e-03,3.760435564381783835e-01,2.560750503456825644e-01
4.877367375303400081e+02,3.650413055133854960e-10,-2.278409295738727783e-07,4.895594267531867231e-05,-4.132559780339759882e-03,2.118929336605945291e-01,3.821352686793404452e+00
4.879508849853600054e+02,4.058544689102471950e-10,-2.606746898651077106e-07,5.958620873888126389e-05,-5.783553158687247675e-03,3.292352713387762808e-01,9.604724346544284419e-01
4.881650157650599908e+02,3.076858751846154710e-10,-1.885900249372494514e-07,3.914257763001979665e-05,-3.035256670867481858e-03,1.580804138345187626e-01,1.595149044951231998e+00
4.883791298694400211e+02,-1.408146957510997053e-11,8.242834366550610924e-09,-2.153937557906199901e-06,1.305100913345957794e-04,1.410713771555335283e-01,7.168181060378170377e-02
4.885932272985000395e+02,5.381346411175028843e-10,-3.412926506993464913e-07,7.650359724684369230e-05,-7.182862896979894801e-03,3.636928267974859907e-01,1.247475599835761617e+00
4.888073080522399891e+02,4.373097311237449722e-10,-2.906544287897343917e-07,6.880233085071087845e-05,-6.933192967520683710e-03,3.813913383764706011e-01,7.221472338552822334e-01
4.890213721306599837e+02,3.580818544043579529e-10,-2.366495649423642272e-07,5.483320116863443913e-05,-5.271786736374109786e-03,2.974739533471108532e-01,1.926166066159815671e+00
4.892354195337600231e+02,1.802366304027917695e-10,-1.030344904068998564e-07,1.943884240068242288e-05,-1.109387953149883980e-03,8.114203187305940590e-02,2.675033389948245244e+00
4.894494502615399938e+02,1.923426621567752089e-10,-1.239595964816953781e-07,2.637246568525212047e-05,-1.969128897431821242e-03,1.216518760622612022e-01,2.260874976617942789e+00
4.896634643139999525e+02,4.775285617834916670e-10,-3.077584474879660746e-07,7.027052327843554599e-05,-6.770788199467170018e-03,3.608159702980591188e-01,1.057747471265343853e+00
4.898774616911400130e+02,4.157059949640511441e-10,-2.742564774929729113e-07,6.405641755636048474e-05,-6.300660046739214523e-03,3.442184642067528388e-01,1.456621880606230990e+00
4.900914423929600048e+02,3.165856432724046258e-10,-1.942694991317555656e-07,4.003111479511858449e-05,-3.017715232094569065e-03,1.482905088390637227e-01,2.099079586518246998e+00
4.903054064194600414e+02,2.246855457718564551e-10,-1.447695042294049434e-07,3.129465818769557121e-05,-2.498874290525934794e-03,1.471175753853195545e-01,1.804416708467718955e+00
4.905193537706399525e+02,4.618341067208457450e-10,-2.815445764102117513e-07,5.921148024056709363e-05,-4.883245297875732360e-03,2.238858349527852176e-01,4.432010263784316173e+00
4.907332844464999653e+02,5.092426411508447826e-11,-3.606608606096516439e-08,8.285588319185126254e-06,-5.339241489126267696e-04,8.674629501370732798e-02,2.139954411411963520e+00
4.909471984470400230e+02,3.728084053171887712e-10,-2.344656318613530597e-07,5.054595842974167653e-05,-4.220283175465398308e-03,2.028318279233087551e-01,4.590543854500478638e+00
4.911610957722600119e+02,3.351161666162051975e-10,-2.027369525269240115e-07,4.320528938693808874e-05,-3.975788043353415541e-03,2.773096718111762726e-01,2.745197535722324389e+00
4.913749764221599889e+02,4.846706752790854141e-10,-3.071402058750043957e-07,6.806740128330436644e-05,-6.147969243351562516e-03,2.957261292407775133e-01,3.239912099113087862e+00
4.915888403967400109e+02,4.365017229258429328e-10,-2.876012631470720082e-07,6.700725723713586604e-05,-6.561596762437425963e-03,3.521773867245942546e-01,1.276349739002612393e+00
4.918026876960000209e+02,4.758319805952212089e-10,-3.104156022659394708e-07,7.160149484144766525e-05,-6.927203868530196380e-03,3.605602335638090072e-01,1.372229232021276335e+00
4.920165183199400190e+02,2.937224174997117900e-10,-1.977005068490019408e-07,4.640377476401143307e-05,-4.457297780368121506e-03,2.565872191992012996e-01,2.813186725804244226e+00
4.922303322685600051e+02,5.312134749458943645e-11,-2.804580246820949696e-08,3.922594398828371693e-06,-7.635845988512472227e-05,1.117115093998111985e-01,1.736955785441415934e+00
4.924441295418599793e+02,1.218744365289467593e-10,-6.166364448580217566e-08,8.723101635858149057e-06,-1.380447812766042923e-04,8.442355693885307544e-02,2.864035153527111799e+00
4.926579101398399985e+02,7.032211854264532313e-11,-3.755471010783640772e-08,5.437293526786187220e-06,1.998864533691829381e-04,2.487594351164080023e-02,3.550418093445040668e+00
4.928716740625000057e+02,2.549706611405095902e-10,-1.576948109435084474e-07,3.249626106199709515e-05,-2.400712080747131796e-03,1.303830327690531643e-01,2.008724759538333515e+00
4.930854213098400010e+02,3.400381007786702029e-10,-2.276788021493127510e-07,5.361811189266130862e-05,-5.242383722780543515e-03,2.921121637679227612e-01,2.229950592989076164e+00
4.932991518818599843e+02,2.790577532820196356e-10,-1.700573247725064980e-07,3.475269852773270850e-05,-2.550607604243942082e-03,1.276610466344530181e-01,2.336128429764265935e+00
4.935128657785600126e+02,1.640739666618840093e-10,-7.690542799358785823e-08,9.074569592215376898e-06,2.333647997051848961e-04,4.464009681157826009e-02,5.405320124605432763e-01
4.937265629999400289e+02,1.764431429427671136e-10,-1.185079446591852198e-07,2.715710625289470122e-05,-2.435676061756662618e-03,1.717040850067682867e-01,2.291872345301747549e-01
4.939402435459999765e+02,6.244133722291116074e-11,-3.771459395071748587e-08,7.720582300105256540e-06,-7.694997983235791041e-04,1.692362959085295104e-01,-1.959309172937680754e-01
4.941539074167399690e+02,2.740580793416846500e-11,-5.770111305635457067e-09,-3.106402667722870262e-06,9.141918800090688326e-04,5.141178216355259123e-02,2.486677823307366531e+00
4.943675546121600064e+02,3.787934782430080824e-10,-2.364081246260948931e-07,5.096339814203442348e-05,-4.338844105248865733e-03,2.160111166078649558e-01,6.590584766593039490e-01
4.945811851322600319e+02,2.918935667584085740e-10,-1.959970273648843998e-07,4.597506808286685830e-05,-4.391152814513452074e-03,2.464440403412674618e-01,3.017033682189988575e+00
4.947947989770399886e+02,3.687164462639312817e-10,-2.510747991947326914e-07,6.113729575260271369e-05,-6.403314730670356912e-03,3.757460842755652730e-01,-2.097223168654324954e-01
4.950083961464999902e+02,3.266575260061677361e-10,-2.014813620597918628e-07,4.244108855890955023e-05,-3.400279714532436666e-03,1.689135239615348338e-01,1.415945809664127086e+00
4.952219766406399799e+02,1.575360538969000433e-10,-9.815423556380561610e-08,1.945096346359817034e-05,-1.117826481470807600e-03,6.888098006601885148e-02,2.965188692257204384e+00
4.954355404594600145e+02,2.107239755054406201e-10,-1.421939886120030547e-07,3.327284887267450714e-05,-3.164758162109635765e-03,2.111303661323062630e-01,2.520409811039748149e+00
4.956490876029599804e+02,2.767098055353730873e-10,-1.873692233070344649e-07,4.429812753236685738e-05,-4.279591073917903173e-03,2.481215913215625846e-01,2.743316452331689970e+00
4.958626180711399911e+02,2.268106652908756124e-10,-1.474207541571178236e-07,3.285764436949512019e-05,-2.875336224234810011e-03,1.812583282395969220e-01,2.163110812311329068e-01
4.960761318639999899e+02,4.036011143354126306e-10,-2.606574498818417300e-07,5.972491625043062222e-05,-5.754605629707095805e-03,3.139962100628159725e-01,1.482714626844231054e+00
4.962896289815400337e+02,1.376781664569639588e-10,-8.421323585691629301e-08,1.585235523136781300e-05,-7.204156379767576515e-04,5.323223353189291546e-02,3.100042970241450480e+00
4.965031094237599518e+02,3.226623422834143812e-10,-2.145661850734064161e-07,5.173003640657785387e-05,-5.528426757428051182e-03,3.638460441214348418e-01,-1.404931542980259795e+00
4.967165731906599717e+02,2.751268171323319168e-10,-1.926628536855972875e-07,4.792116328007707846e-05,-5.092211495979963830e-03,3.222079088651594869e-01,4.579017964619853109e-01
4.969300202822400365e+02,3.150820711926434620e-10,-2.183436559855771555e-07,5.356500922112900049e-05,-5.569584535681076573e-03,3.339147712323971562e-01,5.174602537786047174e-01
4.971434506985000326e+02,3.353241934306502946e-11,-1.392149670497019798e-08,-1.660052175856902410e-06,1.247307951093161709e-03,-4.269157345578075691e-02,4.608586244349440975e+00
4.973568644394399598e+02,1.888568177856454689e-10,-1.239663012083230349e-07,2.735386433231663336e-05,-2.243068210558188044e-03,1.437745740103206216e-01,1.228017706546494114e+00
4.975702615050599888e+02,2.418943805047683567e-10,-1.587188432540697490e-07,3.619025121487084984e-05,-3.355075398247154769e-03,2.142619497670737727e-01,2.648998345202277616e+00
4.977836418953600059e+02,4.628732894150530771e-11,-2.471871848141278755e-08,1.663927263267826069e-06,8.010848806913204107e-04,-1.873964869861374782e-02,4.368040693911328987e+00
4.979970056103400111e+02,3.492406093989371216e-10,-2.155838926410843360e-07,4.576854351719668274e-05,-3.794522256337520914e-03,1.941811357030774898e-01,9.058296211567137268e-01
4.982103526500000044e+02,1.495408508276672477e-10,-9.960448623507531923e-08,2.176072502415157063e-05,-1.639978032914561103e-03,1.114004570102671704e-01,2.045263665902533390e+00
4.984236830143399857e+02,3.453233242006524411e-10,-2.244963358364014115e-07,5.073841238785147521e-05,-4.618865164998452177e-03,2.425863930602358831e-01,3.450594074053719762e+00
4.986369967033600119e+02,2.809442603242917307e-10,-1.894342136313914937e-07,4.444383693702244051e-05,-4.242673211399896477e-03,2.436126548274566150e-01,3.095550610777808132e+00
4.988502937170600262e+02,1.220375582746003097e-10,-8.256265620880847674e-08,1.852567320961851367e-05,-1.546340046830820903e-03,1.362637394810865543e-01,7.656399497445086633e-01
4.990635740554399717e+02,2.676283880696889949e-10,-1.893317663029091090e-07,4.779588477358782202e-05,-5.232156477881729807e-03,3.444792901487296333e-01,-1.509768441775288239e-01
4.992768377185000190e+02,3.174073391810682216e-10,-2.150086218656930481e-07,5.128171091902305128e-05,-5.100915370104429011e-03,2.925048330799391860e-01,2.229603900200142430e+00
4.994900847062399976e+02,1.198210725276828415e-10,-7.702350198899699779e-08,1.555273372710255645e-05,-9.154455193834078923e-04,7.950300759141411266e-02,2.560076123564671846e+00
4.997033150186600210e+02,3.721914484221379176e-11,-1.542156891669273036e-08,-1.480043721084067287e-06,1.212974391716383632e-03,-3.640268123423460317e-02,4.668994013604812920e+00
4.999165286557599757e+02,2.880377436070729348e-10,-1.827309415550292918e-07,4.032995366282175997e-05,-3.607421009558078699e-03,2.156436504406085419e-01,3.101037361247765745e+00
5.001297256175399752e+02,1.866103575214726574e-10,-1.199430148202813723e-07,2.551321457977864308e-05,-1.928338916896208408e-03,1.220625886561951257e-01,2.158081388814861779e+00
5.003429059040000197e+02,1.832630223127898397e-10,-1.213418311946993618e-07,2.698234979658306677e-05,-2.252575650916631943e-03,1.484706529305988287e-01,1.509733816541114049e+00
5.005560695151399955e+02,2.804668339778717132e-10,-1.695331277260535848e-07,3.450514255073355570e-05,-2.544656475585036805e-03,1.305070918450867146e-01,2.433025208738500478e+00
5.007692164509599593e+02,1.718212223482566883e-10,-9.227371753447906231e-08,1.399335222246673489e-05,-9.293402847941309756e-05,5.067945932088772400e-03,1.390634820602019595e+00
5.009823467114599680e+02,3.359087166279667137e-10,-2.312312251638006442e-07,5.641768201591725105e-05,-5.846105196208525000e-03,3.423283541285767617e-01,1.098555214973398364e+00
5.011954602966400216e+02,5.398705303891847864e-12,1.981433092356435076e-09,-4.622591880181693424e-06,1.423148461393867288e-03,-4.212112218691434207e-02,1.812233313434479243e+00
5.014085572065000065e+02,1.478124750582800620e-10,-9.525604920434915543e-08,1.976140528784569594e-05,-1.333204453634178124e-03,9.575852721141575596e-02,2.648067032541135291e+00
5.016216374410399794e+02,2.418350114514601962e-10,-1.644188254541886867e-07,3.871838040463065141e-05,-3.679460604713114067e-03,2.209438724511306740e-01,3.505071916044909752e+00
5.018347010002599973e+02,2.978452917781803588e-10,-2.023011496593930908e-07,4.826265708358097974e-05,-4.805950193071950594e-03,2.834526493222505050e-01,2.313628862198738645e+00
5.020477478841600032e+02,2.303837822813083218e-11,-7.997695661504965274e-09,-2.764833242097029606e-06,1.298794641149960414e-03,-3.992177643320028030e-02,1.816254631256720931e+00
5.022607780927399972e+02,2.920628471560059206e-10,-1.726754945913825696e-07,3.370886510200651361e-05,-2.232687861242240411e-03,1.005093749861597774e-01,3.392882483201404842e+00
5.024737916259999793e+02,1.757147487571481487e-10,-1.170604852466164382e-07,2.621786681245236181e-05,-2.206841202643619951e-03,1.467596568560481929e-01,1.587623236897560242e+00
5.026867884839400062e+02,1.769843642345809557e-10,-1.052585047087852626e-07,1.954528145850462851e-05,-9.493738969995193589e-04,5.374423400765149933e-02,3.760834081046394051e+00
5.028997686665600213e+02,6.316269953068574062e-11,-3.210435865821426429e-08,2.259284217413887763e-06,8.699174008883377163e-04,-2.644192944407435311e-02,1.676095417950331790e+00
5.031127321738600244e+02,1.594505645342551151e-11,-1.207929267433171746e-09,-4.804854905156633061e-06,1.528558815029946918e-03,-4.839959337982601556e-02,1.772472803845039468e+00
5.033256790058399588e+02,1.715522548063588356e-10,-1.101368714851921295e-07,2.320906797236962625e-05,-1.678305998550494189e-03,1.064625504544401274e-01,2.612536426992192684e+00
5.035386091624999949e+02,1.930551102056740242e-10,-1.240331832293827012e-07,2.634826363370872126e-05,-1.947971943196091273e-03,1.108009988635847709e-01,2.716340151011508830e+00
5.037515226438400191e+02,2.589307696819281905e-10,-1.656248232707780853e-07,3.588059357429601999e-05,-2.939397863995849101e-03,1.590999441794888891e-01,1.808011740069084494e+00
5.039644194498600314e+02,9.212632759482515397e-11,-4.950919268538272302e-08,6.086736480665018144e-06,4.992137696887341677e-04,-1.361807416350416765e-02,1.593276324662057597e+00
5.041772995805599749e+02,7.478932554636076822e-11,-3.904893213828064918e-08,3.854356450477420054e-06,6.981201660816586160e-04,-1.966722758984649697e-02,1.492383253969802315e+00
5.043901630359400201e+02,7.307037258593714246e-11,-3.815452179268609843e-08,3.738061522330265999e-06,7.075817971701338187e-04,-2.208319502219354205e-02,1.577680441300678638e+00
5.046030098159999966e+02,1.492232144468865847e-10,-8.428269215139571312e-08,1.342898817506225573e-05,-1.185949260212597507e-04,2.866614589508229092e-03,1.449137506508193951e+00
5.048158399207400180e+02,9.106890466142345603e-11,-4.737040770188133223e-08,5.161059440351953049e-06,6.526089534124472407e-04,-2.376053342154246101e-02,1.598066687571026101e+00
5.050286533501599706e+02,-1.184325048253409592e-10,9.261144699838386259e-08,-2.766304222548782179e-05,3.680906385754413937e-03,-8.659999234841055105e-02,1.717530510839688551e+00
5.052414501042599682e+02,3.397749297563243232e-10,-2.237952352337740048e-07,5.153272119392887044e-05,-4.856524172938894192e-03,2.606968848112001247e-01,2.999174420833894406e+00
5.054542301830400106e+02,2.494570901034877369e-10,-1.605730095447552086e-07,3.497423537598821192e-05,-2.842706495505785674e-03,1.481984505616097680e-01,2.037164252692854838e+00
5.056669935865000411e+02,1.127029386920934741e-10,-6.304862696053138265e-08,9.224647956699990201e-06,2.210706977395119699e-04,-9.001093400126397234e-03,1.464740314863390624e+00
5.058797403146400029e+02,2.383198987883941039e-10,-1.568308618186858600e-07,3.569883370094851697e-05,-3.251518785280336533e-03,1.966110822108683709e-01,3.043662635769835978e-01
5.060924703674600096e+02,2.532853905562768421e-10,-1.605490707543905778e-07,3.414680376051999506e-05,-2.630776155113528393e-03,1.298585804244474506e-01,2.421629755091427416e+00
5.063051837449600043e+02,8.746029752664814830e-11,-4.468551286878222931e-08,4.556184119694711209e-06,7.145977757165004494e-04,-2.998344638656635919e-02,1.716548398170202994e+00
5.065178804471400440e+02,2.130745698905848999e-10,-1.330969013225223287e-07,2.714903854476199388e-05,-1.818030020453396782e-03,8.940999655959103176e-02,2.959725115686396624e+00
5.067305604739999580e+02,1.676075151306410772e-10,-9.162269236952936664e-08,1.417186355210839706e-05,-8.339877326932753374e-05,-6.813736626238521034e-03,1.501126023894639117e+00
5.069432238255399739e+02,3.524302359531776986e-10,-2.335797988886180162e-07,5.422190190401800978e-05,-5.146080167573246870e-03,2.671393146883509484e-01,3.132827638235195611e+00
5.071558705017600346e+02,6.103814460064351914e-11,-2.885077115576016524e-08,1.250911554765829111e-06,1.001731035150985700e-03,-4.009304647618183032e-02,1.714586350847168594e+00
5.073685005026600265e+02,8.499147833296058740e-11,-4.279135656432241012e-08,3.875302458630324017e-06,8.385903807578972769e-04,-3.903278877704211697e-02,1.761500503205309487e+00
5.075811138282400066e+02,6.007670626374767498e-11,-2.775812323187832555e-08,7.142208718169572247e-07,1.115090960117732068e-03,-4.855485449858431418e-02,1.852584796663983457e+00
5.077937104784999747e+02,5.297869596130635628e-11,-2.351253950609929959e-08,-5.535091561540735397e-08,1.142558742658334467e-03,-4.576291644713045143e-02,1.789273895610878684e+00
5.080062904534399877e+02,4.615738796372578748e-11,-1.802918116034444233e-08,-1.623447233881123605e-06,1.332066259496230516e-03,-5.440962012630133626e-02,1.833841817417135145e+00
5.082188537530600456e+02,6.944897624536077556e-11,-3.281030730280527485e-08,1.615454075694277744e-06,1.049685263147225435e-03,-4.601542610162718400e-02,1.798594538404282295e+00
5.084314003773599779e+02,5.824672250103898798e-11,-2.561557933484250750e-08,-8.125481109510142947e-08,1.227261054865701065e-03,-5.344479016159452839e-02,1.870570922588290275e+00
5.086439303263400120e+02,4.617517694690087596e-11,-1.852882677537498642e-08,-1.417007299841342213e-06,1.308891140776701888e-03,-5.381363636063860034e-02,1.836231995683869966e+00
5.088564436000000342e+02,2.149978203496755491e-10,-1.446318083291597952e-07,3.385818923991562156e-05,-3.236918685560209383e-03,2.105570412645856593e-01,2.721776660973890483e+00
5.090689401983400444e+02,1.205961590618476369e-10,-8.036923552392374796e-08,1.799728555842406531e-05,-1.531234703546232364e-03,1.363366610767577924e-01,4.168158613471826812e-01
5.092814201213599858e+02,2.176892811785657844e-11,-3.383367622009654135e-09,-4.780775238107891876e-06,1.629209132881560091e-03,-6.592173283642632775e-02,1.959616536895262051e+00
5.094938833690599722e+02,1.854825353531527088e-11,-1.044609196852955923e-09,-5.476296496399232440e-06,1.721783657288277359e-03,-6.997204549979685329e-02,1.988810003800299375e+00
5.097063299414400035e+02,1.572679982916618011e-10,-9.982895513575217943e-08,2.073087058961946817e-05,-1.442769619991361631e-03,9.710547814758274665e-02,2.290892385264228448e+00
5.099187598385000229e+02,1.109008150668911993e-10,-6.608788868527527041e-08,1.146168841650132768e-05,-2.641622926309058041e-04,3.033667504765276760e-02,3.574377984349112580e+00
5.101311730602399734e+02,1.480947219160048248e-11,2.093110375185059885e-09,-6.289545101012263031e-06,1.789650687303274675e-03,-6.994201201053157346e-02,1.914567356755494165e+00
5.103435696066599689e+02,1.343549575432351940e-12,8.139101920849779207e-09,-6.963476560733528842e-06,1.777502082378787634e-03,-6.682984065725994238e-02,1.902549588988419416e+00
5.105559494777600094e+02,3.662326074866303260e-12,7.205465854721635711e-09,-6.957339468921512439e-06,1.806039476928227331e-03,-6.928106660718597043e-02,2.000240597063396741e+00
5.107683126735400378e+02,1.618060424450228378e-11,-7.895091445605125430e-10,-5.179495105802909786e-06,1.646536443677392662e-03,-6.438368740563607528e-02,1.980361112288538727e+00
5.109806591939999976e+02,3.417447137488313193e-11,-1.146273545640551860e-08,-2.921767145772078853e-06,1.440731505132872813e-03,-5.700265225426837806e-02,1.921172146405240255e+00
5.111929890391400022e+02,1.303375245263060769e-10,-8.825092913198225958e-08,2.020111734909792607e-05,-1.784715977787202420e-03,1.459146422503985463e-01,6.929296870458736546e-01
5.114053022089599949e+02,-7.475591997811438023e-12,1.433874243583623601e-08,-8.562178367634702046e-06,1.942633363219729284e-03,-7.080423328217448631e-02,1.878245789193755844e+00
5.116175987034600325e+02,1.671308026712117594e-10,-1.107094602699580327e-07,2.468939776706101215e-05,-2.070712639110183773e-03,1.413846236441969051e-01,1.376358370092592764e+00
5.118298785226400582e+02,1.763100526498195513e-11,-8.716511073213159651e-10,-5.296087224969793671e-06,1.647313873311270381e-03,-6.140187136939175006e-02,1.918850532016087573e+00
5.120421416665000152e+02,-1.437766349567718315e-11,1.834545037418325746e-08,-9.357349450873217052e-06,2.007199557626406297e-03,-7.317535140215530864e-02,2.008721699549527617e+00
5.122543881350399033e+02,-8.301750102510147726e-12,1.408543224379604255e-08,-8.258397328582744309e-06,1.880807684940313850e-03,-6.736296954430123773e-02,1.962561450494609838e+00
5.124666179282600069e+02,-1.208316646013055616e-11,1.670104457406974344e-08,-8.890296411065061485e-06,1.940738535640871947e-03,-6.904577494170484331e-02,1.985521668977469290e+00
5.126788310461599849e+02,8.027044467289622776e-12,2.489251882327157221e-09,-5.329397978355595688e-06,1.565367167655367904e-03,-5.398897182178331866e-02,1.858556888936985674e+00
5.128910274887400647e+02,9.967513128051616370e-11,-6.264464303090420038e-08,1.168633387913930812e-05,-4.174244845795695657e-04,4.434430158869247240e-02,3.454794225583427636e+00
5.131032072560000188e+02,-8.299010073522205726e-12,1.352966624611038802e-08,-7.952964990608611147e-06,1.818076734938182861e-03,-6.228967284486062322e-02,1.919668839165414864e+00
5.133153703479399610e+02,-9.697510502635206217e-13,8.042796786970834352e-09,-6.504112628524971303e-06,1.661509687555101644e-03,-5.644749767714442312e-02,1.911951299057939924e+00
5.135275167645600050e+02,1.832712812617130056e-10,-1.226933125438301112e-07,2.792326010436009157e-05,-2.458129274527261036e-03,1.606268070145574767e-01,1.203549106632780141e+00
5.137396465058600370e+02,-3.579208790750831682e-12,8.992810270888204469e-09,-6.471894446639655776e-06,1.619728022788483523e-03,-5.239229983142444647e-02,1.823790457159928824e+00
5.139517595718399434e+02,1.595795108510973974e-11,-1.095618336635196602e-09,-4.807018800146725061e-06,1.517395842010747743e-03,-4.935665012742996433e-02,1.778161305047772700e+00
5.141638559625000653e+02,1.251226002585347980e-11,-5.254360715878174043e-10,-4.538380080701021604e-06,1.456951245974517613e-03,-4.684732146002314884e-02,1.792732784494504905e+00
5.143759356778399479e+02,3.610470840174574594e-11,-1.620117198713074638e-08,-8.069118762937897180e-07,1.081017015470955986e-03,-3.292283195561607201e-02,1.706008594509144993e+00
5.145879987178600459e+02,1.291493718039893665e-11,-5.273677266783626030e-10,-4.553077398172257744e-06,1.452063871072494265e-03,-4.636455237089029402e-02,1.793888141865650487e+00
5.148000450825600183e+02,4.262474208579079280e-11,-1.945557505271758611e-08,-2.954088312934371648e-07,1.049883023361293521e-03,-3.185322273737640347e-02,1.685434629460370148e+00
5.150120747719399787e+02,2.258080843641603443e-11,-7.931536898258752485e-09,-2.573766792231856271e-06,1.232615874184742879e-03,-3.695930923346499308e-02,1.655659774887211055e+00
5.152240877860000410e+02,1.918391951714445499e-11,-5.197382854432977302e-09,-3.347167641042669014e-06,1.320744738097391147e-03,-4.073636994280004781e-02,1.738129291673227828e+00
5.154360841247399776e+02,1.911365093723198417e-11,-5.814217072325664805e-09,-2.955199284187576759e-06,1.255854032583171012e-03,-3.898741771272595108e-02,1.772899830114303521e+00
5.156480637881599023e+02,7.634735059230881222e-11,-4.108345156695068986e-08,4.552757759583068294e-06,6.100111836348367589e-04,-1.894176024805293776e-02,1.663312879007192047e+00
5.158600267762600424e+02,6.468744836700868854e-11,-3.434870528564457735e-08,3.256274805284481985e-06,7.024812381547735967e-04,-2.054088337068743497e-02,1.629452217716530038e+00
5.160719730890399433e+02,5.752857961055931735e-11,-2.981875276812370619e-08,2.308635625754260145e-06,7.734455297889446940e-04,-2.195148050342503321e-02,1.588968076302167187e+00
5.162839027265000595e+02,2.435680070769946033e-10,-1.582000569292443952e-07,3.492274581284068695e-05,-2.948234007558265743e-03,1.617635945810415310e-01,1.793559294768013679e+00
5.164958156886400502e+02,7.899488200160390713e-11,-4.264467603690120044e-08,5.065159113680435575e-06,5.137365217767522188e-04,-1.220252036606443366e-02,1.478925513217243415e+00
5.167077119754599153e+02,7.443235876147539404e-11,-3.992423389192479896e-08,4.443197043956514969e-06,5.823307804082086944e-04,-1.535046601907252492e-02,1.470677949696297393e+00
5.169195915869599958e+02,8.025235616389037768e-11,-4.380164683361909235e-08,5.399528641890859025e-06,4.835673345145740406e-04,-1.280945119102478574e-02,1.519939680470762999e+00
5.171314545231399507e+02,7.924871215100433208e-11,-4.316103308697140321e-08,5.313661528801768182e-06,4.757153259416327146e-04,-1.145540046833054028e-02,1.519808694944936533e+00
5.173433007840000073e+02,6.208759835564671652e-11,-3.245540672623503639e-08,2.904935609043161647e-06,7.204409512017636566e-04,-2.287326800986325473e-02,1.609021609151619625e+00
5.175551303695400520e+02,4.193454648262197100e-10,-2.874921763677573478e-07,7.032107354933287682e-05,-7.346248679368440511e-03,3.997997736189312090e-01,5.375666954524216390e-01
5.177669432797599711e+02,2.608102684588129182e-10,-1.736286621948404649e-07,4.005925178272699578e-05,-3.718056917093629735e-03,2.114486399712181552e-01,4.981585972682643915e-01
5.179787395146601057e+02,2.566850580800102319e-10,-1.685938120315869840e-07,3.802868815010429200e-05,-3.356074059291105569e-03,1.822241420032597314e-01,1.330295780687248852e+00
5.181905190742400009e+02,1.046206948162026427e-10,-5.677929442376410122e-08,7.516956015797339631e-06,4.010084400666637803e-04,-1.767436997136952875e-02,1.606680237807204703e+00
5.184022819584999979e+02,1.166218523956417696e-10,-6.444175796412263364e-08,9.298596120862514708e-06,2.306167755150239458e-04,-1.314286153335907439e-02,1.587289961291212803e+00
5.186140281674400967e+02,1.046427385301989820e-10,-5.803218006429751424e-08,8.128490511919328232e-06,3.149464675534394088e-04,-1.465471101056218042e-02,1.559200923529828975e+00
5.188257577010599562e+02,9.991155436131179303e-11,-5.315802953866201792e-08,6.540007843291466399e-06,5.168683964029082995e-04,-2.382506195273948260e-02,1.644140097780037335e+00
5.190374705593599174e+02,9.963369255301535443e-11,-5.396185642857882971e-08,7.017485814189173522e-06,4.360734729260299183e-04,-1.968072921218889590e-02,1.621449855709765631e+00
5.192491667423399804e+02,1.231696602343757172e-10,-6.905025118084135905e-08,1.038555983384584754e-05,1.361600083567969413e-04,-1.138722960145308570e-02,1.634039074602997355e+00
5.194608462500000314e+02,1.120595427159176268e-10,-6.175542537883497537e-08,8.711189338882244736e-06,2.989231343990975749e-04,-1.839907740224416832e-02,1.742033830532363714e+00
5.196725090823400706e+02,9.690129041433096026e-11,-5.163853020752066905e-08,6.370656477481048894e-06,5.144042673533661065e-04,-2.513175750552661472e-02,1.765766396229019763e+00
5.198841552393599841e+02,9.653085183479298303e-11,-5.016910341915526694e-08,5.584045609672633083e-06,6.604289959690806591e-04,-3.416492961006392659e-02,1.857917173201400374e+00
5.200957847210599994e+02,1.017209164049275257e-10,-5.428592258082783838e-08,6.755412780296403859e-06,5.198107097571869409e-04,-2.811795670464975819e-02,1.802954295817833064e+00
5.203073975274400027e+02,2.175401534049011199e-10,-1.433585201631640486e-07,3.253042785073875364e-05,-2.939005766164807989e-03,1.836829091950480386e-01,2.946657793720475205e-01
5.205189936584999941e+02,7.687449641123543875e-11,-3.916658437329978356e-08,3.630092672440898305e-06,7.638464937701042222e-04,-3.298334472421421415e-02,1.795323026069196359e+00
5.207305731142399736e+02,9.219358689949854092e-11,-4.885046388743890968e-08,5.789713674482752949e-06,5.716006869637617165e-04,-2.856785568868791189e-02,1.826390302163835910e+00
5.209421358946600549e+02,8.947541584522893780e-11,-4.623161428522930162e-08,4.833766011617164134e-06,7.238359504330397088e-04,-3.726593194928173869e-02,1.933501280195355054e+00
5.211536819997600105e+02,6.172432007178898313e-11,-2.773595292117298237e-08,5.998976031995881256e-07,1.106616737942246308e-03,-4.907204402071433519e-02,2.018060648764496978e+00
5.213652114295400679e+02,1.983124587911522910e-10,-1.066876604996661448e-07,1.660163356497629928e-05,-2.394428035567933459e-04,-5.890170843628683532e-03,1.637453599049004893e+00
5.215767241839999997e+02,8.002432095243064457e-11,-3.838170821397494726e-08,2.661443197477103951e-06,9.541232473577050373e-04,-4.474008573483907042e-02,1.971820344845137019e+00
5.217882202631399196e+02,8.422711020708444841e-11,-4.068631746941541851e-08,3.113738898026186666e-06,9.081730661359332848e-04,-4.148420700969204788e-02,1.844590971505859711e+00
5.219996996669600549e+02,7.017551939743843036e-11,-3.298530523849278221e-08,1.717741924156071451e-06,9.976792701010021251e-04,-4.217592734665478321e-02,1.851125495415042010e+00
5.222111623954599509e+02,4.710235857916405268e-11,-1.922309689796345711e-08,-1.147263732713558504e-06,1.248487170193325092e-03,-5.140563227963666076e-02,1.997326312052402741e+00
5.224226084486399486e+02,7.159896625064255097e-11,-3.366052169135709503e-08,1.753172896152141032e-06,1.019550352810252294e-03,-4.560458286012682161e-02,2.035156311112885419e+00
5.226340378265000481e+02,6.332514872112281656e-11,-2.948768799166823872e-08,1.136247685852665604e-06,1.041253767910472854e-03,-4.532567698758661195e-02,2.043664874494627970e+00
5.228454505290400220e+02,5.458649848103282655e-11,-2.385689049691907944e-08,-2.725647396013620378e-07,1.209942760382478211e-03,-5.373932447419594444e-02,2.140781729795879773e+00
5.230568465562600977e+02,5.359792104042588977e-11,-2.347874448362712539e-08,-1.886525710997151215e-07,1.167432315391682537e-03,-5.016204931666784494e-02,2.114139132957450595e+00
5.232682259081600478e+02,3.068499394189128412e-11,-8.716316418154854242e-09,-3.537403090133027573e-06,1.474984581804592064e-03,-5.905297859492276286e-02,2.125407378616079868e+00
5.234795885847399859e+02,3.930579914383514357e-11,-1.346315514633576542e-08,-2.716027885019485735e-06,1.431496215767700348e-03,-5.880669787959057898e-02,2.138448161239461243e+00
5.236909345860000258e+02,2.344726468042236508e-11,-3.297022510858285983e-09,-4.956199779481395316e-06,1.629545098614230102e-03,-6.550362303926297869e-02,2.224144521048003309e+00
5.239022639119400537e+02,1.326230253482505259e-11,2.535175815229334581e-09,-6.166655750999576348e-06,1.741601940454034266e-03,-6.936373015408900389e-02,2.218053875288528598e+00
5.241135765625599561e+02,2.770264666917091861e-11,-6.672497411633186753e-09,-4.053535689258231968e-06,1.528735239214516284e-03,-6.030495120762138783e-02,2.097381318981454523e+00
5.243248725378600739e+02,1.811352171489784587e-11,-8.664176562268964007e-10,-5.245358897733393395e-06,1.618835809013232166e-03,-6.164374215350294089e-02,2.119128576014400966e+00
5.245361518378399523e+02,-7.944841562638523667e-12,1.609748450586554011e-08,-9.156053859227284255e-06,1.992139118784767154e-03,-7.437157039147655746e-02,2.217462341239144319e+00
5.247474144625000463e+02,9.468041593412281326e-12,3.566388583903913651e-09,-5.979388062781418367e-06,1.662321423272377459e-03,-6.248850295612044109e-02,2.162244518895983347e+00
5.249586604118400146e+02,-4.373204006428969569e-12,1.238824055772384983e-08,-7.934491862952687950e-06,1.835714254195411040e-03,-6.765309819406692404e-02,2.192766994966543148e+00
5.251698896858599710e+02,-9.943507298408845756e-12,1.631404818940003963e-08,-8.954582385087894643e-06,1.947215126051414936e-03,-7.148720688537467394e-02,2.223559473255062091e+00
5.253811022845600291e+02,-9.349574745447148260e-12,1.553064985406109645e-08,-8.677725037497267658e-06,1.913930531376529685e-03,-7.037399858209468506e-02,2.218022316012380646e+00
5.255922982079399617e+02,-9.057565725010352786e-12,1.672371317157536361e-08,-9.285948495217843056e-06,2.004612790943437282e-03,-7.525716993988730563e-02,2.360139527184954567e+00
5.258034774559999960e+02,1.145164653682409408e-11,2.175785931262484674e-09,-5.687428465024790310e-06,1.641270281713085380e-03,-6.193501108198109367e-02,2.258619025267927682e+00
5.260146400287400184e+02,-6.251209674263654756e-12,1.139558614998308700e-08,-7.156634062291220422e-06,1.697357470142462537e-03,-5.884422375929216492e-02,2.147258988225085208e+00
5.262257859261600288e+02,-1.411047169974470121e-11,1.734898103281550818e-08,-8.708129646515054342e-06,1.857723699004343700e-03,-6.440788082159298877e-02,2.196651164720285543e+00
5.264369151482600273e+02,-2.676462310736292495e-11,2.445716037342541669e-08,-1.001833443258351913e-05,1.941583068749709031e-03,-6.527269743913770295e-02,2.190429899734186225e+00
5.266480276950400139e+02,-2.227438255535388704e-11,2.075148354503714077e-08,-8.982916331846645062e-06,1.826855054978423782e-03,-6.096765820197502100e-02,2.168868330370864683e+00
5.268591235664999886e+02,8.080540921526517498e-12,3.238983232420233312e-09,-5.544669475782727853e-06,1.561905783717590975e-03,-5.441326474560952836e-02,2.165255064683028863e+00
5.270702027626400650e+02,1.792687648110553686e-11,-3.050171681402833036e-09,-4.144673287057721564e-06,1.433876775180273214e-03,-5.014675366169574905e-02,2.138827443890610081e+00
5.272812652834600158e+02,-1.120779085692934726e-11,1.467091917571700489e-08,-7.850510932999331910e-06,1.739146569356334006e-03,-5.807219047543533963e-02,2.191768852670555656e+00
5.274923111289599547e+02,5.586251995679454205e-13,7.194119041056961288e-09,-6.148068355074016422e-06,1.570790465897369372e-03,-5.120138848836047751e-02,2.062320985874912527e+00
5.277033402991399953e+02,1.203242128282861873e-11,-4.345588031779534948e-10,-4.430081704153416158e-06,1.415552397275761159e-03,-4.587766098923987818e-02,2.018015117376392276e+00
5.279143527940000240e+02,-4.909826338477680024e-12,9.532105679724070607e-09,-6.406176491587876571e-06,1.569692987420218426e-03,-5.047154241211374709e-02,2.099023725555261954e+00
5.281253486135400408e+02,2.713214536766694311e-11,-1.026123632923197811e-08,-2.117789633441524664e-06,1.184108625469585969e-03,-3.784887296488354674e-02,2.041111868186165523e+00
5.283363277577600456e+02,-2.388493301674911837e-12,8.531827301540519110e-09,-6.335316924887279843e-06,1.576630448100989563e-03,-5.120619312679034613e-02,2.098239946429327762e+00
5.285472902266599249e+02,1.695092765075144613e-11,-4.614690326596895763e-09,-3.181868399556428026e-06,1.267595929016583113e-03,-4.087550387939065805e-02,2.037358362542027734e+00
5.287582360202400196e+02,1.637950267517853910e-11,-3.995496577850189198e-09,-3.333577476366506682e-06,1.271532875667431275e-03,-3.972878440507153497e-02,1.988775459692322833e+00
5.289691651384999886e+02,2.852188603835655107e-11,-1.059149082458484306e-08,-2.182761494930074322e-06,1.199801461700400690e-03,-3.793860670802594315e-02,1.954948511877996786e+00
5.291800775814399458e+02,2.870581706890069983e-11,-1.261528354328728311e-08,-1.148867187587114961e-06,1.030834459722499005e-03,-2.951793659618862434e-02,1.925008597615690320e+00
5.293909733490600047e+02,4.666701400595362011e-11,-2.494266835600944042e-08,1.832676400030928760e-06,7.365607095531231073e-04,-1.962817200703935450e-02,1.828516328878247998e+00
5.296018524413599380e+02,3.482884240732403953e-11,-1.740603461671618026e-08,1.368228614528124902e-07,8.993629550664040137e-04,-2.611014653683652390e-02,1.886193171562281501e+00
5.298127148583399730e+02,3.393564034272158607e-11,-1.543646427691425019e-08,-6.871963732655749362e-07,1.015074217846712815e-03,-3.091127037000297381e-02,1.920529971422778370e+00
5.300235605999999962e+02,2.725029233910696387e-11,-1.116844146416296370e-08,-1.617532116925899132e-06,1.095314018112016671e-03,-3.357084279395784743e-02,1.911742133245466269e+00
5.302343896663400074e+02,4.870562527143913088e-11,-2.591478850585024599e-08,1.962831166734571802e-06,7.315486449658066158e-04,-1.978851609919621973e-02,1.807589503053811164e+00
5.304452020573600066e+02,6.848098137243460360e-11,-3.827269035559099753e-08,4.604228380815890016e-06,5.141031508864385641e-04,-1.475317092052385801e-02,1.750408759946210813e+00
5.306559977730599940e+02,4.078353034570535358e-11,-2.084720433137955176e-08,8.604777079158998825e-07,8.367893135691598962e-04,-2.572365420480329443e-02,1.889296225864242951e+00
5.308667768134399694e+02,3.012984684552939646e-11,-1.303181534561376432e-08,-1.125115464734069473e-06,1.035974323645901581e-03,-3.206828878482663459e-02,1.908613983135007963e+00
5.310775391785000465e+02,7.571409091146581771e-11,-4.198599403713946417e-08,5.304606272953468448e-06,4.577854809096352433e-04,-1.515749619941337244e-02,1.885142079383598013e+00
5.312882848682399981e+02,6.311890774944841473e-11,-3.334329048934262267e-08,3.196909608875812544e-06,6.695094003431943490e-04,-2.203907077134458631e-02,1.870435020235214907e+00
5.314990138826600514e+02,8.388218853077916319e-11,-4.648910382901297973e-08,6.084247567014316960e-06,4.148155345316863478e-04,-1.469281915718475932e-02,1.781879663564651217e+00
5.317097262217599791e+02,9.399397798057680298e-11,-5.561895041103832890e-08,8.799446841615410900e-06,9.798837221489017360e-05,-1.797312213999302782e-03,1.661980875299543303e+00
5.319204218855400086e+02,8.395422421310720076e-11,-4.706104523251228255e-08,6.457999637846337637e-06,3.369121648135079230e-04,-9.572658123748188294e-03,1.730870011342390491e+00
5.321311008740000261e+02,6.778790556773018380e-11,-3.715144489479856008e-08,4.307879743833503052e-06,5.366621212483517782e-04,-1.733412350204213345e-02,1.758608737882244366e+00
5.323417631871400317e+02,8.615688090754155633e-11,-4.850905696711946753e-08,6.682401112066974445e-06,3.519011058621664221e-04,-1.386236666139434477e-02,1.797625003746647909e+00
5.325524088249599117e+02,9.589311113865296797e-11,-5.344835932522632228e-08,7.444416600141634398e-06,3.267803646727129646e-04,-1.620281506237362251e-02,1.851333522498749717e+00
5.327630377874600072e+02,2.562228673474150323e-10,-1.685910324546998469e-07,3.803584926509165278e-05,-3.338928473076816558e-03,1.745009658208583336e-01,1.737205626370174283e+00
5.329736500746399770e+02,1.108295459749213990e-10,-6.356170817747077644e-08,9.904679957719259977e-06,6.575535929026708997e-05,-4.628103103928076813e-03,1.700370576178023452e+00
5.331842456864999349e+02,7.679710102737371612e-11,-4.160184822986678421e-08,4.919723769132042084e-06,5.343967377266956205e-04,-2.066883706278777738e-02,1.794084662905671923e+00
5.333948246230399945e+02,9.244008945548785652e-11,-4.969307259103981450e-08,6.199589169077898972e-06,4.827285693282223466e-04,-2.265506471034208283e-02,1.847329741346583454e+00
5.336053868842599286e+02,8.244016699602904312e-11,-4.440242131745098285e-08,5.197129323691211427e-06,5.749060709303088551e-04,-2.689806785256987701e-02,1.855638357620005952e+00
5.338159324701600781e+02,9.652524281785678286e-11,-5.260057548885003977e-08,6.867123819481787233e-06,4.339401507063858025e-04,-2.268719428155422171e-02,1.838650870074690191e+00
5.340264613807399883e+02,9.271636955444734668e-11,-5.088770324475089811e-08,6.701033241394726322e-06,4.165624093072344686e-04,-1.993286653025655095e-02,1.796004315098954418e+00
5.342369736160000002e+02,1.033025664677152438e-10,-5.601235302580865277e-08,7.441918251744901194e-06,4.024197921583121422e-04,-2.381125622878631914e-02,1.935006429360216496e+00
5.344474691759400002e+02,8.179313019453829461e-11,-4.279808066138249216e-08,4.602848252461651926e-06,6.456826818651069822e-04,-3.023533483551522211e-02,1.932958904897169594e+00
5.346579480605599883e+02,9.703549742504582734e-11,-5.159788748572010190e-08,6.370246230736906593e-06,5.027560925218477498e-04,-2.640903293215177833e-02,1.913224851327312459e+00
5.348684102698600782e+02,1.105211299397153512e-10,-5.892998136461878823e-08,7.637617470467358472e-06,4.360910959907397127e-04,-2.702578816967972711e-02,1.972635988597797319e+00
5.350788558038400424e+02,9.008123640465472980e-11,-4.803712889801309067e-08,5.742827191997889040e-06,5.469512532323587495e-04,-2.748937268296079359e-02,1.906549714609117929e+00
5.352892846624999947e+02,1.051430485044102915e-10,-5.677727059933236237e-08,7.487140721658332299e-06,4.092248454718215383e-04,-2.347628212596014965e-02,1.827696572603753955e+00
5.354996968458400488e+02,6.857475005118816339e-11,-3.247412250583940989e-08,1.856326201165292110e-06,9.334793363553847050e-04,-3.944656471245897023e-02,1.940206410763525957e+00
5.357100923538599773e+02,7.891856586627804352e-11,-3.974656557768606082e-08,3.577064991547612918e-06,7.842138840694615936e-04,-3.686860128678036419e-02,2.031466150406404658e+00
5.359204711865600075e+02,6.915245521582543573e-11,-3.355370463258310658e-08,2.219593048006707737e-06,9.042436479273538007e-04,-4.145307025521750149e-02,2.128454947922875373e+00
5.361308333439400258e+02,6.688033944974280482e-11,-3.118227702000669969e-08,1.469607159127020326e-06,9.951543660605942105e-04,-4.514089928559975734e-02,2.120892692873777463e+00
5.363411788260000321e+02,6.754091065508349096e-11,-3.177788077194360539e-08,1.584128841187002973e-06,9.938186188497291022e-04,-4.531426850169645998e-02,2.131598974054454310e+00
5.365515076327399129e+02,6.709536849549021598e-11,-3.199875172428680641e-08,1.853344745794682822e-06,9.327348600028769138e-04,-4.073892793940449980e-02,2.054322451084421353e+00
5.367618197641600091e+02,5.932767852025241006e-11,-2.661044883540640288e-08,5.026308399459816630e-07,1.074193800090624158e-03,-4.583578344963612494e-02,2.071864135144046326e+00
5.369721152202599797e+02,7.903434566114902816e-11,-3.865594164500025331e-08,3.075682330818780274e-06,8.511881039558622658e-04,-3.947575773882515404e-02,2.082613393684544345e+00
5.371823940010400520e+02,6.690627521322542892e-11,-3.058364806132548786e-08,1.212674205214882279e-06,1.021679239962402326e-03,-4.429004969320359669e-02,2.111390129009910410e+00
5.373926561064999987e+02,6.348618916590218299e-11,-2.879624530749857987e-08,9.003633256897261586e-07,1.041960209870108466e-03,-4.474780650802699655e-02,2.122080473192315075e+00
5.376029015366399335e+02,5.147799141096693186e-11,-2.062706887065577816e-08,-1.112588773634486104e-06,1.255246966937369592e-03,-5.297561187690518619e-02,2.179836981375080196e+00
5.378131302914600838e+02,5.909904363125594864e-11,-2.615715318402768477e-08,3.448972313060294954e-07,1.086882531418005039e-03,-4.515215184709133606e-02,2.112556302801325447e+00
5.380233423709599947e+02,3.659017507462562149e-11,-1.253729860620226898e-08,-2.477388240439449903e-06,1.320295867185143981e-03,-5.218836170409280745e-02,2.211253527298377541e+00
5.382335377751400074e+02,1.663736633350211223e-11,3.375301732623278585e-10,-5.483216967237688989e-06,1.620147274591615238e-03,-6.284905576865343346e-02,2.223453093540652681e+00
5.384437165040000082e+02,3.690704879654526811e-11,-1.188192070978977816e-08,-2.893681539151832329e-06,1.389503420151151549e-03,-5.512220636376051475e-02,2.186317015741051417e+00
5.386538785575399970e+02,2.635852435104910043e-11,-6.699327796667825725e-09,-3.509155007683893294e-06,1.367725613545545289e-03,-5.043236897486916281e-02,2.186732437025119324e+00
5.388640239357600876e+02,3.312272652698075565e-11,-9.186753558055410547e-09,-3.545733015995367691e-06,1.450625363893349572e-03,-5.724834754885545912e-02,2.272200365523552534e+00
5.390741526386600526e+02,1.544011946779769554e-11,-4.689389056691567710e-10,-4.774058169289379427e-06,1.477652838721201954e-03,-5.388160856932346782e-02,2.204838730223014132e+00
5.392842646662400057e+02,1.824338230404166655e-11,-1.022304657294636274e-09,-4.936932534629785696e-06,1.516156698179593840e-03,-5.539188856284230078e-02,2.212130544804841836e+00
5.394943600185000605e+02,1.520514611183356614e-11,-2.332659039559863660e-10,-4.850032227713996528e-06,1.482339166950957018e-03,-5.304646435475584426e-02,2.165789243849300494e+00
5.397044386954399897e+02,9.552739425408140141e-12,3.470339909430656180e-09,-5.732623272132231691e-06,1.570554168905550184e-03,-5.617120087752776325e-02,2.207171684275159418e+00
5.399145006970599070e+02,1.698384132781269763e-11,-5.231297692682612866e-10,-4.998630863235741684e-06,1.515575194007150097e-03,-5.449371932360418114e-02,2.223890838589842378e+00
5.401245460233600397e+02,4.456653198702359836e-12,7.431233403400992420e-09,-6.815716216872801575e-06,1.693541063142898475e-03,-6.136901250089977361e-02,2.306574720236014731e+00
5.403345746743399332e+02,1.127238250313300221e-11,1.410209379182166282e-09,-4.996121647231570098e-06,1.468347593204343124e-03,-5.127913211854564363e-02,2.196880143885683978e+00
5.405445866500000420e+02,6.649659135819131098e-12,4.014112945925759960e-09,-5.463644345088239563e-06,1.489736607229462644e-03,-4.962723657684389722e-02,2.127587329504212921e+00
5.407545819503400253e+02,7.997361432712684718e-12,3.924926994389824807e-09,-5.663416396033922434e-06,1.539325146236888943e-03,-5.339647892846968724e-02,2.187120706874740694e+00
5.409645605753599966e+02,7.141846841347272867e-12,3.967286039814370327e-09,-5.557112886718145095e-06,1.513405679137776834e-03,-5.104169338378840293e-02,2.124498430146664063e+00
5.411745225250600697e+02,5.635270126687537458e-12,4.255021881164533564e-09,-5.426955424551677603e-06,1.480017822290651507e-03,-4.964564280427878618e-02,2.189400342715796199e+00
5.413844677994400172e+02,-1.121932928406453515e-11,1.581444482176998226e-08,-8.219304269295115114e-06,1.754138560790062746e-03,-5.883994014720702465e-02,2.227677349704518583e+00
5.415943963985000664e+02,7.319383795545853768e-13,6.776778958045145317e-09,-5.817497665112247212e-06,1.490583300389093776e-03,-4.820868930390582313e-02,2.110345254135538973e+00
5.418043083222399900e+02,1.302256517740771512e-11,-3.682273466237878445e-10,-4.363089659540358384e-06,1.363591349480601077e-03,-4.393998909615895454e-02,2.133726111781979018e+00
5.420142035706600154e+02,2.565339091534945357e-11,-7.978948732211279976e-09,-2.798554210579531368e-06,1.239912991279294241e-03,-4.131034402155059349e-02,2.163162812658670831e+00
5.422240821437600289e+02,4.997420987624142614e-12,3.598354066439261489e-09,-4.978313454575109262e-06,1.398952117367850646e-03,-4.496302759418549511e-02,2.160171785762122987e+00
5.424339440415400304e+02,-3.644200227276797966e-12,8.414150152620121877e-09,-5.792232198793894665e-06,1.434397413868108853e-03,-4.422490451896046032e-02,2.119196236622556739e+00
5.426437892639999063e+02,1.340328602258384225e-11,-1.418256880613311183e-09,-3.935879644852977572e-06,1.305464305126099404e-03,-4.132694740299058811e-02,2.083644933852151659e+00
5.428536178111399977e+02,5.377338338800700756e-12,3.252301240158914807e-09,-4.822345177037775400e-06,1.359842424654364836e-03,-4.097594672763180818e-02,2.015182803262264510e+00
5.430634296829599634e+02,1.111397205915607888e-12,4.815918182909780490e-09,-4.873054281233248781e-06,1.335893632945451799e-03,-4.000093110189558571e-02,2.042154988680179084e+00
5.432732248794599172e+02,5.390008892785011813e-14,6.779613131458490239e-09,-5.726034788474093962e-06,1.474542228280866125e-03,-4.820811606294200802e-02,2.148575747558569837e+00
5.434830034006399728e+02,-3.334506427612137391e-11,2.359991308860262244e-08,-8.483469390880220856e-06,1.627700631955959504e-03,-4.939122067952533141e-02,2.151259627516869166e+00
5.436927652465000165e+02,-2.761861260897145338e-11,1.996560567146762895e-08,-7.699110774916497293e-06,1.564196347156583981e-03,-4.825295794136418015e-02,2.121996866629061618e+00
5.439025104170400482e+02,-2.558490841787389010e-11,1.868955358411445682e-08,-7.387578632193536648e-06,1.527491713246686067e-03,-4.640826027767025463e-02,2.110790642443633569e+00
5.441122389122599543e+02,-1.804439478163012842e-11,1.398615011938636253e-08,-6.372813365248903475e-06,1.437857378287847295e-03,-4.357307283804575521e-02,2.115590498858956003e+00
5.443219507321599622e+02,-1.709796260248166085e-12,3.454443008496008509e-09,-3.950100442468101961e-06,1.205859399846037888e-03,-3.548778092785840471e-02,2.013035564558024237e+00
5.445316458767400718e+02,3.444696080148161510e-12,2.694261722316377723e-10,-3.251242816978394826e-06,1.145382880934139999e-03,-3.428279510571900779e-02,1.991991333223594562e+00
5.447413243459999421e+02,1.155728267191466088e-11,-4.048469008635800204e-09,-2.491763909973918759e-06,1.096446518530217080e-03,-3.377679665298794626e-02,1.990327057962635093e+00
5.449509861399400279e+02,2.112760563610369346e-11,-1.067070310739211084e-08,-8.925867361164340945e-07,9.414977945195418616e-04,-2.876164235333404304e-02,1.942804613992973106e+00
5.451606312585599881e+02,1.530037672222950233e-11,-6.524051293084461569e-09,-1.893949125654181748e-06,1.033655971825466315e-03,-3.121580511062132385e-02,1.919011056266084703e+00
5.453702597018599363e+02,2.666464626078516548e-11,-1.380426839809677512e-08,-2.605073570548347848e-07,8.873658934959274044e-04,-2.736827200891608566e-02,1.912779232107272742e+00
5.455798714698401000e+02,3.290062509121948399e-11,-1.694695940193582740e-08,2.206884523241971712e-07,8.692916714598964822e-04,-2.819210138424482412e-02,1.936180577820634907e+00
5.457894665625000243e+02,3.769488115102750340e-11,-1.994279986180474931e-08,9.542037625538610760e-07,7.853779060348649440e-04,-2.485224470109479930e-02,1.920658744508182636e+00
5.459990449798399368e+02,3.253507823529729006e-11,-1.561777179117101627e-08,-3.062228089343219360e-07,9.386212736484273204e-04,-3.193192501717945220e-02,1.969192611213058663e+00
5.462086067218600647e+02,4.327426490771681906e-11,-2.320106973244976056e-08,1.637328783246198269e-06,7.225618909523103374e-04,-2.248941116474865998e-02,1.866356910600771579e+00
5.464181517885599533e+02,4.542080214589897031e-11,-2.428372900387855120e-08,1.733682573150246506e-06,7.449443279331640104e-04,-2.619693587222046358e-02,1.944805282956602044e+00
5.466276801799399436e+02,3.679752962329429825e-11,-1.967293615219482999e-08,9.501022656828584555e-07,7.877450769536413358e-04,-2.671666692232247536e-02,1.974187941375015409e+00
5.468371918960000357e+02,5.194872247266395049e-11,-2.806060341995620368e-08,2.469662792989679612e-06,6.900233607162661051e-04,-2.517506022062247426e-02,1.961899834290732336e+00
5.470466869367400022e+02,5.805130724962347064e-11,-3.202386715936000119e-08,3.436144235498720790e-06,5.875817685162097606e-04,-2.147171133735878770e-02,1.890456370793615948e+00
5.472561653021600705e+02,5.900837763923403480e-11,-3.168853997458142701e-08,3.061528889282982602e-06,6.619973358546755570e-04,-2.588570483449538148e-02,1.923923467361490225e+00
5.474656269922600131e+02,5.443495932959129723e-11,-2.963982521611440138e-08,2.803068041864499091e-06,6.656247713466633764e-04,-2.481566284162739500e-02,1.881912604263678235e+00
5.476750720070399439e+02,5.235824954051163729e-11,-2.777713822357998333e-08,2.256597670732322599e-06,7.315748683813322545e-04,-2.832909816409953305e-02,1.906320558254678721e+00
5.478845003464999763e+02,6.896756003272671170e-11,-3.808609051403451382e-08,4.537068803460943214e-06,5.183418837473080434e-04,-2.089030811836278118e-02,1.851685257624203995e+00
5.480939120106399969e+02,6.588308766468807810e-11,-3.539577269341165874e-08,3.759147067803578770e-06,6.096651845937062176e-04,-2.519412824049455449e-02,1.890443213323405702e+00
5.483033069994600055e+02,7.168883501825501627e-11,-3.878318542614268605e-08,4.389058792204164223e-06,5.725911881660373376e-04,-2.502599697725045591e-02,1.905049722170055970e+00
5.485126853129600022e+02,6.424026729096828482e-11,-3.294150886216962465e-08,2.781892103832710722e-06,7.559166192769671945e-04,-3.300715128463389825e-02,1.978741021752873586e+00
5.487220469511399870e+02,7.602245839395138097e-11,-4.089358448445625423e-08,4.720389919985993052e-06,5.499337324843046101e-04,-2.389371112584397563e-02,1.851912585895922669e+00
5.489313919140000735e+02,8.317010230093942486e-11,-4.517660548499653828e-08,5.595624868148841739e-06,4.830747638285999286e-04,-2.284567499440421159e-02,1.846293534514009904e+00
5.491407202015400344e+02,8.029674922658921094e-11,-4.424721125474054340e-08,5.603731121483885302e-06,4.623261960099985337e-04,-2.142462955852941081e-02,1.809670039124029239e+00
5.493500318137599834e+02,7.393795054986515655e-11,-3.875063904069428325e-08,4.046612163026724426e-06,6.290525901856678682e-04,-2.664085928168816522e-02,1.822141122136973657e+00
5.495593267506600341e+02,7.021986604716442112e-11,-3.622974557843421605e-08,3.401220836320874213e-06,7.072001112865271451e-04,-3.124922424270378321e-02,1.930953660252629378e+00
5.497686050122399593e+02,5.925803151993203014e-11,-2.980945868483434302e-08,2.151091534430539680e-06,8.012594275962324226e-04,-3.428799739579970612e-02,1.999259602759170029e+00
5.499778665984999861e+02,6.273247948974414887e-11,-3.120863967721334236e-08,2.166243656646504330e-06,8.450336840351361763e-04,-3.822035148279184780e-02,2.087857779493154098e+00
5.501871115094400011e+02,6.735118666148044335e-11,-3.534208275474868061e-08,3.398397553942489598e-06,6.961187524748319207e-04,-3.150959810474281142e-02,2.038342648066702623e+00
5.503963397450600041e+02,6.501977410298610351e-11,-3.152397654915077325e-08,2.015342314314518549e-06,8.725210160838969267e-04,-3.943456520786200320e-02,2.112971121904829719e+00
5.506055513053599952e+02,5.665212218126211345e-11,-2.601608710786352546e-08,6.979149308132729375e-07,1.006998488476226966e-03,-4.379111542360569764e-02,2.103350778403659582e+00
5.508147461903399744e+02,6.699328374929935542e-11,-3.364073519413651855e-08,2.680722917384951519e-06,7.933659704281158806e-04,-3.577181461561257381e-02,2.057872786659920461e+00
5.510239243999999417e+02,6.042926917680671814e-11,-2.951431812640822340e-08,1.719533670562008231e-06,8.950800754462246009e-04,-3.997298309126598448e-02,2.072138854501767380e+00
5.512330859343400107e+02,6.020127544808053459e-11,-2.827076355680205050e-08,1.205190930645923019e-06,9.585197389443038743e-04,-4.208336832102950453e-02,2.076933581447796495e+00
5.514422307933599541e+02,4.621553321156957137e-11,-1.982158098319761176e-08,-5.678746393704412918e-07,1.107855594114790822e-03,-4.627123580054225832e-02,2.138382483175902848e+00
5.516513589770601129e+02,5.213996568514376831e-11,-2.268648597142445499e-08,-1.787541687494083380e-07,1.105132633821854365e-03,-4.806469011375912731e-02,2.154994523586563293e+00
5.518604704854400325e+02,4.718698086351810326e-11,-2.038545345251616102e-08,-4.552215102343717873e-07,1.095546011240287323e-03,-4.517488946559613389e-02,2.134496186894070835e+00
5.520695653184999401e+02,5.230937751729242151e-11,-2.477021592111743180e-08,8.075493055184263252e-07,9.477915286432758756e-04,-3.853849065779045568e-02,2.064181808607931767e+00
5.522786434762400631e+02,3.042028880805645678e-11,-9.305019791222400359e-09,-2.998792737595019685e-06,1.332065265695676079e-03,-5.267154508475306585e-02,2.154259846006604473e+00
5.524877049586599469e+02,3.533088907343985920e-11,-1.251463055808252777e-08,-2.336781325881115151e-06,1.282098295040506094e-03,-5.112969461554572187e-02,2.149290847034827756e+00
5.526967497657599324e+02,3.502047831994547053e-11,-1.260019873710080986e-08,-2.198329167067582867e-06,1.253170395518391324e-03,-4.963738732327860337e-02,2.140116411175020605e+00
5.529057778975400197e+02,3.996009537737368312e-11,-1.491836618432747767e-08,-1.866129398013765061e-06,1.240321695083724911e-03,-5.016943810714162566e-02,2.180076171338866331e+00
5.531147893539999814e+02,1.214349162344918147e-11,2.094138806464846619e-09,-5.545874588832652296e-06,1.575533551810124992e-03,-6.164913788522285998e-02,2.290474538746635425e+00
5.533237841351399311e+02,1.462355654843886135e-11,7.759061988273924757e-10,-5.324119536059693922e-06,1.558965943086813117e-03,-6.065988897105081823e-02,2.297902829443253303e+00
5.535327622409599826e+02,1.964714435564220453e-11,-2.170000320405717130e-09,-4.744832304867228917e-06,1.515472406676684862e-03,-5.962216361835423473e-02,2.299137086512619277e+00
5.537417236714600222e+02,1.652668970460233797e-11,3.394488460693472755e-10,-5.383025710222642025e-06,1.570412734396743268e-03,-6.008327217014412108e-02,2.269389592891828844e+00
5.539506684266400498e+02,4.653413755092663663e-12,5.617781307560520975e-09,-5.922103327894932993e-06,1.543681242618773252e-03,-5.559868158064088656e-02,2.204120366780339957e+00
5.541595965064999518e+02,1.837864416464053432e-11,-2.567136530142161678e-09,-4.264297712895181841e-06,1.415223501104567955e-03,-5.297691305253372090e-02,2.217443238170791364e+00
5.543685079110399556e+02,5.162761615925391901e-12,5.284590200963023428e-09,-5.858025813115911382e-06,1.542189059225966379e-03,-5.631025047394063593e-02,2.286073540786732750e+00
5.545774026402600612e+02,2.902563422672920067e-12,7.528971775075694939e-09,-6.501706327911776461e-06,1.608429464271195035e-03,-5.878650242756475186e-02,2.316173923327415896e+00
5.547862806941600411e+02,1.052377616520034406e-12,8.142554855768408590e-09,-6.584333610675654840e-06,1.622286054632814025e-03,-5.968731800379644542e-02,2.304869704013675413e+00
5.549951420727400091e+02,-7.574314316399086998e-12,1.470282289492316327e-08,-8.288532749983786024e-06,1.792351103522438855e-03,-6.435436060049812279e-02,2.294662974507717390e+00
5.552039867759999652e+02,-3.182175249957573230e-12,9.952411373749508456e-09,-6.781721017442457948e-06,1.614600546644977871e-03,-5.717696141039936564e-02,2.238753206892274861e+00
5.554128148039400230e+02,-1.189263291932373725e-11,1.567894512157054601e-08,-8.034024451703550163e-06,1.716858043311457862e-03,-5.961516462879739436e-02,2.230693178367778362e+00
5.556216261565600689e+02,-1.379833849352950153e-11,1.601946706368716589e-08,-7.852842380617550133e-06,1.667431415997170556e-03,-5.701153647260640694e-02,2.268244254408441130e+00
5.558304208338599892e+02,-2.057769043795242578e-11,2.104007132183967222e-08,-9.198228582973601696e-06,1.821884447769777596e-03,-6.341998858762580571e-02,2.334066773039828568e+00
5.560391988358400113e+02,-1.374370327036739635e-11,1.588073377130646071e-08,-7.771535010021708386e-06,1.650800761483435563e-03,-5.576042766428025710e-02,2.287633245810108740e+00
5.562479601625000214e+02,-2.344445184095444536e-11,2.193997386876867088e-08,-9.131732589391957416e-06,1.780299235900621897e-03,-6.021251591103973788e-02,2.284491806204251851e+00
5.564567048138400196e+02,-1.580649722388855497e-11,1.684445543972414262e-08,-7.947197009531772752e-06,1.669723228756203126e-03,-5.654782844658821223e-02,2.241826020667461616e+00
5.566654327898598922e+02,-5.029204544533258468e-12,9.870866549366519435e-09,-6.270718428849604844e-06,1.489528225401290894e-03,-4.884948348798191786e-02,2.189337294664053246e+00
5.568741440905599802e+02,-1.857889719788324030e-11,1.932623912559038959e-08,-8.572692546009209744e-06,1.718674854337816534e-03,-5.726632936669009272e-02,2.269331578806013994e+00
5.570828387159399426e+02,-5.728241375066104394e-12,1.101749855085892409e-08,-6.736070151587811654e-06,1.558697949098775863e-03,-5.245347581960331518e-02,2.249718824841854037e+00
5.572915166660000068e+02,4.161336946285783328e-12,3.358727567801100166e-09,-4.667954671015746796e-06,1.326854414041019276e-03,-4.298882545892764029e-02,2.181976681243939620e+00
5.575001779407400591e+02,-1.838233782232637148e-11,1.800157267165525253e-08,-7.999721023957979401e-06,1.640351112999294562e-03,-5.377860017039497176e-02,2.216089441873883459e+00
5.577088225401599857e+02,-8.504403776604681669e-12,1.123227052954077643e-08,-6.372298556647495081e-06,1.477087838756772778e-03,-4.740158045943305282e-02,2.171411194551902124e+00
5.579174504642600141e+02,-1.155099836855585774e-11,1.358134146180712789e-08,-6.954101311851026957e-06,1.525995906480905571e-03,-4.798732819527205817e-02,2.151535221133396458e+00
5.581260617130400306e+02,-3.016585653003310734e-12,7.368380405174945174e-09,-5.405862208643460765e-06,1.378341704583480910e-03,-4.402581948071742496e-02,2.116131868271315053e+00
5.583346562865000351e+02,-3.253207352104516018e-12,7.914836446838070721e-09,-5.581426680189885992e-06,1.394625002663961964e-03,-4.480436965915080699e-02,2.155915733507494991e+00
5.585432341846400277e+02,-1.111702583557829339e-11,1.335538821138212680e-08,-6.946216022395571561e-06,1.538905237024819394e-03,-5.046511001871268470e-02,2.242118604421681649e+00
5.587517954074600084e+02,3.975952151724454953e-12,2.420254186096286167e-09,-4.098660302283208456e-06,1.227533789920486496e-03,-3.819693146476330764e-02,2.117302262330150953e+00
5.589603399549600908e+02,-6.183582895113858914e-12,1.012329923732577420e-08,-6.139505198519421621e-06,1.448175813597969274e-03,-4.678527115333915021e-02,2.157471814031971302e+00
5.591688678271400477e+02,-1.585293135773329131e-12,6.207700323057420179e-09,-5.063862378362659300e-06,1.334656952181518131e-03,-4.259644076341024405e-02,2.131873724700962036e+00
5.593773790239999926e+02,3.833392149061459102e-12,2.046759385544056254e-09,-3.861733633131795939e-06,1.186271169715602493e-03,-3.628981097470395517e-02,2.052225826659112684e+00
5.595858735455400392e+02,1.368683713392702428e-11,-4.334776204770816528e-09,-2.487310909585851150e-06,1.077658675660281631e-03,-3.404682133233778024e-02,2.040047726738675848e+00
5.597943513917599603e+02,5.570644567703100943e-12,7.688524976951094663e-10,-3.530129618707266962e-06,1.145106447940451777e-03,-3.379087215775422592e-02,2.010954880033370529e+00
5.600028125626599831e+02,1.239804896228933216e-11,-3.502088349466683719e-09,-2.656560430483550289e-06,1.090526828396205881e-03,-3.476472076888642571e-02,2.037628334971943289e+00
5.602112570582399940e+02,1.026991049460445969e-11,-2.687366761450478200e-09,-2.721813024182292240e-06,1.085352233877787727e-03,-3.431345761894528945e-02,2.052450663866922653e+00
5.604196848784999929e+02,1.714168600508689172e-11,-6.480642253623087853e-09,-2.015779018058979910e-06,1.035941411941022168e-03,-3.355476295305313827e-02,2.027375854079264350e+00
5.606280960234400936e+02,2.036293070691514909e-11,-9.347828386810317560e-09,-1.160488782440954883e-06,9.339400795222306713e-04,-2.937372265290931136e-02,2.002474301477865648e+00
5.608364904930599550e+02,1.941460528803746254e-11,-8.755859463207167490e-09,-1.304266042379840074e-06,9.511699465668439768e-04,-3.037430843938291117e-02,1.997299489845267839e+00
5.610448682873599182e+02,2.141145598062532721e-11,-9.523415004973329381e-09,-1.305316966575997595e-06,9.780234502202490594e-04,-3.322624333828345239e-02,2.020358034931675206e+00
5.612532294063399831e+02,2.633542716735522968e-11,-1.264255769625871577e-08,-5.540255136239284073e-07,8.947200900745603310e-04,-2.990852744483641842e-02,2.029884518956218464e+00
5.614615738500000361e+02,2.524828842003403083e-11,-1.097506277305424827e-08,-1.147996408377575897e-06,9.674774295726119725e-04,-3.264829652382635755e-02,1.981335271006390730e+00
5.616699016183400772e+02,2.814299034045865422e-11,-1.303003970637094769e-08,-6.976115951029555049e-07,9.381939497594753109e-04,-3.279531712119138076e-02,1.968405769568536190e+00
5.618782127113599927e+02,2.441262308237310589e-11,-1.182414681177087873e-08,-6.308663305921236875e-07,8.885243820888407296e-04,-2.884584241223890275e-02,1.948513713943815784e+00
5.620865071290600099e+02,2.757409205388456947e-11,-1.135475410523344018e-08,-1.386109860781210160e-06,1.030354091495792315e-03,-3.689674309058154494e-02,2.003733451785583153e+00
5.622947848714400152e+02,3.415300511346494869e-11,-1.742949771710230155e-08,4.793294450406074906e-07,8.024320444703438070e-04,-2.719111517081937435e-02,1.901718227964855235e+00
5.625030459385000086e+02,3.601893190318130692e-11,-1.903423790417086134e-08,9.022421363575060087e-07,7.634414245312157480e-04,-2.653094680234465916e-02,1.914893448459998204e+00
5.627112903302399900e+02,3.634511739463461074e-11,-1.753486977111913387e-08,1.259374681556775370e-07,8.807968935883804702e-04,-3.204781348933175011e-02,1.938758971291134170e+00
5.629195180466600732e+02,4.073713155122156462e-11,-2.110059251014326483e-08,1.133340363696407410e-06,7.641803154371981091e-04,-2.722028623203036693e-02,1.862223142060466241e+00
5.631277290877600308e+02,4.852319721262208617e-11,-2.645403238375924198e-08,2.420491522517678486e-06,6.386537561391505188e-04,-2.331993981142666678e-02,1.880439588908298543e+00
5.633359234535399764e+02,3.466311180802461437e-11,-1.737873476292485287e-08,1.985216190210246053e-07,8.865013800113424229e-04,-3.447315587050878150e-02,1.969873366421171834e+00
5.635441011440000239e+02,5.006991072576105208e-11,-2.655475019840965759e-08,2.244812574764980193e-06,6.712253551353075665e-04,-2.499208735908584403e-02,1.900311163652248281e+00
5.637522621591399457e+02,4.405184929568060213e-11,-2.208710479917671525e-08,1.012599527453940553e-06,8.209880614327379460e-04,-3.201233525055437179e-02,1.954139147838210855e+00
5.639604064989600829e+02,5.371419367095714774e-11,-2.784058851313194599e-08,2.215358425096813176e-06,7.158753819333471850e-04,-2.846593207057937849e-02,1.863778684921316708e+00
5.641685341634599808e+02,5.071598069654202007e-11,-2.640749278643352765e-08,2.001430997311304632e-06,7.255272688737353501e-04,-2.824318868985632378e-02,1.838169259066912975e+00
5.643766451526399806e+02,6.744573153939576115e-11,-3.667893657944938264e-08,4.173482802277407545e-06,5.451678500391184600e-04,-2.385221053863835136e-02,1.862879253078050024e+00
5.645847394665000820e+02,6.628948465168673379e-11,-3.516336178174928032e-08,3.666651368948614392e-06,6.047815481438419301e-04,-2.628759537557580350e-02,1.901772016871091653e+00
5.647928171050399442e+02,5.868791267373346775e-11,-3.021336985311256838e-08,2.516724670508163758e-06,7.200828841067291597e-04,-3.078230565461420251e-02,1.894357298933219136e+00
5.650008780682600218e+02,5.368369952600666394e-11,-2.816997965996827854e-08,2.359926717433006934e-06,7.024936004964010827e-04,-2.903003944042496440e-02,1.891663565361564547e+00
5.652089223561599738e+02,5.207330301343161781e-11,-2.666140507254979108e-08,1.868455830493200026e-06,7.656046816272133555e-04,-3.135051309813205456e-02,1.883377296529608502e+00
5.654169499687400275e+02,7.027660179371801388e-11,-3.686125156844060038e-08,3.782463548052336163e-06,6.319413710739123875e-04,-2.924758596332684493e-02,1.887430349958292952e+00
5.656249609060000694e+02,7.085320157136219896e-11,-3.559921834302591383e-08,3.096504382528639120e-06,7.307617589375590842e-04,-3.284548804614378231e-02,1.900168782925112598e+00
5.658329551679399856e+02,6.779798944604950380e-11,-3.427704959456525702e-08,2.982235512422780482e-06,7.237481349697715482e-04,-3.287431910252201078e-02,1.957827199673764396e+00
5.660409327545600036e+02,5.029401370459429218e-11,-2.447742620609238203e-08,1.115885700173356080e-06,8.675053143889407395e-04,-3.700373910883494877e-02,1.973417238104379745e+00
5.662488936658600096e+02,6.079739316064159003e-11,-3.065066005255299962e-08,2.342942301343473630e-06,7.717919488780854501e-04,-3.422091513829141757e-02,1.939826827587574964e+00
5.664568379018400037e+02,4.670237047682745212e-11,-2.172982551003286272e-08,4.031368877856691481e-07,9.370984997378338293e-04,-3.860140061098717157e-02,1.955908699114285554e+00
5.666647654624999859e+02,6.232883723542038476e-11,-3.152145298049937948e-08,2.580321849273657761e-06,7.320480541067918637e-04,-3.113266841953191144e-02,1.904798638589808357e+00
5.668726763478400699e+02,6.267659670976625032e-11,-3.157351933942286815e-08,2.471886538105725464e-06,7.691040522605972719e-04,-3.462079279253424402e-02,1.991685032465291938e+00
5.670805705578600282e+02,5.814687063687499171e-11,-2.869453365731384587e-08,1.841384588022212865e-06,8.215387020295095242e-04,-3.558814194399485126e-02,1.999763482342318710e+00
5.672884480925600883e+02,6.189123984228317617e-11,-3.048848236872505181e-08,2.183600920845987808e-06,7.794195070020910800e-04,-3.247896205260906305e-02,1.903329427553621667e+00
5.674963089519400228e+02,5.462162139533436536e-11,-2.615183920418172213e-08,1.199648856915807263e-06,8.859814128780526968e-04,-3.717007050291201015e-02,1.951795023008950469e+00
5.677041531359999453e+02,8.608090647254511755e-11,-4.382967023682786111e-08,4.616695010726142385e-06,6.162813589105570807e-04,-2.955081515639197687e-02,1.933158077836697464e+00
5.679119806447400833e+02,5.900118317742504015e-11,-2.823318259829687886e-08,1.535223838623464958e-06,8.615894901703244216e-04,-3.674288042818814326e-02,2.010483460882345863e+00
5.681197914781599820e+02,7.866249228409539497e-11,-3.875627257919392337e-08,3.407183127099774613e-06,7.341228865038903996e-04,-3.382162057657838589e-02,2.002984615900930354e+00
5.683275856362600962e+02,4.843380079730463635e-11,-2.082885756302328461e-08,-2.809825535949930680e-07,1.042443105301179554e-03,-4.253401380681609556e-02,2.021208002288180428e+00
5.685353631190399710e+02,6.951214993577824131e-11,-3.407832631555603034e-08,2.682509042486318589e-06,7.631571841813646973e-04,-3.311753809275600619e-02,2.017316228221219809e+00
5.687431239264999476e+02,4.942099248880293755e-11,-2.217551269580067669e-08,2.584342632439611301e-07,9.630636499583298919e-04,-3.935337171007461526e-02,2.094838663811550816e+00
5.689508680586400260e+02,5.416859557601807183e-11,-2.462158903487448890e-08,6.736744154260068012e-07,9.346852273427286133e-04,-3.827066914936586711e-02,2.077295913854917409e+00
5.691585955154599787e+02,5.869573682958851813e-11,-2.639951764704280359e-08,7.675676142889914527e-07,9.588989696476871421e-04,-3.994521698116209468e-02,2.060216923316917192e+00
5.693663062969599196e+02,5.510745858611173196e-11,-2.484032132683797185e-08,5.895987847916542194e-07,9.594764925837086450e-04,-3.919611033116223581e-02,2.044118242620625026e+00
5.695740004031400758e+02,4.654731167285189925e-11,-1.984174888828057551e-08,-4.151774907899681159e-07,1.037805275635433249e-03,-4.066821235361817860e-02,2.056422174513035106e+00
5.697816778339999928e+02,3.197113782143945334e-11,-1.050357838574417798e-08,-2.526871724283915519e-06,1.238187803517493612e-03,-4.791218311350384229e-02,2.124347258948868333e+00
5.699893385895398978e+02,5.367828680077295065e-11,-2.288398621573422318e-08,-3.420284177488785322e-08,1.020454151864649394e-03,-4.008727073174873229e-02,2.083799571843758081e+00
5.701969826697600183e+02,4.026787269206400022e-11,-1.555252335024856096e-08,-1.408729164272210211e-06,1.128783134266655693e-03,-4.379115742323153732e-02,2.149485203742893091e+00
5.704046100746600132e+02,5.346987326804895828e-11,-2.293868343975210602e-08,7.097790023126234494e-08,9.987237044440291228e-04,-3.936404706479734728e-02,2.105335607157541755e+00
5.706122208042399961e+02,4.732934036902183421e-11,-1.913490406072613932e-08,-8.299484649664838930e-07,1.096425253385725426e-03,-4.327491155633237524e-02,2.141205341343940916e+00
5.708198148584999672e+02,3.848414251687349199e-11,-1.277153006467515193e-08,-2.423314879307886764e-06,1.255170114399098164e-03,-4.792712962441645491e-02,2.127348072965169923e+00
5.710273922374399262e+02,3.693427793377885050e-11,-1.311334961239493451e-08,-1.980282895014285437e-06,1.174301677930580153e-03,-4.440428361294119358e-02,2.163212766479083449e+00
5.712349529410599871e+02,4.173485369941141065e-11,-1.644638281878533798e-08,-1.045037627548530874e-06,1.046312671514454265e-03,-3.691032348816303266e-02,2.069905196697226835e+00
5.714424969693600360e+02,3.524664103429876695e-11,-1.199937257130727352e-08,-2.056165257338298998e-06,1.127643323553139147e-03,-3.787484175321145091e-02,2.020720768308831961e+00
5.716500243223400730e+02,2.157161615103688415e-11,-5.140105384636086815e-09,-3.202546735473243722e-06,1.205482231398575122e-03,-4.001986155677966783e-02,2.047061676095322635e+00
5.718575349999999844e+02,3.255987507882693978e-11,-1.098342273544445157e-08,-2.203736434383153230e-06,1.147282375914697710e-03,-3.954653806996640680e-02,2.084022476583315076e+00
5.720650290023399975e+02,3.888595787524716022e-11,-1.521237147630620723e-08,-1.181101902881687738e-06,1.047316227035158210e-03,-3.676373763212088114e-02,2.104857714394586132e+00
5.722725063293599987e+02,2.047058744039056816e-11,-3.094783830747692939e-09,-4.040012612173388361e-06,1.332555430953938575e-03,-4.743760431333484545e-02,2.216349071100466528e+00
5.724799669810599880e+02,3.288885462475281133e-11,-1.228034383034683818e-08,-1.674767240374356377e-06,1.084943026638645605e-03,-3.851336716037593449e-02,2.178261256416339720e+00
5.726874109574399654e+02,3.147190609098329260e-11,-1.084167377215532279e-08,-2.034852859409296890e-06,1.103434694686414872e-03,-3.687494439038979666e-02,2.131154275612597182e+00
5.728948382585000445e+02,1.160629472454084702e-11,3.642891574478430939e-11,-4.065819063627334951e-06,1.257862962157114397e-03,-4.166106685045126851e-02,2.204841112138308024e+00
5.731022488842399980e+02,3.013991592920892876e-11,-1.114291734370072206e-08,-1.685651333791288201e-06,1.045749863126064442e-03,-3.472511605003759938e-02,2.169920338559220063e+00
5.733096428346599396e+02,1.037327359583344273e-11,2.276402566433250334e-09,-4.973386550530529153e-06,1.389159022937589165e-03,-4.795933999992935820e-02,2.221717527164071893e+00
5.735170201097599829e+02,3.294349384329719113e-11,-1.298373750432999738e-08,-1.183142170995776832e-06,9.724052853418465843e-04,-2.968748020858885325e-02,2.061423727522165184e+00
5.737243807095400143e+02,1.627496733168742864e-11,-1.616037330087384840e-09,-4.022912838515815365e-06,1.279857425159237807e-03,-4.231115686930393693e-02,2.200371799196133793e+00
5.739317246340000338e+02,1.895416409235853744e-11,-4.458842645922303877e-09,-3.123413364431002354e-06,1.178481513826236220e-03,-3.949120088598535167e-02,2.230762559448475013e+00
5.741390518831400414e+02,1.558326823516306239e-11,-2.903492437339650233e-09,-3.329338598905175488e-06,1.181788636909298328e-03,-3.854543109145156660e-02,2.174994142872765934e+00
5.743463624569599233e+02,1.871439826042959087e-11,-3.833929111739232624e-09,-3.347434112812872524e-06,1.200055348190071829e-03,-3.963644423058624439e-02,2.185962323100206550e+00
5.745536563554600207e+02,1.808198622427868479e-11,-4.161739262218547780e-09,-3.105850576504059202e-06,1.166567812907878896e-03,-3.889068995971578513e-02,2.199068656723926374e+00
5.747609335786399924e+02,1.607311746911512030e-11,-1.854300185229380486e-09,-3.815037807412850139e-06,1.236257754529240457e-03,-4.017481258949325007e-02,2.195543811383329214e+00
5.749681941265000660e+02,7.454636823355406226e-12,1.894798345825725273e-09,-4.229792731377126735e-06,1.231241049429337899e-03,-3.811165421289149785e-02,2.145621624194849808e+00
5.751754379990400139e+02,1.079054666810024619e-11,9.553265760233365609e-10,-4.357388556744881177e-06,1.286962122262280813e-03,-4.232567454992813144e-02,2.181322555043278655e+00
5.753826651962599499e+02,1.791480966332200739e-11,-5.070168038766836696e-09,-2.624969978908401760e-06,1.087077734004093495e-03,-3.464922479021066010e-02,2.172159242441307647e+00
5.755898757181601013e+02,1.756446298824945004e-11,-6.485194855656379226e-09,-1.857681695117683796e-06,9.666580732996193177e-04,-2.924553987497359453e-02,2.162800369820297330e+00
5.757970695647400134e+02,2.356405465402072806e-11,-7.101453433450285618e-09,-2.587193219023089746e-06,1.131679490278253561e-03,-3.862013834360630837e-02,2.207994254023987857e+00
5.760042467359999137e+02,1.458072367772708139e-12,4.194531335471753761e-09,-4.308815540465624368e-06,1.191311068381219326e-03,-3.600031473882778221e-02,2.129246751088720746e+00
5.762114072319400293e+02,1.885975058822794825e-11,-7.029068843482934347e-09,-1.839647976559485910e-06,9.841902477297566516e-04,-3.168381175072906841e-02,2.188026218593631000e+00
5.764185510525600193e+02,1.017190640157271669e-11,-6.327834643595064922e-10,-3.485425871522884080e-06,1.156505956388952138e-03,-3.769886189559218392e-02,2.195902177204819949e+00
5.766256781978599975e+02,6.831959234413831408e-12,2.253145908455274120e-09,-4.288095938882115310e-06,1.235884383877971756e-03,-3.937675326936190823e-02,2.136747643031209343e+00
5.768327886678400773e+02,2.159970447601988451e-11,-8.683720556294865600e-09,-1.509279462718542211e-06,9.561930592792227367e-04,-3.029250960498435299e-02,2.119793661430181775e+00
5.770398824625000316e+02,1.852633531423483859e-11,-6.152146579947082944e-09,-2.266278952207227138e-06,1.052956242248481548e-03,-3.511116131801585855e-02,2.179948867400416379e+00
5.772469595818400876e+02,3.193264874043028826e-11,-1.514853251861731142e-08,-2.840269064839955220e-08,8.069537041359178776e-04,-2.522792211820992780e-02,2.150035986966265522e+00
5.774540200258600180e+02,1.296373414238451979e-11,-3.078471359630339890e-09,-2.858080863871421925e-06,1.103502223276027570e-03,-3.743794848818734339e-02,2.199915372537605940e+00
5.776610637945599365e+02,2.962369745370188247e-11,-1.303491223158065470e-08,-7.274073526221239975e-07,9.048941530351370258e-04,-3.003814831139080613e-02,2.118644360939033966e+00
5.778680908879400704e+02,7.176120012279483189e-12,4.334245099586594454e-10,-3.569320253475518321e-06,1.155945814263794648e-03,-3.835067872481893320e-02,2.154447117094076436e+00
5.780751013059999650e+02,1.673339676022643503e-11,-5.625648843984899700e-09,-2.159474000334222212e-06,1.010680556758472137e-03,-3.238418916510363982e-02,2.085731053161353543e+00
5.782820950487400751e+02,1.581413800919903274e-11,-6.028200262146631553e-09,-1.834796332024676426e-06,9.597562208126273831e-04,-3.062994861195529953e-02,2.132304870328958213e+00
5.784890721161600595e+02,1.388786236891915734e-11,-4.808767412677701487e-09,-2.141126438497226239e-06,9.990311723553850064e-04,-3.282455358049522071e-02,2.113055120239975881e+00
5.786960325082600320e+02,2.318545094260434825e-11,-8.004425574710876876e-09,-2.126886226421102566e-06,1.073640641769079990e-03,-3.896063622351739197e-02,2.210543358887885113e+00
5.789029762250399926e+02,1.196243054289282607e-11,-3.096431810107990730e-09,-2.732559475701628261e-06,1.089932645427668396e-03,-3.844762533927288672e-02,2.212509401074115534e+00
5.791099032665000550e+02,2.597285687306192620e-11,-1.267136968737920098e-08,-3.349289467348944509e-07,8.302824231644741681e-04,-2.849441335350836463e-02,2.144822076148607870e+00
5.793168136326399917e+02,3.421136122487963597e-11,-1.729297756429943157e-08,5.450200039644723749e-07,7.606706494999157303e-04,-2.571970745401058397e-02,2.062796831565857580e+00
5.795237073234600302e+02,2.550704908615226987e-11,-1.255553783846428888e-08,-3.980252504751347136e-07,8.518743941426110957e-04,-3.008948160616798859e-02,2.105574086289680125e+00
5.797305843389599431e+02,3.114554349090507786e-11,-1.419642265430672919e-08,-5.177763539502134456e-07,9.107143664736655096e-04,-3.353750030689379297e-02,2.107896193472268198e+00
5.799374446791399578e+02,3.240389719653541225e-11,-1.497906816038450056e-08,-4.752506338395326199e-07,9.455503830287747928e-04,-3.809985832666084454e-02,2.172318422692974149e+00
5.801442883440000742e+02,4.521569158140470930e-11,-2.323873601093315955e-08,1.460992685682664199e-06,7.491935422894883739e-04,-3.107056249246408636e-02,2.176805615490430057e+00
5.803511153335399513e+02,3.224884169676932203e-11,-1.520768793087332625e-08,-1.693077002810197967e-07,8.610774057663519651e-04,-3.175536868514979710e-02,2.144668282041334084e+00
5.805579256477600438e+02,4.870405507831893898e-11,-2.446685543653774577e-08,1.568975602319597117e-06,7.383824458442275231e-04,-2.919627480081236209e-02,2.121265117583622573e+00
5.807647192866600108e+02,5.563385729621790390e-11,-2.937161008829251212e-08,2.745175743347688163e-06,6.298434486433093999e-04,-2.627005086138421014e-02,2.107251745140646282e+00
5.809714962502399658e+02,5.140359209667960724e-11,-2.612120442576921891e-08,1.868195177601205710e-06,7.251266421142313432e-04,-2.937537352758571793e-02,2.104955777400411510e+00
5.811782565385000225e+02,5.264477085884396120e-11,-2.662081649472746808e-08,1.932694799820757159e-06,7.219909426004858825e-04,-2.974048699873439033e-02,2.125179897286828101e+00
5.813850001514399537e+02,4.921987375023911227e-11,-2.540610897092904276e-08,1.869238864852619113e-06,7.143766953432353212e-04,-2.969337445599056977e-02,2.134713674108545511e+00
5.815917270890601003e+02,5.355798502890638269e-11,-2.718305676522919580e-08,1.980938893236739684e-06,7.349113227628721861e-04,-3.117210915525647774e-02,2.111567369210655798e+00
5.817984373513600076e+02,5.132693695267585462e-11,-2.634926881936794722e-08,1.934230327847916453e-06,7.265590271269344817e-04,-3.064729165116917772e-02,2.105545554524210772e+00
5.820051309383400167e+02,5.626182873297666063e-11,-2.920403023736280960e-08,2.514306912769910056e-06,6.795927635828686144e-04,-2.961904463723078265e-02,2.128478165769114749e+00
5.822118078500000138e+02,8.142447122124150475e-11,-4.301805991838790014e-08,5.062067352316147783e-06,4.953129855521337492e-04,-2.498616520878170488e-02,2.106801171157213215e+00
5.824184680863399990e+02,6.278652886152969735e-11,-3.361417636523737981e-08,3.624672120226459637e-06,5.513999814741741201e-04,-2.347494412729268093e-02,2.082682343454244300e+00
5.826251116473599723e+02,5.423003152495102285e-11,-2.679109755083720470e-08,1.664109370361474468e-06,7.924385475987640948e-04,-3.442959657738997592e-02,2.134049938765902876e+00
5.828317385330600473e+02,5.630321364906432387e-11,-2.872257775722900144e-08,2.259237467578897861e-06,7.199066301560197879e-04,-3.128825517507177051e-02,2.095051198160776007e+00
5.830383487434399967e+02,6.294947882225367494e-11,-3.263072159758789511e-08,3.044250651885936368e-06,6.575155412457783484e-04,-2.968205074155760501e-02,2.123197986948017757e+00
5.832449422784999342e+02,5.797299080173904606e-11,-2.924000135028741090e-08,2.279280624004020812e-06,7.219875322592679079e-04,-3.165485758334761479e-02,2.172328537847095564e+00
5.834515191382399735e+02,4.973527310664059561e-11,-2.383324616939497723e-08,1.015036041855478078e-06,8.483549955817241061e-04,-3.623699123672530914e-02,2.190593973336537381e+00
5.836580793226600008e+02,5.366667408248250851e-11,-2.535457332539174062e-08,1.108530799135114752e-06,8.627741632188591810e-04,-3.731996224702517628e-02,2.215207863069165395e+00
5.838646228317600162e+02,4.926603639527436998e-11,-2.318216921322259101e-08,8.256448071645980832e-07,8.615690491969311060e-04,-3.604822597544746904e-02,2.194082002009760668e+00
5.840711496655400197e+02,5.144673344881470230e-11,-2.397811300144255104e-08,8.176857551106075923e-07,8.874567558885920705e-04,-3.807386487234085820e-02,2.228634871449692856e+00
5.842776598240000112e+02,5.033492760422303178e-11,-2.491755047068659431e-08,1.530301780574051047e-06,7.535844467789526609e-04,-3.024204634721324586e-02,2.177174592709160361e+00
5.844841533071399908e+02,5.982814906810537241e-11,-2.973564816433668964e-08,2.169742214616916737e-06,7.638014101907014339e-04,-3.480692913623315010e-02,2.248315655827530346e+00
5.846906301149599585e+02,6.544889181983319732e-11,-3.352517050297808895e-08,3.115825296081551649e-06,6.531043965511995923e-04,-2.891198337655321790e-02,2.190533346919119051e+00
5.848970902474600280e+02,6.904896456981285788e-11,-3.482932186614737082e-08,3.086862676056053849e-06,6.988222274871255845e-04,-3.217959626672384915e-02,2.161316317439958556e+00
5.851035337046399718e+02,6.013299812822849368e-11,-2.983557522171386847e-08,2.152697551563481319e-06,7.650079507088504600e-04,-3.357421625231972462e-02,2.202504663504988081e+00
5.853099604865000174e+02,6.179804865349693717e-11,-3.065687869619154850e-08,2.324097074239985702e-06,7.463559373004887212e-04,-3.309899700662119471e-02,2.213500590174103611e+00
5.855163705930400511e+02,5.885653299665025410e-11,-2.834851684187939284e-08,1.707750204671475815e-06,8.112795212730367078e-04,-3.518181605041618282e-02,2.220265653705905340e+00
5.857227640242599591e+02,8.158603286435099100e-11,-4.176533983071247786e-08,4.480469441926372116e-06,5.690125403017583369e-04,-2.683661134729158071e-02,2.139710652464813290e+00
5.859291407801599689e+02,6.667827503357677531e-11,-3.268062310878989639e-08,2.473259402670594721e-06,7.631021448024152701e-04,-3.379531164996640857e-02,2.167218478947809501e+00
5.861355008607400805e+02,6.180629739316640833e-11,-3.047564057217697506e-08,2.339748727164356643e-06,7.179953344864523426e-04,-2.913165791519890802e-02,2.093654014525830220e+00
5.863418442659999528e+02,6.752413473683709479e-11,-3.337889387342200027e-08,2.742527087326815913e-06,7.171755833373822135e-04,-3.117025980084479550e-02,2.143488058897190740e+00
5.865481709959399268e+02,5.229423550436246024e-11,-2.364384020298386067e-08,5.517616722643349904e-07,9.196122861033812108e-04,-3.748314227925412384e-02,2.168736541679735730e+00
5.867544810505600026e+02,4.176287094681316823e-11,-1.628141312764416399e-08,-1.248126073589769760e-06,1.097992203680284336e-03,-4.307538834893669122e-02,2.135164418322433644e+00
5.869607744298599528e+02,4.654885683068300083e-11,-2.122257775519393432e-08,4.249952267378108024e-07,8.653521866914301152e-04,-3.078615656484812516e-02,2.022599985475661111e+00
5.871670511338400047e+02,5.492427337383581933e-11,-2.530264094770157496e-08,9.643625543095093737e-07,8.611406311141438404e-04,-3.261545664868063105e-02,2.057939546177800505e+00
5.873733111625000447e+02,5.586441998084745401e-11,-2.506649093014663075e-08,6.981306776268388307e-07,9.088039707656013879e-04,-3.507541200751920080e-02,2.064356354845128916e+00
5.875795545158399591e+02,4.163675799871367644e-11,-1.755856791811280845e-08,-5.204818329945725219e-07,9.592424845207831027e-04,-3.323062911979645512e-02,2.020096390409174880e+00
5.877857811938600889e+02,5.162756729884212320e-11,-2.358336680145200433e-08,7.150763186088334180e-07,8.648855626308557748e-04,-3.181996104436838474e-02,2.061361877632638340e+00
5.879919911965599795e+02,4.586472820371427316e-11,-1.910957620094239790e-08,-4.169901958648656871e-07,9.728222923457230734e-04,-3.527825678402256304e-02,2.126253208285070695e+00
5.881981845239400855e+02,4.995443697624131296e-11,-2.177383705874669925e-08,2.257508788238268668e-07,9.018287465435776340e-04,-3.152306204088947683e-02,2.026782417807333037e+00
5.884043611760000658e+02,4.908451301406285978e-11,-2.164994490830944544e-08,2.800879469188085364e-07,8.924239513889637484e-04,-3.138997096933106301e-02,2.061415366411865513e+00
5.886105211527400343e+02,5.380153470067170453e-11,-2.498475470153382574e-08,1.157829591410850615e-06,7.922028243849941771e-04,-2.752695187699041521e-02,2.069543881875977487e+00
5.888166644541601045e+02,3.038221996982207772e-11,-1.040085046315128444e-08,-2.038489598514074257e-06,1.082502573111263902e-03,-3.650049669421492199e-02,2.060625028152864857e+00
5.890227910802600491e+02,4.351732580706123005e-11,-1.743288710249344339e-08,-8.595587807392558104e-07,1.022883664738321067e-03,-3.700523705092723797e-02,2.118550120756685917e+00
5.892289010310399817e+02,3.842502544868434268e-11,-1.552488437721410360e-08,-8.900561371176961611e-07,9.787982356422666747e-04,-3.387941216829847696e-02,2.115735377230812730e+00
5.894349943065000161e+02,5.022091043954595185e-11,-2.277067022138224823e-08,7.244896556534979528e-07,8.204419248409848152e-04,-2.806250261130264004e-02,2.124074548419587760e+00
5.896410709066400386e+02,4.152726264280224187e-11,-1.764859594357373721e-08,-3.149493808209503399e-07,9.040245936966612942e-04,-3.009364028637376287e-02,2.127156648225080993e+00
5.898471308314599355e+02,5.337989344623134799e-11,-2.405070776133215609e-08,7.601053685816544817e-07,8.490263293092529476e-04,-2.982725276032298367e-02,2.132383991012931634e+00
5.900531740809600478e+02,4.326040668747003606e-11,-1.825223318429973988e-08,-3.210054902979462071e-07,9.205459114114309619e-04,-3.127818245369763661e-02,2.139878983876685847e+00
5.902592006551400345e+02,3.089503725428881598e-11,-1.179238228884157350e-08,-1.388464936985008889e-06,9.823380990537052600e-04,-3.276883621910394589e-02,2.172933224348213788e+00
5.904652105540000093e+02,4.707374215163688920e-11,-2.115549142461589015e-08,4.969996435824140763e-07,8.185065503106481654e-04,-2.633013922090459216e-02,2.098539028565546971e+00
5.906712037775399722e+02,3.666517583322579167e-11,-1.485399071153255099e-08,-8.689213160334002931e-07,9.473768722398174733e-04,-3.109494040448071081e-02,2.107210755449549833e+00
5.908771803257599231e+02,3.176751137475877284e-11,-1.202496583647797597e-08,-1.421824716698675937e-06,9.895078392043929732e-04,-3.257017540309149750e-02,2.166119886888168367e+00
5.910831401986600895e+02,2.690799617263455896e-11,-8.500796059438643467e-09,-2.242744759817486726e-06,1.056392085690452745e-03,-3.363740985581160220e-02,2.101220126918561082e+00
5.912890833962400166e+02,3.248893754782749221e-11,-1.212144354954806632e-08,-1.577906092442072673e-06,1.036829324635064236e-03,-3.604232842017074390e-02,2.162674012856321326e+00
5.914950099185000454e+02,6.286683058183243608e-11,-3.119152538579364603e-08,2.644381892798017268e-06,6.481815230320576125e-04,-2.326570081415687760e-02,2.114213933185423500e+00
5.917009197654400623e+02,2.968195777395916567e-11,-1.073603527731157299e-08,-1.717156180448082883e-06,1.018052072074647658e-03,-3.336149585839515153e-02,2.123120306416933278e+00
5.919068129370599536e+02,3.943751202703232703e-11,-1.743751057319538418e-08,2.806983845584111092e-08,8.114433363811435511e-04,-2.368905220650620314e-02,2.011207610523218836e+00
5.921126894333600603e+02,4.030294765059554368e-11,-1.726144072592805376e-08,-3.680227664758695792e-07,9.164904879830395581e-04,-3.186893526982578079e-02,2.103961709270694147e+00
5.923185492543400414e+02,1.382329393526824168e-11,-9.886340765077515095e-10,-3.780506866489985878e-06,1.192223327594891169e-03,-3.831651703706517864e-02,2.101928975100017638e+00
5.925243924000000106e+02,2.726344326608996534e-11,-8.921092892444251816e-09,-2.161009159360511217e-06,1.057695114640915890e-03,-3.425452673014934418e-02,2.045463696324819391e+00
5.927302188703400816e+02,3.824543916531578155e-11,-1.554897662022078241e-08,-7.751865132069863694e-07,9.403802980506906738e-04,-3.080568813394773606e-02,2.034714312363727906e+00
5.929360286653600269e+02,2.679128206663087061e-11,-9.650733636763806721e-09,-1.680578818029415421e-06,9.732264747433327489e-04,-3.008266484479786909e-02,2.032520582059127889e+00
5.931418217850599603e+02,1.283148596629405167e-11,-1.801061458601405991e-09,-3.267800882310790678e-06,1.122505686856120795e-03,-3.731019349174518468e-02,2.138057967521982849e+00
5.933475982294399955e+02,2.531141186432004428e-11,-9.037063155752465016e-09,-1.838120371830421275e-06,1.010662093875855502e-03,-3.400605697277830214e-02,2.094119999432186852e+00
5.935533579985000188e+02,2.856091553427561290e-11,-1.051672677089206323e-08,-1.552141698639914326e-06,9.731520150890574138e-04,-3.177970728110417892e-02,2.080439533880211744e+00
5.937591010922399164e+02,4.353827728041325793e-11,-1.937703409502693194e-08,1.360973673301282446e-07,8.674686282565332055e-04,-3.128723289302461769e-02,2.137866625356199091e+00
5.939648275106600295e+02,3.665929034767896835e-11,-1.552991373526887504e-08,-5.496890974572711080e-07,9.097130447441837634e-04,-3.252096061389675441e-02,2.172487209681491116e+00
5.941705372537600169e+02,5.305232499733570772e-11,-2.614630113551077406e-08,1.963806941366369094e-06,6.446319019633548093e-04,-2.106345436807849011e-02,2.018912188297420585e+00
5.943762303215399925e+02,4.698721033605439835e-11,-2.156194143582136013e-08,6.856600489177325396e-07,8.004941051975561885e-04,-2.859863943616377385e-02,2.122757546122727046e+00
5.945819067139999561e+02,3.492888740754698258e-11,-1.561540482267489782e-08,-2.336418824283846540e-07,8.510676778423649762e-04,-3.011593734432690961e-02,2.152449693831433475e+00
5.947875664311400215e+02,2.848797111795246407e-11,-1.220704134969532341e-08,-7.727761403562439414e-07,8.675554014309114041e-04,-2.831400403694955825e-02,2.077392857398165482e+00
5.949932094729600749e+02,5.678612670379435684e-11,-2.896649207142663638e-08,2.630295448706622883e-06,5.937696655390290118e-04,-2.115435005917502831e-02,2.037871594989797863e+00
5.951988358394600027e+02,4.215288606475578563e-11,-2.007611922255296908e-08,7.959268698987849980e-07,7.370681330729910059e-04,-2.409625367583963923e-02,2.045263587575222086e+00
5.954044455306400323e+02,2.993693777335949021e-11,-1.254223170533213707e-08,-9.118861389365568269e-07,9.128074346465474493e-04,-3.152003608678518448e-02,2.095755049188245955e+00
5.956100385465000500e+02,7.693818715994276601e-11,-4.153011866464869458e-08,5.443448885332698059e-06,3.241712753290294292e-04,-1.175949146873836795e-02,1.983570451260096679e+00
5.958156148870399420e+02,4.575521093838411129e-11,-2.154384600037660021e-08,7.953025083548051873e-07,7.967867865078059973e-04,-3.077161679992426735e-02,2.182653698255934138e+00
5.960211745522600495e+02,3.698992051167526242e-11,-1.613360507035427922e-08,-3.256383871050545004e-07,8.810031769486189462e-04,-3.211518461010087061e-02,2.168043426695803522e+00
5.962267175421600314e+02,4.257086374434566229e-11,-1.942109990284943480e-08,2.200963978581099132e-07,8.775640863717745896e-04,-3.625258385411073148e-02,2.238935463483316290e+00
5.964322438567400013e+02,4.785286098908093672e-11,-2.265286466264880433e-08,9.351434734441047674e-07,8.074309000128493353e-04,-3.319622657060431609e-02,2.170268382970107712e+00
5.966377534960000730e+02,3.931425399382003460e-11,-1.778290422396948100e-08,3.492839597519597090e-08,8.613626129187566122e-04,-3.353555305474156117e-02,2.203334027955923258e+00
5.968432464599400191e+02,5.181972919195711662e-11,-2.611319505097840621e-08,1.994062593754808674e-06,6.757213166713313054e-04,-2.828632246495633301e-02,2.227828802278572606e+00
5.970487227485599533e+02,4.705422910806748303e-11,-2.239052207174163090e-08,1.031412374228779766e-06,7.687907925637626561e-04,-3.053693842870267364e-02,2.212649684038408893e+00
5.972541823618599892e+02,2.524967452621309790e-11,-9.967111300762048335e-09,-1.382688330154194651e-06,9.507157599273406527e-04,-3.425002111381365150e-02,2.164836099536886049e+00
5.974596252998400132e+02,5.790685886976492300e-11,-2.927896404290226057e-08,2.451281410921935485e-06,6.667388659370217935e-04,-2.910792062721775583e-02,2.198748868740430851e+00
5.976650515625000253e+02,6.863289640931812947e-11,-3.599665532405343842e-08,4.059516186435734824e-06,4.868255641524649527e-04,-2.090614140438662449e-02,2.108480791105069585e+00
5.978704611498400254e+02,5.031167989845318103e-11,-2.500940756507972676e-08,1.787761509495916281e-06,6.712783268969181507e-04,-2.518895776540615652e-02,2.093556720849770958e+00
5.980758540618600136e+02,6.957372906040680220e-11,-3.630793830181031633e-08,3.938470648323043864e-06,5.351395841360615836e-04,-2.476803957385557281e-02,2.176111539581825571e+00
5.982812302985599899e+02,7.181664638569824763e-11,-3.696639417256652673e-08,3.888423857526367816e-06,5.599244435883787580e-04,-2.621942290595943165e-02,2.192343009198734816e+00
5.984865898599399543e+02,1.032434074230400104e-10,-5.554995594516671698e-08,7.712496022292933246e-06,2.348146644851598942e-04,-1.600371358220858270e-02,2.132520641642035475e+00
5.986919327460000204e+02,3.757684623001432890e-11,-1.588599335273317131e-08,-6.364540929758991425e-07,9.618727036455178379e-04,-3.991172729343239745e-02,2.326719025846224032e+00
5.988972589567399609e+02,5.271149704135926610e-11,-2.536948306266556754e-08,1.441213553961134211e-06,7.734762907453092765e-04,-3.368091476716635058e-02,2.276353269402499269e+00
5.991025684921600032e+02,7.753719455483052366e-11,-4.050814879879291414e-08,4.604164648205937832e-06,5.108257975151313159e-04,-2.611416636814678505e-02,2.215316229688744532e+00
5.993078613522600335e+02,3.429223557904302050e-11,-1.486620849321728031e-08,-7.105947346338117581e-07,9.714139361589078448e-04,-4.142756711777050710e-02,2.308994148373128219e+00
5.995131375370400519e+02,6.117121248050157506e-11,-2.963366640705955844e-08,2.053827700281879684e-06,7.534580920051952733e-04,-3.362321344999248673e-02,2.231402214338896073e+00
5.997183970464999447e+02,5.437669312835591092e-11,-2.580115173561350451e-08,1.229247642877183557e-06,8.415872308454196886e-04,-3.786934989246171918e-02,2.286418497312384446e+00
5.999236398806400530e+02,3.940747259269768609e-11,-1.759797594818764191e-08,-2.261112338814096508e-07,9.326781663457973156e-04,-3.932588021645278681e-02,2.286802971921311212e+00
6.001288660394600356e+02,5.726255166979115801e-11,-2.928312164122147441e-08,2.597136728370163050e-06,6.284602309579830548e-04,-2.640898522112734154e-02,2.220790199099771378e+00
6.003340755229598926e+02,7.482691075436362038e-11,-3.930237107312606093e-08,4.560341165184768718e-06,4.709800269605633597e-04,-2.146340683532898391e-02,2.180240871965308358e+00
6.005392683311399651e+02,6.958244407473109849e-11,-3.549610447291252583e-08,3.509941572935488684e-06,6.035766412493007117e-04,-2.834972754109652687e-02,2.258691433648014613e+00
6.007444444639999119e+02,7.181871179822924225e-11,-3.772548901669702020e-08,4.239413112497637509e-06,5.068292209989800571e-04,-2.375531360336182937e-02,2.226260733442182893e+00
6.009496039215400742e+02,8.500739044616346846e-11,-4.543024227148001021e-08,5.814673876519661587e-06,3.677227319411373254e-04,-1.843084816962356487e-02,2.177690806955875580e+00
6.011547467037599972e+02,7.479201294848976994e-11,-3.938182669804171033e-08,4.559592317357049284e-06,4.833454477678513763e-04,-2.380240267749171926e-02,2.253421423447393934e+00
6.013598728106600220e+02,7.037261288011319940e-11,-3.663155754204395896e-08,3.966273798909356433e-06,5.260138995094301370e-04,-2.318890295951865285e-02,2.220767191610306224e+00
6.015649822422400348e+02,6.836964956503349563e-11,-3.434047652478041521e-08,3.084895657619619547e-06,6.684965203744193136e-04,-3.183295792420581805e-02,2.314079431713992996e+00
6.017700749985000357e+02,6.205270425793179972e-11,-3.059386962962618897e-08,2.289339913529153856e-06,7.420065267443993161e-04,-3.433338157261289769e-02,2.320167205555977663e+00
6.019751510794400247e+02,5.462813622641378309e-11,-2.687155055241047926e-08,1.765528104612478895e-06,7.457214188613117082e-04,-3.208229298476913266e-02,2.324943300879716013e+00
6.021802104850600017e+02,5.212184280932790330e-11,-2.582677328395610984e-08,1.673445350853551620e-06,7.439489585253049450e-04,-3.234649821653613061e-02,2.318212288905369345e+00
6.023852532153599668e+02,6.783546919587668911e-11,-3.478105521591947135e-08,3.452928886549906044e-06,5.923461642327107609e-04,-2.660306794071660291e-02,2.270128578226194627e+00
6.025902792703400337e+02,5.448289112634490171e-11,-2.657493485717114767e-08,1.725022750379292825e-06,7.328926722739484943e-04,-2.977414830930759024e-02,2.261382296321210461e+00
6.027952886499999750e+02,4.850530548891451001e-11,-2.211329627638109941e-08,4.632386661889278824e-07,8.969265907321450964e-04,-3.860342797766592310e-02,2.353893266098808112e+00
6.030002813543399043e+02,5.814495269054737264e-11,-2.877563678258580902e-08,2.169406264984908519e-06,7.003036727598946614e-04,-2.955633441985462337e-02,2.318883896118707710e+00
6.032052573833600491e+02,5.832688393276896170e-11,-2.782592538122473373e-08,1.630654226427506936e-06,7.960608872707240335e-04,-3.536048618531377474e-02,2.382333777712231981e+00
6.034102167370599545e+02,6.777706307212990557e-11,-3.363790430705646021e-08,2.919950592120388284e-06,6.731157719624952926e-04,-3.112370685454314556e-02,2.389627284967593024e+00
6.036151594154399618e+02,7.180725207777687095e-11,-3.790530643961535310e-08,4.401011897928799730e-06,4.597466150589015681e-04,-1.897783187151320244e-02,2.256557814437743836e+00
6.038200854184999571e+02,6.495226387830244263e-11,-3.124261894486252088e-08,2.206191546354704980e-06,7.574439676124791873e-04,-3.384046625548169790e-02,2.346809744230641481e+00
6.040249947462399405e+02,7.650933327523391740e-11,-4.032903486539341963e-08,4.797975600021310562e-06,4.375430152294237148e-04,-1.874970962425749621e-02,2.230409202150163583e+00
6.042298873986600256e+02,6.212810095674147063e-11,-2.956042652599733701e-08,1.934935034580377366e-06,7.559997563964396608e-04,-3.139348242520190180e-02,2.318088210995772336e+00
6.044347633757599851e+02,7.835528747807659731e-11,-4.018419506397754696e-08,4.378504989803232745e-06,5.221056307738397659e-04,-2.316283178817402783e-02,2.304080987028208405e+00
6.046396226775400464e+02,7.526907255910847180e-11,-3.949820785210409763e-08,4.598140515270991013e-06,4.564787136639180168e-04,-1.910366389732890899e-02,2.270374658200868812e+00
6.048444653039999821e+02,6.806027258919513847e-11,-3.495746918177930615e-08,3.623115784389054687e-06,5.363326720830059345e-04,-2.090977757731335429e-02,2.255924636100211433e+00
6.050492912551400195e+02,7.117926732985459655e-11,-3.655054539165995962e-08,3.874807026573865263e-06,5.252715349972682810e-04,-2.094734416742944499e-02,2.266400322214596752e+00
6.052541005309600450e+02,6.700661815305472391e-11,-3.256858024710591147e-08,2.579940226152615940e-06,6.987798185587313889e-04,-2.954564164516376018e-02,2.358173583669288309e+00
6.054588931314600586e+02,6.848913379002257166e-11,-3.387913960407260719e-08,3.067591195142856767e-06,6.169827510154478247e-04,-2.436635215154083975e-02,2.308435354208238088e+00
6.056636690566399466e+02,7.426847668805178512e-11,-3.816066306593596472e-08,4.175782183604257381e-06,4.952792208229906974e-04,-1.899444794192287761e-02,2.261795482614212816e+00
6.058684283065000500e+02,6.008677208480753926e-11,-2.834098087941349387e-08,1.808823952620589921e-06,7.269335995648754231e-04,-2.689871351208132991e-02,2.297594574519984167e+00
6.060731708810400278e+02,7.104222385828546469e-11,-3.490449642778162733e-08,3.105411487545716441e-06,6.370230711544539815e-04,-2.566372073938914117e-02,2.283174925039163305e+00
6.062778967802599936e+02,8.269689670874864149e-11,-4.348667635167573173e-08,5.390428991540724566e-06,3.787708763319574739e-04,-1.548558282401816567e-02,2.274327898701322237e+00
6.064826060041600613e+02,6.885141237455357320e-11,-3.415573450303924818e-08,3.144896312688016401e-06,6.087017334422411977e-04,-2.417157629511880110e-02,2.287699739463419313e+00
6.066872985527400033e+02,6.092498660274654755e-11,-2.909465208994255254e-08,2.018297630365655116e-06,7.071217822979316290e-04,-2.686868959557470876e-02,2.354318452947424145e+00
6.068919744259999334e+02,6.469304630708278809e-11,-3.210067968438913930e-08,2.914783020009592914e-06,5.903666241496598448e-04,-2.072011758270256992e-02,2.261314310209215250e+00
6.070966336239399652e+02,8.044808502789677310e-11,-4.067571886613859844e-08,4.412621542729066997e-06,5.055629324645020788e-04,-2.080811875742017564e-02,2.289850195516784925e+00
6.073012761465599851e+02,7.648346505362232631e-11,-3.838601793486134940e-08,4.012499740327216901e-06,5.205282718676875701e-04,-1.976052842622820147e-02,2.244340752775185077e+00
6.075059019938599931e+02,6.434218583013545240e-11,-3.053930641933426628e-08,2.120532414153102812e-06,7.295743155440219873e-04,-2.920950236363798261e-02,2.318147569164499711e+00
6.077105111658399892e+02,7.045409447837520598e-11,-3.590851103697251212e-08,3.755677262117371018e-06,5.243157611719474363e-04,-2.042817121506939823e-02,2.314516133176554025e+00
6.079151036625000870e+02,7.530495851299190933e-11,-3.817023321186153694e-08,4.052928550760081836e-06,5.142068432228936526e-04,-1.958165284823904645e-02,2.229115984763168523e+00
6.081196794838400592e+02,6.875759798629847676e-11,-3.322953693302039498e-08,2.812110988256704542e-06,6.297975513031232441e-04,-2.245584168655827967e-02,2.210328485167232682e+00
6.083242386298600195e+02,6.759203711353925266e-11,-3.267722000423521705e-08,2.732271109665144686e-06,6.361172892450613417e-04,-2.319212023949200271e-02,2.269172231429136488e+00
6.085287811005600815e+02,7.003591439108076179e-11,-3.470848142741631255e-08,3.324893634918522650e-06,5.620400755425113528e-04,-1.948064962737046033e-02,2.185245277733847580e+00
6.087333068959400180e+02,5.125387787912337993e-11,-2.341261447430745301e-08,9.402714994512397293e-07,7.721734022685133349e-04,-2.620389065650021582e-02,2.200128703365988425e+00
6.089378160159999425e+02,4.391346878952136567e-11,-1.983748989258496096e-08,4.390457776538468454e-07,7.879709834250744806e-04,-2.621590924957518248e-02,2.241257093901097175e+00
6.091423084607400824e+02,5.359008640040598801e-11,-2.581013198166830109e-08,1.691370933729921888e-06,6.941857713280131202e-04,-2.553258824453997003e-02,2.255590215524974962e+00
6.093467842301599831e+02,6.810160398101288130e-11,-3.465102584445597698e-08,3.693455755692863627e-06,4.767519676649030979e-04,-1.462221462463347485e-02,2.172973601725752157e+00
6.095512433242599855e+02,6.515218163898337607e-11,-3.307566879065704609e-08,3.316186010428875628e-06,5.358358137842419468e-04,-1.916240522034237670e-02,2.184682960413604658e+00
6.097556857430399759e+02,8.428223239869250028e-11,-4.395229865623469735e-08,5.489003054137463016e-06,3.468381701334140050e-04,-1.218989995224512186e-02,2.135806871921160699e+00
6.099601114864999545e+02,7.337009111371189379e-11,-3.716867456689688602e-08,4.066108971401381337e-06,4.600145797031053607e-04,-1.441996110965868341e-02,2.096962700057749984e+00
6.101645205546399211e+02,7.046571364353828713e-11,-3.522907065827791488e-08,3.547008898797380268e-06,5.305122389446801420e-04,-1.909776084096671475e-02,2.190298793229151553e+00
6.103689129474599895e+02,8.369111213074213154e-11,-4.426524975332118875e-08,5.688954340263804220e-06,3.276172295636633168e-04,-1.308035903430566395e-02,2.184769612300800024e+00
6.105732886649599322e+02,6.214098723358789430e-11,-3.088711380935591941e-08,2.826287376727044691e-06,5.706701635722087390e-04,-1.973578475895616802e-02,2.167367120256743274e+00
6.107776477071400905e+02,6.195437036675056340e-11,-3.117300311065585640e-08,3.005103309365066828e-06,5.433397817463195842e-04,-1.895926936407514932e-02,2.181102517626358317e+00
6.109819900740000094e+02,5.433963262066706020e-11,-2.702618670969148122e-08,2.211283155547490646e-06,6.114507584443728801e-04,-2.169555063943394077e-02,2.185637171310582882e+00
6.111863157655400300e+02,5.310072807549138139e-11,-2.578819819427041704e-08,1.801837089419368998e-06,6.643885458261146893e-04,-2.383872030910899609e-02,2.189966258134573796e+00
6.113906247817600388e+02,6.457565138973758555e-11,-3.281568540406017614e-08,3.408796816112174871e-06,4.897881204071504032e-04,-1.514673732829554219e-02,2.052495241403710757e+00
6.115949171226600356e+02,5.552125848736378094e-11,-2.737868822920327376e-08,2.220341752459841473e-06,6.092149182305642416e-04,-2.062099712094415602e-02,2.102786302312119382e+00
6.117991927882400205e+02,6.591163583278723183e-11,-3.484211380649016013e-08,4.133281549206331904e-06,4.022226930656782381e-04,-1.239560882504734535e-02,2.035120094761492915e+00
6.120034517784999935e+02,6.496732610209318112e-11,-3.374570861808923527e-08,3.767774330598593531e-06,4.502650055184511876e-04,-1.511707872408003979e-02,2.095268213027391191e+00
6.122076940934399545e+02,4.711999397746635059e-11,-2.339817537473991759e-08,1.770332820842447174e-06,5.954834876708948272e-04,-1.840604662816249654e-02,2.094790579712616729e+00
6.124119197330600173e+02,8.820451677439727334e-11,-4.821005213616641886e-08,6.931583172514139886e-06,1.617428026178866331e-04,-5.064366572507882081e-03,1.960594600287011602e+00
6.126161286973599545e+02,5.716238247229544821e-11,-2.933311982279276705e-08,2.956840496205167631e-06,5.076817623003639524e-04,-1.716288283951579105e-02,2.065953673389002265e+00
6.128203209863399934e+02,7.926775596349030117e-11,-4.218567143781494138e-08,5.506067204252457891e-06,3.083187924023929674e-04,-1.228874814476044533e-02,2.087697731608017637e+00
6.130244966000000204e+02,6.690081372843849296e-11,-3.380240008390897203e-08,3.481405396707023820e-06,5.126715219023260687e-04,-1.945263303383986883e-02,2.075201781690243497e+00
6.132286555383400355e+02,3.474358219066838904e-11,-1.493719922501471330e-08,-3.853483685132222942e-07,8.422213975718796999e-04,-2.981622282019264977e-02,2.125851250735304454e+00
6.134327978013599250e+02,6.249165611275462591e-11,-3.256800282481177722e-08,3.613785825148531209e-06,4.530537786952147823e-04,-1.515574995130728603e-02,2.002927496385344508e+00
6.136369233890600299e+02,6.246182367586334736e-11,-3.157343593472373769e-08,3.085505624552803355e-06,5.442550264206464858e-04,-2.042670335381817359e-02,2.039102213898807303e+00
6.138410323014400092e+02,7.476877076169377509e-11,-4.063824196999244904e-08,5.476459653460898648e-06,2.792853690695654297e-04,-1.002023295314659855e-02,1.939760637188934211e+00
6.140451245385000902e+02,5.521341958626749542e-11,-2.696233738519132151e-08,2.010616778013803195e-06,6.577880283197700025e-04,-2.598587916263477710e-02,2.060272439589375892e+00
6.142492001002400457e+02,7.408304152451608785e-11,-3.994281727279159317e-08,5.211050645535878329e-06,3.195236684285949688e-04,-1.235302954935028029e-02,1.985491931566728985e+00
6.144532589866601029e+02,7.728263527802826991e-11,-4.017530125850241912e-08,4.736756467324309289e-06,4.269713162403390933e-04,-1.844204690759976631e-02,1.984574321591523915e+00
6.146573011977600345e+02,5.163558059058484643e-11,-2.617671465728028055e-08,2.204025552099858761e-06,6.060295476528529792e-04,-2.365368426451127520e-02,2.028858187013533598e+00
6.148613267335399541e+02,7.386829026873907179e-11,-3.917134164834044512e-08,4.781669882719358093e-06,4.024234048063357020e-04,-1.792336641312525583e-02,1.969703568866456811e+00
6.150653355940000893e+02,6.278414733312369968e-11,-3.206796418100091023e-08,3.153837911578901037e-06,5.576033303347293453e-04,-2.283264130027317859e-02,1.958033343041611252e+00
6.152693277791399851e+02,4.701710101383205264e-11,-2.248782560968407136e-08,1.167254559578505550e-06,7.247311411246462002e-04,-2.845081268815156592e-02,2.031590425265941580e+00
6.154733032889599826e+02,7.307622387626009982e-11,-3.821354632225669056e-08,4.523833705314402083e-06,4.192307828012860143e-04,-1.756915824562024775e-02,1.939562105061860331e+00
6.156772621234600820e+02,7.261017921327413750e-11,-3.906169834188016509e-08,4.893928995538471652e-06,3.818377804815960156e-04,-1.722242435401670491e-02,1.941103795066942528e+00
6.158812042826399420e+02,7.774751428194795225e-11,-4.092579682448350727e-08,5.025618049034565233e-06,3.886256922849631607e-04,-1.715372195538604483e-02,1.910954532098151359e+00
6.160851297664999038e+02,7.616930146746978575e-11,-4.152838011456636282e-08,5.487347876257043573e-06,3.226369161566701731e-04,-1.524641932548806249e-02,1.938151185086033346e+00
6.162890385750400810e+02,6.537671250399548618e-11,-3.529383708821129747e-08,4.280035830589245514e-06,4.143000145414057729e-04,-1.771346146421711940e-02,1.952314005000401975e+00
6.164929307082600189e+02,7.633609132567736043e-11,-4.143712535219230175e-08,5.434043278285475996e-06,3.296484709458046372e-04,-1.556457399546586767e-02,1.931700307362509417e+00
6.166968061661599450e+02,8.731211402432245662e-11,-4.801735180303777323e-08,6.833000754642683320e-06,2.030803263285249258e-04,-1.109142730442363133e-02,1.872755135116119574e+00
6.169006649487399727e+02,7.652382025644670108e-11,-4.083778976579041115e-08,5.150559329698824660e-06,3.704141071793545922e-04,-1.727432906996310968e-02,1.892839532073421704e+00
6.171045070559999886e+02,7.776953899904808845e-11,-4.186429221285426830e-08,5.407408318342678182e-06,3.430962245809613949e-04,-1.602561229592533443e-02,1.882922375834497730e+00
6.173083324879399925e+02,1.308839044719130660e-11,-5.887655078527476977e-09,-1.609173946038820496e-06,9.124085426346097410e-04,-3.359543087498807756e-02,2.020838686148648033e+00
6.175121412445599844e+02,6.189147979981164862e-11,-3.178512618206960979e-08,3.074867231759599472e-06,5.873052175227741955e-04,-2.696710659460751364e-02,1.976975467630901706e+00
6.177159333258600782e+02,4.465903761837327694e-12,-1.320204540350237485e-10,-2.938044624390545883e-06,1.040905129595507024e-03,-3.870712562006823482e-02,2.092114836332144012e+00
6.179197087318400463e+02,1.267520103334695328e-11,-4.397726140491157970e-09,-2.261671818663666334e-06,1.009441704706707079e-03,-3.838478441918477535e-02,2.058063095665017883e+00
6.181234674625000025e+02,6.531066396298640500e-12,-8.991511171702330819e-10,-2.927974487251323202e-06,1.060728610812827332e-03,-4.002535096188911123e-02,2.045836710636915523e+00
6.183272095178400605e+02,5.161927990462554844e-11,-2.606972852344404787e-08,2.074120468710736343e-06,6.333110916431931511e-04,-2.524529962935424462e-02,1.912643657733020586e+00
6.185309348978599928e+02,5.934423159148448455e-11,-3.118135999756052066e-08,3.257199791117873641e-06,5.322542005519046359e-04,-2.385336610904243912e-02,1.931860986769075472e+00
6.187346436025600269e+02,8.066225421182258386e-12,-2.027165792971728451e-09,-2.667979187071508752e-06,1.034928100002139662e-03,-3.878263750908868962e-02,2.070090638988689502e+00
6.189383356319400491e+02,5.917413153339075906e-11,-3.087406101194935052e-08,3.055937957532290519e-06,5.661730618767579510e-04,-2.522736641375433395e-02,1.990520954811468624e+00
6.191420109859999457e+02,4.928526590680873944e-11,-2.523346292833479265e-08,2.000433448204650930e-06,6.351870313218654050e-04,-2.594144556692712378e-02,1.985315200736265551e+00
6.193456696647399440e+02,5.116236359318749090e-11,-2.509837427441034985e-08,1.665235589592703458e-06,6.940730699867499231e-04,-2.868661565484113135e-02,1.992188687939231206e+00
6.195493116681600441e+02,-5.651392375563817668e-12,6.801457301110711833e-09,-4.653387245241044817e-06,1.218182614750859972e-03,-4.519221364378415290e-02,2.112090854993399880e+00
6.197529369962600185e+02,5.275292396093985297e-12,5.048469294072947361e-10,-3.440567064166181612e-06,1.130823363176735848e-03,-4.334915145786166768e-02,2.147344657801030898e+00
6.199565456490399811e+02,6.423129944296732946e-11,-3.365609121268188618e-08,3.668192607367563866e-06,4.932677792692776115e-04,-2.072634450751239393e-02,1.936792122156219653e+00
6.201601376265000454e+02,-1.000176660961549051e-12,4.408655721987944053e-09,-4.292700375242493445e-06,1.203134449085692479e-03,-4.482162193712833226e-02,2.100407975054965348e+00
6.203637129286399841e+02,2.169765072833374401e-12,2.261288240596460679e-09,-3.776801129817270072e-06,1.153413995778823382e-03,-4.343260519230252026e-02,2.137111333428532323e+00
6.205672715554600245e+02,8.326116026787938086e-11,-4.482421155300394477e-08,5.806727814982632885e-06,3.456281994886028336e-04,-1.761689770597309537e-02,1.915543116428045645e+00
6.207708135069600530e+02,6.948885214437263409e-11,-3.662797225778662242e-08,4.116092531459598783e-06,4.894354321303287861e-04,-2.254598993999338066e-02,1.982461623423429797e+00
6.209743387831400696e+02,1.254933987381312895e-11,-4.232127869890396261e-09,-2.367431523205209491e-06,1.025747476711178375e-03,-3.878835119024473532e-02,2.096702715265088557e+00
6.211778473840000743e+02,2.084004159959020051e-11,-9.480702012767086039e-09,-1.244404673370383377e-06,9.306565822216266793e-04,-3.578183662449562624e-02,2.101164772523597790e+00
6.213813393095399533e+02,3.870114191317841161e-12,8.751083698633491091e-10,-3.422650887181869092e-06,1.115868934691959576e-03,-4.135497701972726259e-02,2.104423884723223281e+00
6.215848145597600478e+02,4.951366503696406629e-11,-2.458152142096021177e-08,1.658539275615540263e-06,6.777824825205745318e-04,-2.632601370976217839e-02,1.990193085642583126e+00
6.217882731346600167e+02,5.188107347337509373e-11,-2.643491681596130498e-08,2.164925737085694209e-06,6.246185768553796144e-04,-2.489001328398222912e-02,2.041348815619843826e+00
6.219917150342399736e+02,5.721018541298944250e-11,-2.896928386773333109e-08,2.551735713654283736e-06,6.014235562760292730e-04,-2.402960002579022925e-02,2.058915103821000514e+00
6.221951402585000324e+02,6.788746753372921954e-11,-3.392405033301421528e-08,3.203379382023970255e-06,5.838631138247492173e-04,-2.371242129489273612e-02,1.974207252322060180e+00
6.223985488074399655e+02,7.317717335141918142e-11,-3.709373197783406934e-08,3.635639759431116783e-06,5.934286338681558914e-04,-2.614418731342393540e-02,1.969728819634700034e+00
6.226019406810600003e+02,5.673596864652418086e-11,-2.971700921891729996e-08,2.841680795046373933e-06,5.721188340282544861e-04,-2.267871063302982423e-02,1.994233866142932188e+00
6.228053158793600232e+02,5.100666589463233256e-11,-2.558390872895675602e-08,1.854125819076993727e-06,6.675895111291219996e-04,-2.636379593588214498e-02,2.079590879504693568e+00
6.230086744023400342e+02,-6.672737852245488271e-13,4.422438908458829122e-09,-4.408879945492814604e-06,1.229033978800748604e-03,-4.572852414729881160e-02,2.243003600571337408e+00
6.232120162499999196e+02,8.790888696270053325e-11,-4.702114238166932066e-08,6.097158393915977186e-06,3.394988926618880192e-04,-1.811033216349721212e-02,2.044324303115928831e+00
6.234153414223400205e+02,9.079761923780890850e-11,-4.916701402085461023e-08,6.714046444719423969e-06,2.578067323525860366e-04,-1.369583097642600167e-02,2.027392486678675443e+00
6.236186499193599957e+02,8.176243727161487599e-11,-4.264697673137790094e-08,5.242772669090674747e-06,3.686846763189473341e-04,-1.518788902049995372e-02,2.033814722139593911e+00
6.238219417410600727e+02,8.536743875679541928e-11,-4.608133677791334690e-08,6.166970454505435748e-06,2.846095821091708280e-04,-1.340974716155211854e-02,2.059224424078238691e+00
6.240252168874400240e+02,1.074335992353152946e-10,-5.882271948015732508e-08,8.624075449979206858e-06,1.080594144847213422e-04,-9.800377516238986328e-03,2.051602771680178350e+00
6.242284753585000772e+02,9.448718778200949390e-11,-5.045079837728046689e-08,6.716668332354391281e-06,2.915896372758777148e-04,-1.672456415058287682e-02,2.129542025340612099e+00
6.244317171542400047e+02,8.054807154737915800e-11,-4.161241973818660647e-08,4.833174712636455805e-06,4.434695146401620210e-04,-1.998843201687289586e-02,2.112727896341752398e+00
6.246349422746600339e+02,1.683113643885498921e-10,-1.019631624739244928e-07,1.999557787151142951e-05,-1.250694986812313616e-03,6.096940180147932681e-02,4.031317165192363383e+00
6.248381507197600513e+02,6.964045606652754811e-11,-3.543285439478891793e-08,3.668106449273068676e-06,5.193234978473365180e-04,-2.011930485996871534e-02,2.049732457530175633e+00
6.250413424895400567e+02,6.739348702074795413e-11,-3.432082600283561240e-08,3.469924898762244438e-06,5.345983833050430402e-04,-2.030155819482635723e-02,2.027547010539215044e+00
6.252445175839999365e+02,4.168067815646926709e-11,-1.838346588636813417e-08,3.437430015346558850e-09,8.457842566516713019e-04,-3.050538308177795643e-02,2.070956467881291729e+00
6.254476760031400318e+02,5.222911808077322873e-11,-2.644157388709790577e-08,2.281379759657970360e-06,5.595675221089560763e-04,-1.580668593802970340e-02,1.946364745351299996e+00
6.256508177469600014e+02,4.348363110080780690e-11,-1.963053736587848904e-08,2.507540421791827163e-07,8.396199652873772646e-04,-3.228657284115191844e-02,2.160258158785301141e+00
6.258539428154599591e+02,6.713789588463759255e-11,-3.392964738753535781e-08,3.366621442560039705e-06,5.477844027668590885e-04,-2.192506170856776959e-02,2.175387870693218595e+00
6.260570512086400186e+02,7.806624247302701731e-11,-4.133530727333731484e-08,5.131484919816268656e-06,3.665407466814468132e-04,-1.468273659333446148e-02,2.118211317672175742e+00
6.262601429264999524e+02,4.045566944027982759e-11,-1.820498475004793098e-08,2.892618392142785681e-07,7.605091509461969811e-04,-2.449214840876163743e-02,2.183180837170705324e+00
6.264632179690399880e+02,6.282107649005295314e-11,-2.999142641153033256e-08,2.236144672931291038e-06,6.628164423940957400e-04,-2.454458271385677806e-02,2.132890099895026204e+00
6.266662763362600117e+02,7.947906535027141689e-11,-4.064863503454825874e-08,4.627785283825840241e-06,4.395884380677287187e-04,-1.704744763752766637e-02,2.137534577787336687e+00
6.268693180281600235e+02,7.024769409970680312e-11,-3.568486286962841860e-08,3.812614098944184908e-06,4.750023952160976719e-04,-1.635005455213062175e-02,2.144883473431169030e+00
6.270723430447400233e+02,7.674327468433183392e-11,-3.835069377244829009e-08,3.990156542160381923e-06,5.178232686261381983e-04,-2.140023406139977130e-02,2.242489837925019547e+00
6.272753513860000112e+02,9.517105636298816067e-11,-5.166004760997484129e-08,7.555607630734297167e-06,9.468952190798070095e-05,-2.177537799990595692e-03,2.167581280085121520e+00
6.274783430519401008e+02,6.326321048688325332e-11,-3.036223320366718850e-08,2.307269042452928057e-06,6.691027628184467333e-04,-2.739883160433310982e-02,2.385124940101113200e+00
6.276813180425600649e+02,4.704693741407245337e-11,-1.983734133957088004e-08,-1.640356707032989417e-07,9.200796645936224014e-04,-3.718755090130518304e-02,2.445782424743843997e+00
6.278842763578600170e+02,5.125627561690908519e-11,-2.385397149070481817e-08,1.204864648996603484e-06,7.178952190289178024e-04,-2.548144247577274410e-02,2.303399694366766948e+00
6.280872179978400709e+02,7.272851249109038076e-11,-3.795360387004405253e-08,4.445938795887999149e-06,4.146905639163070444e-04,-1.520252100040809726e-02,2.219290792580025595e+00
6.282901429624999992e+02,6.528345124100432035e-11,-3.253898124100332149e-08,3.239361787637896106e-06,4.879367144921929614e-04,-1.295205307209199193e-02,2.111836042989036599e+00
6.284930512518399155e+02,8.430031562425952422e-11,-4.391057833000351983e-08,5.461349641869373963e-06,3.452393664142075209e-04,-1.275259593301682898e-02,2.160098501265183213e+00
6.286959428658600473e+02,1.014576879600113371e-10,-5.429164330078811898e-08,7.686991395862807736e-06,1.421990947402010884e-04,-5.871009878960549259e-03,2.106702554132974914e+00
6.288988178045600534e+02,7.463742538341427296e-11,-3.645756342859545949e-08,3.603241112254273495e-06,5.181826140394849012e-04,-1.757165398142448293e-02,2.150201723680178922e+00
6.291016760679399340e+02,1.194349823452488396e-10,-6.496329582442228500e-08,9.944683317078967390e-06,-6.268300840811556263e-05,1.493655158553441626e-03,2.056366625179789409e+00
6.293045176560000300e+02,1.173242978003544545e-10,-6.490226566906169287e-08,1.022109436935599235e-05,-1.207652005399593943e-04,5.052451035318712702e-03,2.000539707331112194e+00
6.295073425687400004e+02,8.724633296147355124e-11,-4.768039228355511186e-08,7.001837880515077991e-06,1.003342662518594866e-04,2.716265410328155177e-04,2.103799456480786922e+00
6.297101508061599588e+02,1.095391883995786942e-10,-5.997327244070509926e-08,9.112013643794192284e-06,-7.276908186964311853e-06,-8.096369526298351216e-04,2.186734110358533822e+00
6.299129423682600191e+02,8.436776733232800411e-11,-4.524975837810313352e-08,6.266957179327549421e-06,1.934048440196554290e-04,-4.072779078772657997e-03,2.142914860954804546e+00
6.301157172550399537e+02,1.063641148350195883e-10,-5.809516874433834751e-08,8.714437951998249581e-06,2.999367855943109944e-05,-1.785617347653504702e-03,2.152266423981201715e+00
6.303184754664999900e+02,8.169979050868092919e-11,-4.325530262153163018e-08,5.785018613541493083e-06,2.399990007653178125e-04,-6.464654501741827139e-03,2.245138090004745290e+00
6.305212170026400145e+02,9.200675278114235030e-11,-4.856027317568899682e-08,6.571070270115572151e-06,2.282008963824050602e-04,-9.796315523030278694e-03,2.329440152638881933e+00
6.307239418634600270e+02,9.238091058323722119e-11,-4.854016366334983476e-08,6.555747330002139743e-06,2.198978355220809777e-04,-8.554008985705914558e-03,2.327730964746736131e+00
6.309266500489600276e+02,1.151666648572234649e-10,-6.290375205623441713e-08,9.641852072126480398e-06,-3.668053538512775933e-05,-2.275939624256016064e-03,2.306168754440435009e+00
6.311293415591400162e+02,1.241006063471602495e-10,-6.885962772217694843e-08,1.097232574056579149e-05,-1.569863766361546823e-04,2.167109259759351144e-03,2.217680562875715466e+00
6.313320163940001066e+02,5.141763479467971005e-11,-2.405463638969000354e-08,1.364898378283870696e-06,6.976157830591500283e-04,-2.738295787441254528e-02,2.477030848378910743e+00
6.315346745535400714e+02,9.283518972973970029e-11,-5.022754332443874002e-08,7.184619311774604918e-06,1.453605984482364186e-04,-5.971175745410098670e-03,2.259415647340402344e+00
6.317373160377600243e+02,1.062198709125191806e-10,-5.645933878886625979e-08,7.988636531199126971e-06,1.268161320857508385e-04,-6.142372824248907084e-03,2.203583896312207635e+00
6.319399408466600789e+02,8.332064038452876048e-11,-4.384636070972032694e-08,5.669393293387908486e-06,2.903069198844152174e-04,-1.032363370881465327e-02,2.277506521035149500e+00
6.321425489802400079e+02,1.187812457809712958e-10,-6.579478068547865487e-08,1.049928685055665306e-05,-1.587878391237367731e-04,5.624395099644794935e-03,2.135446817723638535e+00
6.323451404384999250e+02,9.930294238796264914e-11,-5.464895759895338648e-08,8.303927559324133189e-06,1.916827021185739933e-05,-2.774622678249035452e-05,2.152220718780960773e+00
6.325477152214400576e+02,8.240869569638074512e-11,-4.377227247652089420e-08,5.922035557204620639e-06,2.214443840802986826e-04,-5.748704750515243149e-03,2.189002808768506281e+00
6.327502733290599508e+02,1.155402844894187333e-10,-6.564996549320530302e-08,1.101523482586549448e-05,-2.622124367585673579e-04,9.272975519523243143e-03,2.201595830673407583e+00
6.329528147613599458e+02,1.075023420033399857e-10,-5.803778523385673837e-08,8.594086086737840388e-06,5.010293651459184422e-05,-4.958204330187097192e-03,2.273741887235857906e+00
6.331553395183400426e+02,1.308027131925863218e-10,-7.451657726205413238e-08,1.263652398668803600e-05,-3.523106478712577740e-04,8.635178516803671336e-03,2.187526716017178963e+00
6.333578476000000137e+02,1.369832454150170966e-10,-7.849469471134974790e-08,1.360800671573641880e-05,-4.659593214959588717e-04,1.489520393454031935e-02,2.092596337531754447e+00
6.335603390063400866e+02,1.079683288436007494e-10,-5.958567340105891703e-08,9.172778611964925636e-06,-1.739593080014668460e-05,-3.049012129686099783e-03,2.228725911465936793e+00
6.337628137373600339e+02,8.669719730705002425e-11,-4.692906453515887379e-08,6.610272920377116931e-06,1.814806566167647349e-04,-7.496984348328448490e-03,2.234952242680616763e+00
6.339652717930600829e+02,8.989297197004973756e-11,-4.857607061445551425e-08,6.924264615861238535e-06,1.579803751310144969e-04,-7.208672294397589810e-03,2.232924695318925234e+00
6.341677131734400064e+02,8.721960237830766688e-11,-4.766819940054063312e-08,6.756505713027699985e-06,1.891514272208016283e-04,-1.012519511567955798e-02,2.253399657500688491e+00
6.343701378785000315e+02,8.835768448249143973e-11,-4.893931424883638263e-08,7.136895882142736387e-06,1.472467460152556936e-04,-8.571445612422940938e-03,2.251092080321935196e+00
6.345725459082400448e+02,7.333438750421144455e-11,-3.736380597883705449e-08,4.167289881037180439e-06,4.574521685341340874e-04,-2.087401357629554283e-02,2.376978285362773224e+00
6.347749372626600461e+02,1.137775127858592625e-10,-6.302118412002285941e-08,9.850487010392654892e-06,-5.690678523193599242e-05,-4.356739885957970279e-03,2.252828600063976783e+00
6.349773119417599219e+02,1.036178853009802128e-10,-5.657171899722073769e-08,8.554559160272466242e-06,3.048110656926778932e-05,-4.855404559137663049e-03,2.251520302307336241e+00
6.351796699455400130e+02,2.929957679280463334e-11,-1.646618620669905765e-08,9.066468796787810126e-07,6.390816841530836886e-04,-2.327205921208289410e-02,2.365791577366547660e+00
6.353820112739999786e+02,4.197793939901312790e-11,-2.307665669695184295e-08,1.983922777770979244e-06,5.838179676963430173e-04,-2.253001574697974588e-02,2.337629187517153095e+00
6.355843359271399322e+02,3.513032505702986975e-11,-1.970782841016691835e-08,1.536029044023048928e-06,5.914195776946950698e-04,-2.200256344295213606e-02,2.307108290704253495e+00
6.357866439049599876e+02,2.761935012616780082e-11,-1.556687713619285283e-08,7.905760273609913238e-07,6.411331815790215693e-04,-2.322143523287184541e-02,2.335307766391391926e+00
6.359889352074600311e+02,2.789680907507161820e-11,-1.525295992641750819e-08,5.808062454403457560e-07,6.747640406569187016e-04,-2.466834491036840049e-02,2.330506258230088168e+00
6.361912098346399489e+02,1.015619906923722944e-10,-5.535599072900928184e-08,8.194519331239663725e-06,8.600110733766648410e-05,-9.140198846594921323e-03,2.314864063805389893e+00
6.363934677864999685e+02,3.075648285398449292e-11,-1.677439933664236580e-08,8.325733459992390050e-07,6.646202215221792787e-04,-2.539776636634415857e-02,2.335779685926567595e+00
6.365957090630399762e+02,4.134067078207458480e-11,-2.432430183501576323e-08,2.853557018092531387e-06,4.209834483889832147e-04,-1.338627035341346562e-02,2.222927375119701399e+00
6.367979336642600856e+02,3.950496071579124960e-11,-2.186099077818836234e-08,1.852048019190549833e-06,5.840163416589791304e-04,-2.358611380417024311e-02,2.366606999180580040e+00
6.370001415901599557e+02,3.921922492536352547e-11,-2.197634848490789580e-08,1.950479680939967480e-06,5.652833546113974041e-04,-2.249151840995206389e-02,2.377847923729922375e+00
6.372023328407400413e+02,2.872983307769158950e-11,-1.491585282924967432e-08,3.061245554244219489e-07,7.235859100103435608e-04,-2.821678891064802533e-02,2.422113412564738777e+00
6.374045074160000013e+02,2.602045231043539756e-11,-1.335799876804677479e-08,6.984955397018477135e-09,7.459132152665473841e-04,-2.861721557855741171e-02,2.394644033772202807e+00
6.376066653159399493e+02,3.155694839788718829e-11,-1.696522722313427272e-08,8.292002445148890662e-07,6.714701880701708396e-04,-2.657893726054952679e-02,2.378067691603451106e+00
6.378088065405601128e+02,2.495626937176669264e-11,-1.179698095438728266e-08,-5.363556948895183898e-07,8.146033236906804944e-04,-3.138124370088488102e-02,2.353134823702957235e+00
6.380109310898600370e+02,1.308194012122686690e-11,-4.934060779990618510e-09,-1.809548927430346656e-06,8.832168144918963815e-04,-2.937580435686387020e-02,2.235885639428757621e+00
6.382130389638399492e+02,1.456137561766879617e-11,-5.736920499655857121e-09,-1.749170932705005353e-06,9.059858234997583953e-04,-3.243406217629454108e-02,2.264013510751484493e+00
6.384151301625000769e+02,2.765103227733741053e-11,-1.362712120463563839e-08,-8.071424097324887780e-08,7.625821269521228978e-04,-2.828096328846795363e-02,2.245321759857419330e+00
6.386172046858399654e+02,2.767338595691758340e-11,-1.412084757765845442e-08,1.313329330603188017e-07,7.279116157278565360e-04,-2.642625972290785219e-02,2.287813799827433048e+00
6.388192625338599555e+02,4.049084849029154515e-11,-2.213798115038839361e-08,1.771233489504578707e-06,6.242009456223562370e-04,-2.814130533912147583e-02,2.407234342860204102e+00
6.390213037065600474e+02,3.802106510655612940e-11,-1.957310001504875602e-08,8.879108371911967569e-07,7.526811201467617334e-04,-3.527055020264568269e-02,2.441989061191518928e+00
6.392233282039400137e+02,2.668830505313881698e-11,-1.264177423896805593e-08,-5.586641845210345676e-07,8.671693970379403850e-04,-3.750598428165815429e-02,2.428452796764569932e+00
6.394253360259999681e+02,1.458322163376189838e-11,-5.377165533170061435e-09,-1.998791892072695809e-06,9.633713224503084004e-04,-3.791967377863209032e-02,2.413753671525554090e+00
6.396273271727400243e+02,2.952976288357872247e-11,-1.478335813987808195e-08,2.517772527420553626e-08,7.884305439687506979e-04,-3.195580079383967403e-02,2.315070540049387837e+00
6.398293016441599548e+02,2.512609407297979831e-11,-1.306640317134151752e-08,2.237432817014745314e-08,7.341427799692013326e-04,-2.762468841958775484e-02,2.258099295426014841e+00
6.400312594402601007e+02,3.321420761563874121e-11,-1.805284978811614233e-08,1.122779116380693157e-06,6.327522736968631224e-04,-2.448989138801713900e-02,2.313902384316899763e+00
6.402332005610400074e+02,2.931649240004866774e-11,-1.416068987500865251e-08,-1.354910565204750613e-07,7.992881048007692947e-04,-3.302368497342362402e-02,2.454741697953600976e+00
6.404351250065001295e+02,1.062898164456087384e-11,-1.227625896013123621e-09,-3.303339917692054772e-06,1.117949844985067619e-03,-4.321901413652918383e-02,2.364701129046479444e+00
6.406370327766400123e+02,8.861292417583685516e-12,-8.835967353130449130e-10,-3.176988032635549179e-06,1.089166146049590743e-03,-4.275805448689609656e-02,2.395525253200984750e+00
6.408389238714599969e+02,2.069627451525821073e-11,-9.697798476197704672e-09,-8.830759055507129879e-07,8.400284886750881757e-04,-3.321805274746130604e-02,2.411081484427998856e+00
6.410407982909600832e+02,2.504146273664385814e-11,-1.334677192266557969e-08,1.873124909932820868e-07,7.095146233586777833e-04,-2.767784979794047154e-02,2.398327981384370311e+00
6.412426560351400440e+02,2.389773672468025030e-11,-1.162413039992633355e-08,-4.440481846876414497e-07,7.873324692339039735e-04,-2.954682820924823400e-02,2.317365735329314447e+00
6.414444971039999928e+02,9.087343630248378594e-12,-9.777332114673585635e-10,-3.178717928145178879e-06,1.086397010234074669e-03,-4.163636976075199558e-02,2.355432741209478653e+00
6.416463214975400433e+02,2.327088531155332019e-11,-1.047248843752369977e-08,-9.254367999268520804e-07,8.646896400531559577e-04,-3.348818672362743887e-02,2.256577388326594047e+00
6.418481292157599682e+02,1.142813623394764707e-11,-2.284977728622768809e-09,-2.920146966984642461e-06,1.068473748846342913e-03,-4.155067160605978305e-02,2.352790459703972825e+00
6.420499202586599949e+02,8.328452857222179106e-12,7.397653809204758489e-10,-3.935123458725299905e-06,1.201916815933479557e-03,-4.726034254544009966e-02,2.403116823523441692e+00
6.422516946262400097e+02,2.233852423183642242e-11,-8.842437284468426155e-09,-1.636490139229592343e-06,9.714823257155532363e-04,-3.815660899039229753e-02,2.305229718841674824e+00
6.424534523185000126e+02,1.782486022391126206e-11,-7.292931205490843861e-09,-1.576751914848740290e-06,9.087311899356959391e-04,-3.286679247517666769e-02,2.210472114399880006e+00
6.426551933354398898e+02,3.205311551535003634e-11,-1.592418923070951197e-08,2.261999237270357608e-07,7.643357630719417812e-04,-3.032932705831194523e-02,2.321234019451262842e+00
6.428569176770599825e+02,3.715463465114543900e-11,-1.984308133010961800e-08,1.293688471242162483e-06,6.430643143386216955e-04,-2.551859480404029129e-02,2.324613652454325052e+00
6.430586253433599495e+02,1.940153777380636431e-11,-8.020747808124865926e-09,-1.456101762378246329e-06,9.006310514401861395e-04,-3.325862610772781225e-02,2.310953425203111422e+00
6.432603163343400183e+02,1.265911078763263548e-11,-4.172384644554758797e-09,-2.182800754081329635e-06,9.476694921983872411e-04,-3.307795730049400973e-02,2.234698727579975674e+00
6.434619906499999615e+02,1.275690134721717001e-11,-4.113473088367347898e-09,-2.199550704459578039e-06,9.519851453462693357e-04,-3.403722648375338139e-02,2.237746969989205859e+00
6.436636482903401202e+02,2.090977960230922731e-11,-8.030136650976828660e-09,-1.683261484985396503e-06,9.428461904805501750e-04,-3.476491056952070446e-02,2.263843770796637678e+00
6.438652892553600395e+02,2.011814744405189850e-11,-8.916678708249348031e-09,-1.209687433614193206e-06,8.888217159068762408e-04,-3.445065530178831326e-02,2.289303699482032162e+00
6.440669135450599470e+02,2.616114615878193186e-11,-1.261756410576753592e-08,-3.249794598086211002e-07,7.732026787460091191e-04,-2.616186892143988751e-02,2.142760719234520383e+00
6.442685211594400698e+02,1.688130569346319716e-11,-6.222055701011382767e-09,-1.892625745252128037e-06,9.479555876931901196e-04,-3.583837453612860602e-02,2.323184210912617065e+00
6.444701120985000671e+02,2.444219798651698252e-11,-1.173195145880789097e-08,-4.498403360786812193e-07,7.831662196366860791e-04,-2.805726232235887865e-02,2.254306703513489829e+00
6.446716863622399387e+02,2.020720956341583599e-11,-8.496889761576745395e-09,-1.398245610329831322e-06,9.082237971557428858e-04,-3.492861580105431629e-02,2.340402640537226020e+00
6.448732439506600258e+02,2.903552370179745536e-11,-1.347488575237103782e-08,-4.801373507803746628e-07,8.528543556835643108e-04,-3.485389830264824101e-02,2.358475536674037532e+00
6.450747848637599873e+02,9.910828748058293450e-12,-2.395569293184712124e-09,-2.503998527821870489e-06,9.578954861734473693e-04,-3.280157945892896165e-02,2.299841081616115446e+00
6.452763091015399368e+02,3.577734059206512239e-11,-1.703108998218233870e-08,1.812182383412011947e-07,8.006131515583555331e-04,-3.330774334713431512e-02,2.380599466791493146e+00
6.454778166639999881e+02,3.760919008533180095e-11,-1.868089800135212025e-08,6.746114691853860369e-07,7.393993146226047293e-04,-3.021074331448381223e-02,2.307667796258137116e+00
6.456793075511400275e+02,2.166204656186308810e-11,-9.041797615593908822e-09,-1.262120687298042868e-06,8.794543985578719266e-04,-3.209088511773208752e-02,2.253977625464872681e+00
6.458807817629599413e+02,2.136197747831641868e-11,-8.957262432561325902e-09,-1.254044811517735766e-06,8.752229685136355460e-04,-3.187379334047199531e-02,2.285621327317233664e+00
6.460822392994600705e+02,3.709862156796189155e-11,-2.039888973711952399e-08,1.733852874975306956e-06,5.421566853585474931e-04,-1.783708606421453152e-02,2.161346789581132910e+00
6.462836801606399604e+02,7.696070302602238832e-12,-4.104089169338004217e-10,-3.133045074473428034e-06,1.032748165061588312e-03,-3.478279370320044861e-02,2.245540312466435484e+00
6.464851043465000657e+02,2.561729396818091091e-11,-1.095352199796289553e-08,-1.071046129936123382e-06,8.914356055150182180e-04,-3.349157737275258728e-02,2.282704281212170727e+00
6.466865118570400455e+02,2.014975408195758150e-11,-8.063326745850185318e-09,-1.446493797559130777e-06,8.783002470370646769e-04,-3.014733808221138969e-02,2.263278270702477002e+00
6.468879026922601270e+02,2.894774630774987657e-11,-1.427691453761774758e-08,1.573050780510172806e-07,7.000420630075127309e-04,-2.263331561043315995e-02,2.182658426764471304e+00
6.470892768521600829e+02,2.406978727314728164e-11,-1.085568326979464929e-08,-6.946692412492655032e-07,7.935996371086479319e-04,-2.702212187566707668e-02,2.213382883620152342e+00
6.472906343367400268e+02,1.865152176068889132e-10,-1.280748006826164699e-07,3.082443594921887827e-05,-3.085357637290828126e-03,1.863106504865492119e-01,1.272390392260784431e+00
6.474919751460000725e+02,3.691978996781960632e-11,-1.737978028223818751e-08,2.483136241691517336e-07,7.714428417889436767e-04,-2.911345689405656426e-02,2.219170448467267853e+00
6.476932992799399926e+02,2.205480311766991989e-11,-9.659395594836327718e-09,-1.051875548516358554e-06,8.525124864995302625e-04,-3.098150100319872410e-02,2.224811512656372336e+00
6.478946067385600145e+02,4.168470411909279855e-11,-2.195689676757031414e-08,1.669313064615875969e-06,6.021989498677867174e-04,-2.251812058803656993e-02,2.173838024643825584e+00
6.480958975218600244e+02,2.186295904827874683e-11,-8.861772126153277492e-09,-1.360057307281002058e-06,8.765989238205241195e-04,-2.928435117963890805e-02,2.154197244623342833e+00
6.482971716298400224e+02,2.604179340477298662e-11,-1.154744834855305986e-08,-6.786109242146416195e-07,8.006987120593735650e-04,-2.676062979507058681e-02,2.176534858927649196e+00
6.484984290625000085e+02,3.853537279325448550e-11,-1.895996903133811710e-08,7.794493294162688455e-07,7.053549878295327412e-04,-2.693790629072568762e-02,2.225752052619411447e+00
6.486996698198399827e+02,2.013162285473392297e-11,-8.727653826229023016e-09,-1.042201592551080065e-06,8.015913038352082305e-04,-2.532426798307428964e-02,2.140539273543387910e+00
6.489008939018599449e+02,3.926335090240567470e-11,-1.918784521079348917e-08,8.315639454978651940e-07,6.837672777817887289e-04,-2.387487372793527934e-02,2.150548373040061634e+00
6.491021013085598952e+02,3.885227796083377689e-11,-1.988177216817023806e-08,1.198579083261032988e-06,6.402470810925845086e-04,-2.416697329401834918e-02,2.232681990093901447e+00
6.493032920399400609e+02,5.774569467733273128e-11,-3.139054570918023780e-08,3.642670325526430243e-06,4.178599498593503253e-04,-1.482567434402675376e-02,2.116483953636179027e+00
6.495044660959999874e+02,3.234144369635564062e-11,-1.494310688127121433e-08,-6.415394792540062041e-08,7.594143038488535523e-04,-2.652672542049771751e-02,2.225226794855883927e+00
6.497056234767400156e+02,4.691074434514889043e-11,-2.386821677640278905e-08,1.835124113826415876e-06,6.022011936163305587e-04,-2.276986966640515489e-02,2.213200824395816557e+00
6.499067641821600319e+02,3.418300281048598127e-11,-1.616234742360795401e-08,2.554286647980050681e-07,7.265762829509819169e-04,-2.596178102372645805e-02,2.213080242386080698e+00
6.501078882122600362e+02,2.569197158901673919e-11,-1.128411136272780848e-08,-7.968987418471963531e-07,8.264097307482783572e-04,-2.907929560460811164e-02,2.165736549209844597e+00
6.503089955670400286e+02,3.881797637988934877e-11,-1.942043401340753950e-08,1.021698546151267501e-06,6.503855767753661437e-04,-2.274833871461361470e-02,2.185264464119715644e+00
6.505100862465000091e+02,5.356084578221964683e-11,-2.923649122023649288e-08,3.273948152723224978e-06,4.475295307396838680e-04,-1.688564134535106009e-02,2.165055878637236031e+00
6.507111602506400914e+02,3.368383225498751858e-11,-1.629888314118086588e-08,4.334674161259090387e-07,6.817284110710113663e-04,-2.212792900354937711e-02,2.142211062317003645e+00
6.509122175794600480e+02,5.017719358963789901e-11,-2.641245112080741901e-08,2.545254497079168793e-06,5.148468918578980903e-04,-1.827922435395193043e-02,2.086511839467503737e+00
6.511132582329599927e+02,4.846526338213376570e-11,-2.458719064121807403e-08,1.861675110728472503e-06,6.190587701425378717e-04,-2.391257997994373705e-02,2.103091883490757930e+00
6.513142822111400392e+02,5.204366247340611729e-11,-2.713673019389680345e-08,2.529573439570824602e-06,5.414061406771963729e-04,-2.028606354686832147e-02,2.079640939554631807e+00
6.515152895139999600e+02,3.177913960154077253e-11,-1.546793392821739423e-08,3.387465522128873039e-07,6.787444972576751456e-04,-2.111874731262941909e-02,2.043777161451152846e+00
6.517162801415399827e+02,4.843772247777033847e-11,-2.624290261431461282e-08,2.803806443543601948e-06,4.440590598059089350e-04,-1.322024806352848497e-02,2.004681144168072304e+00
6.519172540937599933e+02,5.488089716121861576e-11,-3.019232521207575274e-08,3.642963367823644557e-06,3.807508805337690662e-04,-1.305937420575041877e-02,2.050034643986839544e+00
6.521182113706599921e+02,6.158678418084681612e-11,-3.416769158842945674e-08,4.363971365365782128e-06,3.458423140711944666e-04,-1.408797129014882805e-02,2.092928194469672043e+00
6.523191519722399789e+02,5.973893242782455560e-11,-3.285179010771123200e-08,4.014569613960894776e-06,3.894106218429890754e-04,-1.675131465456105792e-02,2.128780373578182505e+00
6.525200758985000675e+02,5.806723400952747825e-11,-3.225234853872178375e-08,4.065396662282354233e-06,3.440801260334105135e-04,-1.122952754151642155e-02,2.019392560586838137e+00
6.527209831494400305e+02,6.135558623829357694e-11,-3.353305965342811098e-08,4.130931113012925101e-06,3.691646441198976150e-04,-1.427660466878255541e-02,2.080513446645371189e+00
6.529218737250600952e+02,4.739411994634591589e-11,-2.398108133072731055e-08,1.840091653577275899e-06,6.012323515556117085e-04,-2.360934747807879805e-02,2.156579182904324377e+00
6.531227476253600344e+02,4.881397709612088716e-11,-2.637060986472447059e-08,2.749702864500543875e-06,4.810449317759976379e-04,-1.885312077734940805e-02,2.134534575001042711e+00
6.533236048503400752e+02,5.785221805821102625e-11,-3.058800507309601904e-08,3.201331088903335085e-06,5.003899136392041778e-04,-2.163595122479885710e-02,2.149712991286301111e+00
6.535244453999999905e+02,5.788666869142580061e-11,-3.072198548615698265e-08,3.281776196617964442e-06,4.877169003145246100e-04,-2.151645214967269973e-02,2.163020654485665162e+00
6.537252692743400075e+02,4.236187422201716241e-11,-2.163547774377485123e-08,1.577795305620059639e-06,5.851946091965703946e-04,-2.046866706383033627e-02,2.093230186034013673e+00
6.539260764733600126e+02,5.097176757454672080e-11,-2.780128636638989866e-08,3.108930933232036500e-06,4.327487320827034839e-04,-1.537040500395783771e-02,2.046615325794637563e+00
6.541268669970600058e+02,4.174454271261495479e-11,-2.247923329448711807e-08,2.067230447707544722e-06,5.165753335194257475e-04,-1.851098551305773235e-02,2.060591230551366060e+00
6.543276408454399871e+02,6.020234603695603220e-11,-3.336742742141929026e-08,4.288187352027930642e-06,3.302141683874863613e-04,-1.207038120028252129e-02,1.996793544671832787e+00
6.545283980185000701e+02,4.859795876892950319e-11,-2.556751475343409099e-08,2.399654473195634115e-06,5.263821869076982379e-04,-2.003100989891665185e-02,2.050403389718720160e+00
6.547291385162400275e+02,5.737522671332543436e-11,-3.200688653620208416e-08,4.090147825528572460e-06,3.456292766061709316e-04,-1.398305555427797713e-02,2.048702215150990380e+00
6.549298623386599729e+02,5.497609964234432971e-11,-2.919995268474649161e-08,3.156060021616407345e-06,4.558551822261823505e-04,-1.755315513042328759e-02,2.025084442853969158e+00
6.551305694857600201e+02,5.663929989843395075e-11,-3.118488836611460757e-08,3.786760487350324173e-06,3.873735863185001453e-04,-1.554187513807028798e-02,2.023454709226261805e+00
6.553312599575399418e+02,6.637171699437172268e-11,-3.732175153595543703e-08,5.224188864959552107e-06,2.308067824138387814e-04,-8.329435360357205498e-03,1.986409317411502506e+00
6.555319337539999651e+02,5.901065194060478718e-11,-3.334258329062349486e-08,4.496528630113256720e-06,2.884650605856845917e-04,-1.091305746241015909e-02,2.009379146821607787e+00
6.557325908751399766e+02,6.023420932486063389e-11,-3.375790550289892882e-08,4.479076305731693258e-06,3.007275126962268182e-04,-1.096747092478460132e-02,1.956686040174651087e+00
6.559332313209599761e+02,4.791588323314241561e-11,-2.503855559760246732e-08,2.282290637342307579e-06,5.379230917789728150e-04,-2.103161253716266665e-02,2.010543976511793396e+00
6.561338550914600773e+02,4.490603292306922466e-11,-2.245238221661830092e-08,1.567500131438754993e-06,6.131707677507726916e-04,-2.342947380393758244e-02,2.021735623531982107e+00
6.563344621866400530e+02,5.882702937309498411e-11,-3.162553470315273968e-08,3.645594499719678934e-06,4.257782764914306369e-04,-1.808585166661070415e-02,1.989686744329492551e+00
6.565350526065001304e+02,4.797421211779966845e-11,-2.567275360658560361e-08,2.578798189188261416e-06,4.907034770141336993e-04,-1.865501992338229956e-02,2.052695312554936979e+00
6.567356263510400822e+02,6.617175583151696585e-11,-3.626414784537199196e-08,4.605045495246519968e-06,3.568649000166251146e-04,-1.720940874561956851e-02,2.028408128123983634e+00
6.569361834202600221e+02,4.686627489523842567e-11,-2.477793909795716568e-08,2.308758923494896357e-06,5.304791160857029409e-04,-2.123904714833064339e-02,2.072420286478337204e+00
6.571367238141600637e+02,2.642409725254480428e-11,-1.086468381853350950e-08,-1.012707154021758761e-06,8.556928151393120800e-04,-3.259918885661133858e-02,2.117254738479553922e+00
6.573372475327399798e+02,4.464619264823299351e-11,-2.428696336833219355e-08,2.632961307503432725e-06,4.231444646676410883e-04,-1.287315674708096845e-02,1.984696513214490921e+00
6.575377545759999975e+02,4.450145508284482793e-11,-2.341135620923848385e-08,2.036045813540172104e-06,5.536632430614028474e-04,-2.249125021684572623e-02,2.117862499518622599e+00
6.577382449439400034e+02,6.793822193950031496e-11,-3.828723206767711043e-08,5.320685990073340287e-06,2.624846754908032151e-04,-1.398516330592826026e-02,2.096693395120325931e+00
6.579387186365599973e+02,5.126430792274307376e-11,-2.656722733240374196e-08,2.406410850702575421e-06,5.590752280052510960e-04,-2.425457582230543599e-02,2.128323863245520364e+00
6.581391756538599793e+02,5.154572242475538798e-11,-2.703274476423259052e-08,2.636643805488353315e-06,5.221682804049436683e-04,-2.278339038053907653e-02,2.134701953730913093e+00
6.583396159958400631e+02,3.814006433687885747e-11,-1.901513186325323175e-08,1.022428695709991866e-06,6.403559161714666038e-04,-2.405624791992076045e-02,2.016889949025319151e+00
6.585400396625000212e+02,4.644601405416563293e-11,-2.529949634638049156e-08,2.661442225484479353e-06,4.693873104800164631e-04,-1.830360599114917719e-02,2.052104183659661185e+00
6.587404466538399674e+02,4.470833082259584647e-11,-2.476207035045427311e-08,2.738606981816579721e-06,4.318841984517116073e-04,-1.552534587272222724e-02,2.045670185489696813e+00
6.589408369698600154e+02,4.573128372040767128e-11,-2.516132508703473023e-08,2.749758011939995831e-06,4.408240532087165462e-04,-1.652542906699947314e-02,2.101289436273017230e+00
6.591412106105599378e+02,6.006930753021274280e-11,-3.374061382750414926e-08,4.443030635598900491e-06,3.225732449917494246e-04,-1.472326047536460722e-02,2.091874265039359582e+00
6.593415675759400756e+02,3.088906591624989510e-11,-1.495413182164651436e-08,2.524359929457713881e-07,7.004651247506347858e-04,-2.671031550690505449e-02,2.130431606607077200e+00
6.595419078659999741e+02,3.600589083864995579e-11,-1.805101869931586371e-08,8.332071180595370018e-07,6.725122142957146382e-04,-2.784306579816029151e-02,2.162113687562411179e+00
6.597422314807400880e+02,3.351299733501713132e-11,-1.646446385100831416e-08,5.384633525844788348e-07,6.865129626915943183e-04,-2.793516815839984166e-02,2.193976107518245566e+00
6.599425384201600764e+02,4.739246823507676884e-11,-2.427056318118945872e-08,1.926416432244345489e-06,6.034613666290392087e-04,-2.590977769163527178e-02,2.126621114863673778e+00
6.601428286842599391e+02,2.732309500587323974e-11,-1.255672533514455801e-08,-3.177748682910997560e-07,7.577705557398132759e-04,-2.860998690642458167e-02,2.079961850991397299e+00
6.603431022730400173e+02,4.063324701281388056e-11,-2.095544641247887458e-08,1.571544838974408626e-06,5.732575432228168575e-04,-2.114272456586066898e-02,2.021592920159983819e+00
6.605433591864999698e+02,4.096387068948563778e-11,-2.138306901581327707e-08,1.596619120232271254e-06,6.019574488897985656e-04,-2.538212825494414598e-02,2.150927182421926709e+00
6.607435994246400242e+02,2.092101925896715986e-10,-1.420745940525561871e-07,3.380566669998134714e-05,-3.312117333986956853e-03,1.840178017947766143e-01,1.587338718624217826e+00
6.609438229874600665e+02,3.194186872492338276e-11,-1.610901143522591902e-08,6.391080984693492073e-07,6.513409529125522863e-04,-2.472707432531821153e-02,2.153076699162402186e+00
6.611440298749599833e+02,3.708746723516445242e-11,-1.968836904313166463e-08,1.506166834635338499e-06,5.664025196248452434e-04,-2.209188401454235604e-02,2.171084950724507578e+00
6.613442200871400019e+02,3.219872733539336015e-11,-1.657411591387233729e-08,7.821050368990896328e-07,6.442665218539053587e-04,-2.612440680022934045e-02,2.218925115182028840e+00
6.615443936240000085e+02,4.608064016994562548e-11,-2.433355025498076329e-08,2.132548423872584455e-06,5.732982518739780263e-04,-2.591607585653020462e-02,2.217240311217945070e+00
6.617445504855400031e+02,3.913157246986632532e-11,-1.993765193965735415e-08,1.151369697590593489e-06,6.624578805933651303e-04,-2.857572406707866927e-02,2.226544057110958263e+00
6.619446906717599859e+02,3.369725697100270261e-11,-1.461739177927806053e-08,-5.221800379613618114e-07,8.637072758983455273e-04,-3.582349284842639703e-02,2.233782245146557432e+00
6.621448141826600704e+02,2.408038724494465799e-11,-1.060650957786803441e-08,-8.196140598209420282e-07,8.302750718631859766e-04,-3.405291018139523090e-02,2.252453863456639116e+00
6.623449210182400293e+02,3.384252988483257671e-11,-1.692721514905797518e-08,6.197855108434128719e-07,6.885890887659950731e-04,-2.772560481045992925e-02,2.146363361671361325e+00
6.625450111785000900e+02,3.277367084628720439e-11,-1.569631410667077780e-08,2.135229251301359895e-07,7.358119616235826894e-04,-2.889550243728798706e-02,2.147832647837579323e+00
6.627450846634400250e+02,3.495837186405225094e-11,-1.535506353416384928e-08,-3.989639293508070385e-07,8.645294747654756881e-04,-3.693952953728650568e-02,2.231538333889033776e+00
6.629451414730600618e+02,3.089397714639096531e-11,-1.454824654578017845e-08,-5.849644660926175264e-08,7.697403380366497645e-04,-3.103978646082784440e-02,2.182770576095754311e+00
6.631451816073600867e+02,3.468673822489626504e-11,-1.612819212947265425e-08,1.832615133293642456e-08,7.990548685870926555e-04,-3.376510198019795628e-02,2.283019214617166615e+00
6.633452050663399859e+02,2.783176372284354850e-11,-1.225223106653765605e-08,-7.048371123478274719e-07,8.522750572813784196e-04,-3.578160453453098355e-02,2.348517565433650311e+00
6.635452118500001006e+02,3.027295649892545995e-11,-1.371833918429446539e-08,-3.961421987271377412e-07,8.235135886951564258e-04,-3.441493446343538154e-02,2.270745659358232249e+00
6.637452019583399760e+02,1.698994083318343823e-11,-5.312028766150684009e-09,-2.238986677047812392e-06,9.832163777386561908e-04,-3.894241791113294687e-02,2.350825295139252979e+00
6.639451753913599532e+02,3.096646956210455069e-11,-1.472217785392235880e-08,1.644275239821493188e-08,7.553622992683190927e-04,-3.012250576968367524e-02,2.252566556744630688e+00
6.641451321490600321e+02,2.393119441480631289e-11,-1.016641635422765001e-08,-1.003337982572085968e-06,8.438634129119170412e-04,-3.257302992975020378e-02,2.290852000845935876e+00
6.643450722314399854e+02,2.566942191725995326e-11,-1.162957547209863968e-08,-6.265262581544960742e-07,8.085921099176054125e-04,-3.143401052831940740e-02,2.282328158473677426e+00
6.645449956384999268e+02,2.354901521896265249e-11,-1.073644415301599758e-08,-6.385626304257366328e-07,7.794224383173507234e-04,-2.919581895046319958e-02,2.333340928140588133e+00
6.647449023702400837e+02,2.481759202389988839e-11,-1.041682598810235423e-08,-1.076347522146135402e-06,8.671546797286583137e-04,-3.384602967288163206e-02,2.361031365005565430e+00
6.649447924266600012e+02,2.463494629821736322e-11,-1.089640346098956510e-08,-7.464760365692954678e-07,8.035779365203991886e-04,-2.973878038990131895e-02,2.260625669991935816e+00
6.651446658077599068e+02,3.449651796105443377e-11,-1.665525238723040952e-08,3.142340565257377576e-07,7.535561572782525485e-04,-3.199217717013346646e-02,2.341648432103332400e+00
6.653445225135400278e+02,1.732246673564455385e-11,-4.811896432671873531e-09,-2.587043046193143465e-06,1.046250633952559156e-03,-4.220981214733676018e-02,2.393861346318354233e+00
6.655443625440000233e+02,3.730678861634460343e-11,-1.789859550293815424e-08,4.219346550128723251e-07,7.659432807393062002e-04,-3.357893603160735929e-02,2.404153054485790975e+00
6.657441858991400068e+02,2.831073925328848779e-11,-1.283746571179525205e-08,-5.391506959490148011e-07,8.349271909726881406e-04,-3.510762195002808950e-02,2.436083824449546853e+00
6.659439925789599783e+02,4.067734150569595487e-11,-2.152975952309359163e-08,1.704987557568838795e-06,5.727719710968878211e-04,-2.204056809598706201e-02,2.289251511963590335e+00
6.661437825834600517e+02,3.611154094436177980e-11,-1.892287264994663366e-08,1.174892574153578218e-06,6.272898933464931930e-04,-2.582087281119210473e-02,2.377979265212379900e+00
6.663435559126399994e+02,4.104746385625994562e-11,-2.165592155959549310e-08,1.689015204764183952e-06,5.868198512719947696e-04,-2.425634106953317506e-02,2.382748123977952659e+00
6.665433125664999352e+02,2.963175030467353593e-11,-1.491511408044943388e-08,3.112213096128611472e-07,6.929894525165919894e-04,-2.528672732269669418e-02,2.279883564967450038e+00
6.667430525450400864e+02,2.272861046268270744e-11,-8.864255275844199747e-09,-1.485492114931468144e-06,9.147841550352825467e-04,-3.625580050230530621e-02,2.426227663666800538e+00
6.669427758482599984e+02,2.341710691358032373e-11,-1.027920934354218805e-08,-8.047318796122807507e-07,7.889287049689701825e-04,-2.744501062452592635e-02,2.314505914889488203e+00
6.671424824761600121e+02,2.817592565320449304e-11,-1.216923783879233982e-08,-8.015725908241669442e-07,8.623997031924300876e-04,-3.537389774960384564e-02,2.457301609230281514e+00
6.673421724287400139e+02,1.319793082026024596e-11,-3.801205363156706048e-09,-2.282072499300173665e-06,9.399431380079218724e-04,-3.438546810152844080e-02,2.394344774118383867e+00
6.675418457060000037e+02,1.560342757936122425e-11,-5.368627009092979105e-09,-1.922070314337282887e-06,9.009806274192877582e-04,-3.191135726644167558e-02,2.349175833139339975e+00
6.677415023079399816e+02,2.286868691510873399e-11,-9.404522381409746507e-09,-1.131734351798350249e-06,8.372141925190196851e-04,-3.047556208881207693e-02,2.395101329587267625e+00
6.679411422345600613e+02,5.668409803229076794e-12,1.912758401058795968e-09,-3.756464233388579870e-06,1.087995693446700256e-03,-3.853997917342105034e-02,2.365191360522520547e+00
6.681407654858600154e+02,1.271834405679612361e-11,-2.011124289772690211e-09,-3.090927365065877115e-06,1.063277675125752020e-03,-4.012537443765000489e-02,2.370034871196324389e+00
6.683403720618399575e+02,3.167862917633927187e-11,-1.520236101416069880e-08,1.302329095179141263e-07,7.371674712967688078e-04,-2.791106090369193521e-02,2.273867452055283511e+00
6.685399619625000014e+02,1.522844448205987328e-11,-4.674155040447033372e-09,-2.234094897492888835e-06,9.497187727758249964e-04,-3.392810416331020623e-02,2.279474881835381161e+00
6.687395351878400334e+02,2.867132084185462764e-11,-1.377787145677291241e-08,1.102673095703099294e-09,7.099843953746688609e-04,-2.371461773198575360e-02,2.220561914639734624e+00
6.689390917378600534e+02,3.777798278043840287e-11,-1.868841385614659258e-08,7.968809177023807539e-07,6.871161929766149250e-04,-2.684061876887003720e-02,2.319612725259525110e+00
6.691386316125600615e+02,1.622592026520743176e-11,-5.987633154992562017e-09,-1.740803753268793921e-06,8.830172488829596440e-04,-3.223988600402556692e-02,2.427471101057439906e+00
6.693381548119400577e+02,3.635319764533237337e-11,-1.841220054130508431e-08,9.061645104193088483e-07,6.583935288102847963e-04,-2.596329142310131038e-02,2.445858842100812058e+00
6.695376613360000420e+02,1.838175919637022138e-11,-7.618835087033171949e-09,-1.274009159025217313e-06,8.216920492263858318e-04,-2.873879992393725546e-02,2.380828641523902611e+00
6.697371511847400143e+02,3.205837129729909736e-11,-1.523824205556778489e-08,1.288025055221974230e-07,7.225497026776458434e-04,-2.563574026560933722e-02,2.323608378968641475e+00
6.699366243581600884e+02,1.720486326841967456e-11,-6.326176568448688510e-09,-1.674053989200212386e-06,8.644839980216667032e-04,-2.943533636916842444e-02,2.325947976485315039e+00
6.701360808562600369e+02,2.775801841142907332e-11,-1.265317665697805605e-08,-3.967349001707901316e-07,7.648040012155715934e-04,-2.657866932075683003e-02,2.274673361441444719e+00
6.703355206790399734e+02,3.310245743110171720e-11,-1.638526853712049302e-08,5.555846859959429843e-07,6.596937536922553493e-04,-2.226954448619217902e-02,2.251376670723495899e+00
6.705349438265000117e+02,3.201996379800392411e-11,-1.497770281029298364e-08,4.520735149562900588e-08,7.301848685026319412e-04,-2.577739107156593740e-02,2.306420799771140562e+00
6.707343502986400381e+02,2.184233012723288920e-11,-8.906040473360350735e-09,-1.198414775050277923e-06,8.337779194031652097e-04,-2.941589987175632220e-02,2.361588832974569563e+00
6.709337400954599389e+02,3.307638602122379197e-11,-1.594600047201652403e-08,3.862530829956162549e-07,6.782605289680325444e-04,-2.301422708045679222e-02,2.281423238329992387e+00
6.711331132169600551e+02,3.921066396216644701e-11,-1.950616264919774317e-08,1.015545819757249293e-06,6.494686636187417149e-04,-2.360281373969179072e-02,2.283037742791046654e+00
6.713324696631400457e+02,2.440140764738346392e-11,-1.078530204625683051e-08,-6.672405817427184851e-07,7.632005550095010424e-04,-2.547728704629947591e-02,2.295337963955189409e+00
6.715318094339999107e+02,3.894179727768690999e-11,-1.927422298792044926e-08,1.002403289422226544e-06,6.334552769072111355e-04,-2.159763140083743177e-02,2.271932625252065296e+00
6.717311325295399911e+02,2.848332738678714325e-11,-1.291518199001871293e-08,-3.536393922081244128e-07,7.520062988050501976e-04,-2.517794463611279510e-02,2.257570217234868171e+00
6.719304389497599459e+02,4.764014747923198372e-11,-2.612115576884215721e-08,2.965174461382590811e-06,3.943896757097306626e-04,-1.075952974599594589e-02,2.164474453331163062e+00
6.721297286946600025e+02,3.815246052468994609e-11,-1.925900192809557287e-08,1.149846942702862024e-06,6.025864813129951092e-04,-2.002172560361646647e-02,2.240769023494580292e+00
6.723290017642400471e+02,4.058676545579189051e-11,-2.089670076691525277e-08,1.570859948289195943e-06,5.545788471952655622e-04,-1.818420242263977041e-02,2.211687202105506955e+00
6.725282581585000798e+02,4.225128566152031252e-11,-2.229760564985228514e-08,2.016372975211968924e-06,4.870354610091437030e-04,-1.344464895265461840e-02,2.134899278389807975e+00
6.727274978774399870e+02,3.307628476108779350e-11,-1.516300416155457034e-08,-1.980472555920426237e-08,7.444263007291281953e-04,-2.653920104326647905e-02,2.260080322968283539e+00
6.729267209210599958e+02,3.866304784429148331e-11,-1.871523586854415095e-08,8.251995816942449520e-07,6.526575300785248659e-04,-2.264474485048579774e-02,2.257018524782496538e+00
6.731259272893601064e+02,4.660846635496643393e-11,-2.508776461658248027e-08,2.567958080870642082e-06,4.637243195098600780e-04,-1.598546855815191278e-02,2.216358751832288476e+00
6.733251169823399778e+02,4.660175556913723685e-11,-2.417461705900593977e-08,2.110270893603920217e-06,5.284781588735219544e-04,-1.776716512656367764e-02,2.153915046457135940e+00
6.735242899999999509e+02,5.005469286281166158e-11,-2.697937713750085082e-08,2.957134808918353632e-06,4.194441459463538430e-04,-1.306111553894666842e-02,2.136575346831649735e+00
6.737234463423400257e+02,5.582993525519947233e-11,-3.032619230942017415e-08,3.525929720427341474e-06,4.074051720969529603e-04,-1.611864578815638133e-02,2.224880687715196093e+00
6.739225860093599749e+02,4.740146968762629993e-11,-2.552907758757759488e-08,2.679602458215427116e-06,4.447237464359385622e-04,-1.428158791887390415e-02,2.155417015431123851e+00
6.741217090010599122e+02,5.685299558226328318e-11,-3.195666329564743493e-08,4.255839491953261233e-06,2.779270284629669794e-04,-7.242709192497565583e-03,2.074531662773177132e+00
6.743208153174400650e+02,4.207330510030782890e-11,-2.178024775792495527e-08,1.773393599014402742e-06,5.300593097451633713e-04,-1.674465547432816420e-02,2.165745774926480571e+00
6.745199049584999784e+02,5.113314748288154877e-11,-2.683131408914738346e-08,2.661155151691613069e-06,4.885481127148550264e-04,-1.853969406910726397e-02,2.222467362974032135e+00
6.747189779242399936e+02,5.890434838509725661e-11,-3.172009804825331662e-08,3.676397362982617966e-06,4.101468971060297751e-04,-1.646281473217509062e-02,2.185227382701423249e+00
6.749180342146599969e+02,4.868212117181207908e-11,-2.516884829030801231e-08,2.307912289165756264e-06,5.053702318961178627e-04,-1.695197348213680830e-02,2.159244077642606729e+00
6.751170738297599883e+02,5.390712196752437596e-11,-2.956077570824123562e-08,3.558487113132112628e-06,3.573749047401942052e-04,-9.812010490149944419e-03,2.034891825726034220e+00
6.753160967695400814e+02,4.907861443913390988e-11,-2.710583087824842422e-08,3.268162613771119432e-06,3.462887498687555656e-04,-8.216699518968653693e-03,2.053719388339976692e+00
6.755151030340000489e+02,5.494920024008009820e-11,-2.982320104294487779e-08,3.583733250514846749e-06,3.523084544835315538e-04,-9.845241034369860492e-03,2.055397929206706387e+00
6.757140926231401181e+02,5.133970462693663710e-11,-2.661497055794316410e-08,2.604391457677096785e-06,4.799165407042209710e-04,-1.661844015761993268e-02,2.141322673066209603e+00
6.759130655369600618e+02,5.544362269873125229e-11,-2.982057937004586541e-08,3.522723302810808520e-06,3.637479236436547093e-04,-1.069880458335010706e-02,2.042713477243328413e+00
6.761120217754599935e+02,5.858996144530422826e-11,-3.123018323226572949e-08,3.625042006158867949e-06,3.912376190678714641e-04,-1.437792164687119560e-02,2.118583119920256053e+00
6.763109613386400270e+02,6.507167337208702720e-11,-3.489725125597211458e-08,4.241950322498773022e-06,3.675408716852436477e-04,-1.549450949408610022e-02,2.140394444704634580e+00
6.765098842265000485e+02,6.708254271816986244e-11,-3.621066226782484702e-08,4.562715945605184802e-06,3.346933774981104099e-04,-1.479398721608370278e-02,2.157101911118342485e+00
6.767087904390399444e+02,6.119755675138035699e-11,-3.295912894774781030e-08,4.033606637897368782e-06,3.525474921560106450e-04,-1.392480073308537299e-02,2.157350143827677869e+00
6.769076799762600558e+02,6.530119641331220778e-11,-3.599081164847824392e-08,4.799634954008815200e-06,2.798466689034763270e-04,-1.242343505123631384e-02,2.173696813253935822e+00
6.771065528381600416e+02,5.943716972949202119e-11,-3.277104147281199048e-08,4.220974377747889037e-06,3.175743665460701269e-04,-1.304866695119666527e-02,2.148260417196192318e+00
6.773054090247400154e+02,6.493732737537688743e-11,-3.590416501050888441e-08,4.816512240309778478e-06,2.734195790387350432e-04,-1.184120500623270233e-02,2.156000078355946314e+00
6.775042485360000910e+02,6.635444083695951564e-11,-3.719754841236713923e-08,5.262580734139630854e-06,1.992922585137095188e-04,-6.198586491986739395e-03,2.029925419379396523e+00
6.777030713719400410e+02,7.095827789511936058e-11,-3.904420601946887518e-08,5.339175341777311835e-06,2.366366780359755936e-04,-9.360526604495588224e-03,2.015536201353038237e+00
6.779018775325599790e+02,5.205599794259186490e-11,-2.806896195858642099e-08,3.214480110909102619e-06,3.959086699976737604e-04,-1.425515388784156026e-02,2.072978916921968562e+00
6.781006670178600189e+02,6.296685013795976188e-11,-3.446143515088134002e-08,4.480252910321808755e-06,2.982657522582057375e-04,-1.163459693952221229e-02,2.052560791810370766e+00
6.782994398278399331e+02,5.917456469904206278e-11,-3.256496543462070452e-08,4.245309382393497815e-06,2.869965221338115842e-04,-8.638138644173620762e-03,1.971834297408120662e+00
6.784981959624999490e+02,6.006575915350768063e-11,-3.234588390966079290e-08,3.949812876238956868e-06,3.454939114508548880e-04,-1.174416304108722928e-02,1.948547567871798503e+00
6.786969354218399531e+02,6.124088297136108059e-11,-3.302807781299529661e-08,4.075821931385952304e-06,3.382803129447094193e-04,-1.201258804452264885e-02,1.973994962245113838e+00
6.788956582058599452e+02,6.841886865450476027e-11,-3.774970106075151034e-08,5.173889536585264906e-06,2.338599503948922864e-04,-8.549568456259298149e-03,1.930997668839040893e+00
6.790943643145600390e+02,7.110181494601083866e-11,-3.939369891587521082e-08,5.547318955455730473e-06,1.982974577320742785e-04,-7.541745295933210969e-03,1.932268500929175792e+00
6.792930537479400073e+02,6.652204379075180139e-11,-3.636032575981030229e-08,4.837009587302970732e-06,2.679752707237164429e-04,-1.032163964147832409e-02,1.963716927089995457e+00
6.794917265060000773e+02,7.425438370463905770e-11,-4.104618594072762757e-08,5.849937434801948501e-06,1.763038924762490409e-04,-7.759052374231321936e-03,1.983739835860666156e+00
6.796903825887400217e+02,5.756652817343212240e-11,-3.096332346508887495e-08,3.722545196140778552e-06,3.606528669402596409e-04,-1.343508234269571826e-02,1.974179739330963690e+00
6.798890219961599541e+02,5.745270509965214497e-11,-3.149639554900534753e-08,4.025374227055485138e-06,3.097851989248383286e-04,-1.055599993802771447e-02,1.919691526123718850e+00
6.800876447282601021e+02,6.685534789448204158e-11,-3.743300610319816352e-08,5.312826395474272713e-06,1.972446751110900351e-04,-6.812491903716451011e-03,1.848710217027165648e+00
6.802862507850400107e+02,7.083131323939014493e-11,-3.967023786880096937e-08,5.716440438689319186e-06,1.732479681855800377e-04,-6.550860328291443005e-03,1.847137581428942132e+00
6.804848401665000210e+02,5.044206775227562766e-11,-2.665029189627450672e-08,2.884882984797477503e-06,4.123498151326953970e-04,-1.305522295544601225e-02,1.870691354166424958e+00
6.806834128726400195e+02,5.046712198500739086e-11,-2.650500496349358113e-08,2.786822420677229265e-06,4.349562724116721188e-04,-1.518435067943655660e-02,1.908041606036361859e+00
6.808819689034600060e+02,5.926072868885558435e-11,-3.151759597325137614e-08,3.703257392738775570e-06,3.783264150258317990e-04,-1.450889494574962406e-02,1.926485791245723167e+00
6.810805082589599806e+02,5.633240948766114632e-11,-2.997013030678282465e-08,3.471470997781408500e-06,3.891241836308641190e-04,-1.539694067422494803e-02,1.956614907593221764e+00
6.812790309391400569e+02,5.595664875685353949e-11,-2.819373879532283990e-08,2.711724173783046102e-06,4.888303114802618242e-04,-1.878352784692499319e-02,1.928427072253870556e+00
6.814775369440000077e+02,4.119135335990780427e-11,-1.923285206143595814e-08,7.773355509916365611e-07,6.708326458731553093e-04,-2.601728001406472188e-02,1.996282501318876523e+00
6.816760262735399465e+02,4.917157496076495707e-11,-2.499847996112060610e-08,2.261687334422131034e-06,5.100838705921562424e-04,-1.982728962465842709e-02,1.955639951803831655e+00
6.818744989277599871e+02,5.399539957465575603e-11,-2.832856259776777168e-08,3.058942055126158606e-06,4.328024639597619744e-04,-1.703348491676735452e-02,1.918881995993849232e+00
6.820729549066600157e+02,3.872634268547757480e-11,-1.872880652468916879e-08,9.495420962466428629e-07,6.189922211849291627e-04,-2.222738985957687860e-02,1.894581133502520665e+00
6.822713942102400324e+02,4.320229948982905455e-11,-2.227933602734855817e-08,1.929660517194346791e-06,5.042122991430232626e-04,-1.677097010374623345e-02,1.804900324967256386e+00
6.824698168385000372e+02,5.256617431595286072e-11,-2.771441750887254931e-08,2.990031360753717026e-06,4.288882952221929282e-04,-1.605559469151995183e-02,1.859732885215978015e+00
6.826682227914400301e+02,5.071884512139630217e-11,-2.629522202217362800e-08,2.622072465720930727e-06,4.697622392774927096e-04,-1.858816033233281345e-02,1.941720935576664475e+00
6.828666120690600110e+02,6.352387378379744242e-11,-3.458712492181235477e-08,4.496250127524626454e-06,3.008729622338913502e-04,-1.396976435809934788e-02,1.963383841489990234e+00
6.830649846713599800e+02,6.023030130537304001e-11,-3.301359956503873340e-08,4.241368735490143600e-06,3.172981933952577992e-04,-1.387955466312232496e-02,1.929470772860789163e+00
6.832633405983400507e+02,5.461362722727385672e-11,-2.906966042382634778e-08,3.237901582088834245e-06,4.219893830748163354e-04,-1.711207565636539696e-02,1.918621465065485809e+00
6.834616798499999959e+02,6.386898370733921134e-11,-3.562794295454135456e-08,4.893670840941762930e-06,2.471705011098031279e-04,-1.059539375654733502e-02,1.879143067258355781e+00
6.836600024263399291e+02,6.164774906294639075e-11,-3.336448488245711807e-08,4.192076540305451181e-06,3.260057210296292115e-04,-1.313170578856922947e-02,1.893522850199795382e+00
6.838583083273600778e+02,5.879320830274448701e-11,-3.186007055124101964e-08,3.931290869523033285e-06,3.477986257061069014e-04,-1.459199200946588101e-02,1.905678501710200701e+00
6.840565975530599871e+02,6.276549216237750801e-11,-3.362063046150254125e-08,4.085033258546713186e-06,3.678437896970956607e-04,-1.709715661578146972e-02,1.911913760280452568e+00
6.842548701034399983e+02,4.570989722259110561e-11,-2.277922349949519000e-08,1.703094571297333708e-06,5.776775424534393369e-04,-2.342779856635300237e-02,1.934850959303811457e+00
6.844531259784999975e+02,5.101131779400771454e-11,-2.699186668503635892e-08,2.843721348396280893e-06,4.516858516656939242e-04,-1.791168523451763459e-02,1.829635430764770199e+00
6.846513651782399847e+02,3.624439899322262041e-11,-1.709461783397582739e-08,5.039671249574912602e-07,6.811393750553600178e-04,-2.612314368273611215e-02,1.869954757037102899e+00
6.848495877026599601e+02,4.187802922985302078e-11,-2.023910325213377271e-08,1.114981413472291952e-06,6.301719776544879728e-04,-2.428022971267605051e-02,1.858635475376308133e+00
6.850477935517600372e+02,4.025041973791093783e-11,-1.961664473785784687e-08,1.069652809425344925e-06,6.243983633647013590e-04,-2.355264262804847297e-02,1.875947933060226669e+00
6.852459827255399887e+02,3.464926801155246451e-11,-1.640876264687878567e-08,4.590952525243474975e-07,6.714664557482099075e-04,-2.561166687613568652e-02,1.919085296623746606e+00
6.854441552240000419e+02,3.714603928427309967e-11,-1.811441024862909225e-08,8.388220753256817854e-07,6.404690779622790580e-04,-2.488868508591675702e-02,1.935201789038833775e+00
6.856423110471399696e+02,4.121714166674361906e-11,-2.028157414804738885e-08,1.234953125391862784e-06,6.110198253419956739e-04,-2.431118469719160263e-02,1.939511569987856010e+00
6.858404501949601126e+02,2.851282577840304424e-11,-1.248423836831777589e-08,-4.390664645783922241e-07,7.547973346597231957e-04,-2.787354235924177984e-02,1.916289390734239761e+00
6.860385726674600164e+02,2.900335838320582311e-11,-1.260754233900602685e-08,-4.388182054388307316e-07,7.535633867973479030e-04,-2.741168269964237500e-02,1.862258498572783694e+00
6.862366784646400220e+02,3.311463644914376660e-11,-1.582609644649429346e-08,4.232564418225380250e-07,6.617785694691618410e-04,-2.417072102060376093e-02,1.873876458661919653e+00
6.864347675865000156e+02,3.693807320310481251e-11,-1.862417864102473640e-08,1.129538694581223118e-06,5.913738182613485078e-04,-2.223987922407117887e-02,1.915223908046223666e+00
6.866328400330399973e+02,4.975055446472111812e-11,-2.568155819741672428e-08,2.389249328888795200e-06,5.160152160239348364e-04,-2.190267527247681187e-02,1.934425286480946804e+00
6.868308958042599670e+02,3.574095159798929600e-11,-1.725198390812679911e-08,6.068234032518360636e-07,6.762932096209332529e-04,-2.781573393140632580e-02,1.997291382276786154e+00
6.870289349001600385e+02,2.970372603040048089e-11,-1.226074749899793222e-08,-7.792686331423347086e-07,8.238992471605967923e-04,-3.241817569927574194e-02,1.985135082780552507e+00
6.872269573207399844e+02,2.714551196846640028e-11,-1.178288623295766368e-08,-6.120903234137938894e-07,7.855287981687091503e-04,-3.070928851167258056e-02,1.955157582492340618e+00
6.874249630659999184e+02,2.642538450917865538e-11,-1.083972898912892712e-08,-9.246730326311137880e-07,8.196098661025050421e-04,-3.175340351262700977e-02,1.994098729329318420e+00
6.876229521359400678e+02,3.097675678725679914e-11,-1.431757442765451190e-08,-7.699370637901892125e-08,7.476603989819990579e-04,-3.048272674214249842e-02,2.000509028956411139e+00
6.878209245305599779e+02,3.026560051433212478e-11,-1.357922631053365181e-08,-3.097121474385238243e-07,7.749937039152715286e-04,-3.164928260923477454e-02,2.045367599859358787e+00
6.880188802498599898e+02,1.255193674863112561e-11,-2.333790837987447734e-09,-2.756471874653488070e-06,9.851821090889989301e-04,-3.804914893129091036e-02,2.103314242556899583e+00
6.882168192938399898e+02,3.344794875592455023e-11,-1.539422966484272045e-08,9.970440696372017399e-08,7.261978640043139895e-04,-2.899991028864004963e-02,2.023355149805569742e+00
6.884147416624999778e+02,2.581534089695872170e-11,-1.171001004442149166e-08,-4.216864060460509565e-07,7.443397376246453949e-04,-2.838620211291221010e-02,1.955972607666455865e+00
6.886126473558400676e+02,9.273953047855172192e-12,-6.593314490346219958e-10,-2.950839637381317165e-06,9.675789812333030230e-04,-3.404802392392845128e-02,1.949845942127982124e+00
6.888105363738600317e+02,1.622408741332903400e-11,-4.720736052732261065e-09,-2.223974426793804963e-06,9.295373363714862485e-04,-3.358335990893013961e-02,1.918919747663516695e+00
6.890084087165600977e+02,5.003362324377800244e-11,-2.527058606071244190e-08,2.093855671615988409e-06,5.702870360445811077e-04,-2.435880033471912037e-02,1.914542742472858938e+00
6.892062643839400380e+02,1.641948619133571664e-11,-5.370775459314636171e-09,-1.904732182970014519e-06,8.821955789426549985e-04,-3.256127253004078431e-02,2.001796248075547346e+00
6.894041033759999664e+02,8.217201108453191317e-12,-8.622792475622206830e-10,-2.685586463622356488e-06,9.214760472250510840e-04,-3.203433174663502386e-02,2.004977178531233140e+00
6.896019256927399965e+02,1.973626289211062820e-11,-7.199572361925254556e-09,-1.569302997675838400e-06,8.583978599846737523e-04,-3.230332229216991563e-02,2.032082985929398955e+00
6.897997313341600147e+02,4.360670819135696251e-11,-2.271755249816085982e-08,1.974811719032574745e-06,5.202820219679452074e-04,-1.956613347496391139e-02,1.892074978591348655e+00
6.899975203002600210e+02,2.793377431998050417e-11,-1.174188453186223761e-08,-7.614968677277012517e-07,8.072016194462981959e-04,-3.068927919297056647e-02,1.979158969316504146e+00
6.901952925910400154e+02,3.274593868679530367e-11,-1.414565273987217667e-08,-4.355843687039470095e-07,8.098409266965451688e-04,-3.326645798092110057e-02,2.061004326643021134e+00
6.903930482064999978e+02,2.530995790181376406e-11,-1.140222541195783461e-08,-4.653259010134937167e-07,7.443887428442517301e-04,-2.886783114141579232e-02,2.047402078904307476e+00
6.905907871466399683e+02,1.078475493495807164e-11,-1.209403311022838028e-09,-3.020226047894875532e-06,1.008635224435442150e-03,-3.810625097789028387e-02,2.092036911423951207e+00
6.907885094114600406e+02,1.354719532708124135e-11,-3.026674962041080592e-09,-2.597448445187325762e-06,9.665179000260678503e-04,-3.625380946707075502e-02,2.024720197738288707e+00
6.909862150009599873e+02,1.574242451137718356e-11,-4.795800688945313178e-09,-2.086576007258607584e-06,9.009306307726216165e-04,-3.245099203549495215e-02,1.946549912989945730e+00
6.911839039151399220e+02,2.136966491507383836e-11,-8.802837719300088104e-09,-1.110996340403665297e-06,8.108993974625191854e-04,-3.041481171805518816e-02,1.959328427700302910e+00
6.913815761539999585e+02,2.302334889927719864e-11,-9.840218079040752858e-09,-8.618947418171008573e-07,7.792649585356368211e-04,-2.844095367105490060e-02,1.998680701305235674e+00
6.915792317175399830e+02,1.490514485688981069e-11,-4.312666612983415221e-09,-2.181618175907286180e-06,9.057953940774596127e-04,-3.212820009039419472e-02,1.990811465880681030e+00
6.917768706057599957e+02,8.878726794908116310e-12,3.044494246719489485e-10,-3.420221176559628780e-06,1.046825672966435325e-03,-3.831166744832127657e-02,2.030951380899686409e+00
6.919744928186599964e+02,2.007817538425353798e-11,-7.794840677545310584e-09,-1.316839518621311614e-06,8.154226139118192756e-04,-2.897128816510076768e-02,1.966839373863586538e+00
6.921720983562400988e+02,2.490222755393771011e-11,-1.056054325625614752e-08,-8.545549111291879425e-07,8.012046815081589560e-04,-3.028080571505585919e-02,1.998693643999031710e+00
6.923696872185000757e+02,2.558632533936176164e-11,-9.494986864310724147e-09,-1.464046868928706463e-06,8.920526067169522351e-04,-3.437313370585716454e-02,2.050850288818782730e+00
6.925672594054399269e+02,2.565347288084504136e-11,-1.006857100388091100e-08,-1.188980049231325455e-06,8.471366279437920858e-04,-3.126948115804555756e-02,1.941070055454937160e+00
6.927648149170601073e+02,1.469683658400291610e-11,-4.677765882954606345e-09,-1.951192492830639820e-06,8.672353942726558108e-04,-3.025135861615433838e-02,1.975526437835414262e+00
6.929623537533600484e+02,2.051520407954667457e-11,-7.744344167101793146e-09,-1.418587998733034743e-06,8.330346035927372814e-04,-2.939779316108760004e-02,1.909480008915089622e+00
6.931598759143399775e+02,1.349902263934809464e-11,-2.990838747433379739e-09,-2.555804970760081818e-06,9.441021283209151405e-04,-3.317619086526160666e-02,1.914577802236104853e+00
6.933573814000000084e+02,2.468309951088314890e-11,-1.031504610296146527e-08,-8.951870144121053834e-07,7.898171728797609122e-04,-2.767125902243182389e-02,1.890271913861740982e+00
6.935548702103400274e+02,2.669367455543931059e-11,-1.188986811075016024e-08,-4.504844910800301942e-07,7.365799750451983456e-04,-2.547280367608468696e-02,1.885448154751280692e+00
6.937523423453599207e+02,2.978505433628864556e-11,-1.349436762109406811e-08,-2.085242969297303720e-07,7.313861850107752482e-04,-2.619095469008652505e-02,1.892438917810431054e+00
6.939497978050600295e+02,2.730659997403175276e-11,-1.263600427403564215e-08,-2.156017950006560780e-07,7.135349246494844099e-04,-2.498762114603581344e-02,1.871659417359668343e+00
6.941472365894400127e+02,3.493950338205506811e-11,-1.760575897155408747e-08,9.971111375873091485e-07,5.758665079376964254e-04,-1.843883694147294486e-02,1.852107714373289138e+00
6.943446586984999840e+02,2.780256672767139723e-11,-1.309099614667896827e-08,-3.497595820968358992e-08,6.795261370315334309e-04,-2.291563189002724862e-02,1.898148903208757288e+00
6.945420641322400570e+02,4.180641330225494894e-11,-2.145995483518985185e-08,1.677041291334601478e-06,5.446872169487532037e-04,-1.984454093619910167e-02,1.878444585347214035e+00
6.947394528906600044e+02,3.320119835194274453e-11,-1.571024420252934111e-08,3.154578596959386373e-07,6.773358049861142715e-04,-2.430222477505602011e-02,1.897955837819575331e+00
6.949368249737600536e+02,2.650013540324637329e-11,-1.139541535825685204e-08,-6.381062363424787593e-07,7.574356989815138243e-04,-2.606881150729468966e-02,1.904241278416823224e+00
6.951341803815399771e+02,3.145245483447803225e-11,-1.404103803160471534e-08,-1.989283374418841692e-07,7.388734447990660944e-04,-2.705853447104315107e-02,1.954275610293227050e+00
6.953315191140001161e+02,2.371014528092894831e-11,-1.047609903036888808e-08,-5.842998524416275767e-07,7.259054727683099568e-04,-2.516432457936972414e-02,1.956960784269715203e+00
6.955288411711400158e+02,2.687229248731572998e-11,-1.221070004305032012e-08,-3.003419596203056932e-07,7.073910004649795399e-04,-2.326548363556240132e-02,1.885829766466878166e+00
6.957261465529600173e+02,2.273830917647783995e-11,-9.320708890296236106e-09,-1.025819311444612728e-06,7.836823287850623902e-04,-2.596025186240449867e-02,1.872124828650719053e+00
6.959234352594600068e+02,2.488932352889814077e-11,-1.021789219286934375e-08,-9.320542607070920196e-07,7.888023946721930534e-04,-2.754702405141627383e-02,1.932285404763904868e+00
6.961207072906399844e+02,5.032442277446679014e-11,-2.510955598951128888e-08,2.078482127419696938e-06,5.381000363261620369e-04,-1.944535851563849657e-02,1.874172149839723467e+00
6.963179626464999501e+02,4.010343550766435671e-11,-2.006609855419487108e-08,1.380652599709277937e-06,5.523514341004283172e-04,-1.845087275172457852e-02,1.914130886531534070e+00
6.965152013270400175e+02,1.731965250577245511e-11,-6.323921885242144961e-09,-1.483107231995611114e-06,7.971465427724080607e-04,-2.684557854770292656e-02,2.021207653330994169e+00
6.967124233322599594e+02,3.260796266583542553e-11,-1.555385174512554350e-08,4.142649400839937771e-07,6.425566674144384590e-04,-2.206100479763448488e-02,1.940492041615108132e+00
6.969096286621600029e+02,5.092659361416505789e-11,-2.665858027914791255e-08,2.759649155406057772e-06,4.399501687801786226e-04,-1.584791248492994215e-02,1.925460944944987762e+00
6.971068173167400346e+02,3.822306989735595248e-11,-1.909103260332934157e-08,1.115188830092339998e-06,6.031573266692294259e-04,-2.313661557513402994e-02,2.017405276950915205e+00
6.973039892959999406e+02,5.750883928221722186e-11,-3.265354280419879752e-08,4.488918931196284299e-06,2.537377196575585619e-04,-9.653977038066505895e-03,1.912836296761156740e+00
6.975011445999399484e+02,2.292982947326844072e-11,-9.406183890340961407e-09,-9.703434242201637932e-07,7.732623713370869855e-04,-2.669000973666922627e-02,2.005706229049421641e+00
6.976982832285600580e+02,3.560141019274701379e-11,-1.857186243005108283e-08,1.341735115745249032e-06,5.328438089071965093e-04,-1.703993974314101101e-02,1.889879441160998264e+00
6.978954051818599282e+02,4.818926676557355118e-11,-2.630876424782224123e-08,3.018607729637025286e-06,3.802273685172920573e-04,-1.191345316663839499e-02,1.877680550952520067e+00
6.980925104598400139e+02,5.823852086273389119e-11,-3.266061071948944436e-08,4.424120229670538522e-06,2.533648197118994411e-04,-7.796900278919023999e-03,1.815774311385916384e+00
6.982895990624999740e+02,2.868452448327498883e-11,-1.454119476119082164e-08,5.825499489453527815e-07,5.807523916951750189e-04,-1.750673828903337795e-02,1.859904781928325868e+00
6.984866709898400359e+02,4.597856573339371591e-11,-2.446042806784779512e-08,2.549155121350879402e-06,4.197762639148703320e-04,-1.259003892366898983e-02,1.843535430175454959e+00
6.986837262418599721e+02,2.578583171365744658e-11,-1.155274068200273960e-08,-3.710360970145360870e-07,6.997251074881539025e-04,-2.326360961865905908e-02,1.965368090384439714e+00
6.988807648185600101e+02,4.731559653576732084e-11,-2.541551078998062294e-08,2.814275559532356669e-06,3.855089645635911182e-04,-1.111421195877966214e-02,1.891253701585297042e+00
6.990777867199400362e+02,3.135570760643060479e-11,-1.576575364526815838e-08,8.002617430291577496e-07,5.531127140413579684e-04,-1.560327436963357059e-02,1.869191217479294176e+00
6.992747919460000503e+02,6.008220405003988411e-11,-3.335949956095187534e-08,4.582184844848657149e-06,2.089348647001444974e-04,-2.737022118548254092e-03,1.744025226229322989e+00
6.994717804967399388e+02,4.373031933326983170e-11,-2.359675462158052080e-08,2.410391047167002352e-06,4.444024325057074009e-04,-1.527261071453028980e-02,1.917743373840598675e+00
6.996687523721600428e+02,3.672631023946641045e-11,-2.011772646567134190e-08,2.024584366193385136e-06,4.153955419038033413e-04,-1.083896045173120271e-02,1.907139822421362485e+00
6.998657075722600212e+02,1.911485176752361133e-11,-7.403300051469014741e-09,-1.270702581159859160e-06,7.808212064553127088e-04,-2.625800972524416910e-02,1.998376007733573712e+00
7.000626460970399876e+02,3.796047897450140400e-11,-1.900426965758883956e-08,1.277940101883700120e-06,5.364645849668514934e-04,-1.633844533227659171e-02,1.865361460415048578e+00
7.002595679465000558e+02,4.478255822122200639e-11,-2.414409644711099509e-08,2.677335470470926069e-06,3.751261049940301661e-04,-9.807957056911115537e-03,1.870111533990001851e+00
7.004564731206399983e+02,6.278875491892639548e-11,-3.357385353989813506e-08,4.256704632410834816e-06,2.859983213580715908e-04,-9.155268579072789112e-03,1.920368870978139020e+00
7.006533616194599290e+02,2.713384993033161475e-11,-1.216121932404811664e-08,-2.714999956715737227e-07,6.892495013583749145e-04,-2.303362895319144982e-02,2.023424380534023292e+00
7.008502334429599614e+02,4.915657443335469601e-11,-2.564005638498497922e-08,2.528723227648022246e-06,4.663335733107997491e-04,-1.752937632990036326e-02,1.983763707317091285e+00
7.010470885911399819e+02,4.401525177256671585e-11,-2.364147207655016385e-08,2.483785608975602104e-06,4.123533091897460859e-04,-1.226305569801105187e-02,1.888342610808181110e+00
7.012439270639999904e+02,6.684763485222360724e-11,-3.771004441804340231e-08,5.479133570413516609e-06,1.605564765936999831e-04,-5.724608872846542393e-03,1.902012936793386233e+00
7.014407488615399870e+02,7.046023211375904741e-11,-3.974552778134993828e-08,5.880071188250857197e-06,1.294366265656222742e-04,-5.315676021508098335e-03,1.933415128833876562e+00
7.016375539837600854e+02,6.822520651690020651e-11,-3.839774516804355353e-08,5.618317576533581921e-06,1.441987021324269650e-04,-5.189543092472678407e-03,1.957856326278219816e+00
7.018343424306600582e+02,6.012173504495512866e-11,-3.343119909322731546e-08,4.556448707009560337e-06,2.401305079137076946e-04,-8.869195477862704124e-03,1.985045264018057587e+00
7.020311142022400190e+02,3.483797245417322013e-11,-1.739970019397929380e-08,1.072360699861122013e-06,5.341142131408243557e-04,-1.643947252341237952e-02,1.967440129649170366e+00
7.022278692985000816e+02,4.480245060813572436e-11,-2.328668793863730212e-08,2.161867982849721543e-06,4.767189405263855045e-04,-1.714466856530805217e-02,1.958070945205407032e+00
7.024246077194400186e+02,5.134430116942963602e-11,-2.674469553196897837e-08,2.728696548824937240e-06,4.449734465303043060e-04,-1.595638929741919829e-02,1.906275578773609203e+00
7.026213294650599437e+02,5.583311689864714179e-11,-3.028090628359522824e-08,3.689481576715400295e-06,3.432584291486975750e-04,-1.305379215645950837e-02,1.939540112725268051e+00
7.028180345353600842e+02,5.575277975323274958e-11,-3.024831347546422123e-08,3.678465528860340166e-06,3.532765566983385474e-04,-1.544127508532559812e-02,2.041831827887562678e+00
7.030147229303399854e+02,5.954892080737369592e-11,-3.117828009010491606e-08,3.482528098369235822e-06,4.153032013134730035e-04,-1.907158604209182109e-02,2.113271826947332510e+00
7.032113946499999884e+02,7.453878270058721455e-11,-4.106682913270401143e-08,5.737409524092293282e-06,2.087499090046952084e-04,-1.232397566806039957e-02,2.025578093775122657e+00
7.034080496943399794e+02,5.347648081970605622e-11,-2.826946575401736671e-08,3.105619258912864501e-06,4.162226645725087323e-04,-1.743056259741038519e-02,2.035076594131369987e+00
7.036046880633599585e+02,4.733442243267032541e-11,-2.451876423650398699e-08,2.322740902454300346e-06,4.775061913438569290e-04,-1.823809394295361139e-02,1.991930034890121437e+00
7.038013097570599257e+02,4.651315690920208010e-11,-2.373639807975395158e-08,2.211108107135762619e-06,4.623490601326096946e-04,-1.615678441461834702e-02,1.991380228798528274e+00
7.039979147754399946e+02,4.285718184186735531e-11,-2.039815001301753312e-08,1.177356345558475588e-06,5.899086768545281452e-04,-2.120482438940021752e-02,1.975184414171905489e+00
7.041945031184999380e+02,4.178249172681056891e-11,-2.075774854390129469e-08,1.478061754759465885e-06,5.469993096532668395e-04,-1.944922238152931374e-02,1.959766940071435259e+00
7.043910747862400967e+02,3.948049115024108093e-11,-1.938420499862879186e-08,1.303713255494365295e-06,5.295116171698340977e-04,-1.657422785380377114e-02,1.935813951233229968e+00
7.045876297786600162e+02,5.354581860109600314e-11,-2.797746008748421047e-08,3.053601206907377064e-06,4.041995862628868668e-04,-1.541933886711315503e-02,1.997132295409194125e+00
7.047841680957600374e+02,7.040159819949730259e-11,-3.922285798504532325e-08,5.794356975977511012e-06,1.089730841913184151e-04,-2.787301068666148563e-03,1.927555912980947861e+00
7.049806897375400467e+02,5.424698966110564841e-11,-2.881496322495657687e-08,3.315382672966661406e-06,3.778175084842871922e-04,-1.540577085862135723e-02,2.046375177163495263e+00
7.051771947039999304e+02,4.276945248700428365e-11,-2.150943463733273608e-08,1.717808397219103875e-06,5.169335485628739641e-04,-1.968847948992072383e-02,2.072488183277134688e+00
7.053736829951400296e+02,6.406456765075039638e-11,-3.415419963466245439e-08,4.225594389531233350e-06,3.311904158324796479e-04,-1.539682246298892249e-02,2.010728923450503469e+00
7.055701546109600031e+02,5.462484848002000663e-11,-2.942056755631957005e-08,3.531042936854048976e-06,3.437403534451621747e-04,-1.220983394356063741e-02,1.945694966457914843e+00
7.057666095514599647e+02,5.313164462372534398e-11,-2.901472381348306719e-08,3.607387696568062452e-06,3.209041411498557493e-04,-1.196920238057076064e-02,1.970707344519347703e+00
7.059630478166400280e+02,6.423407869379788997e-11,-3.498863080874230441e-08,4.620029849783483440e-06,2.669756253807299196e-04,-1.165245124083972086e-02,1.966498716910382250e+00
7.061594694064999658e+02,6.511812694686007085e-11,-3.575494279937021100e-08,4.895511149683644176e-06,2.234490712944691023e-04,-9.285604575869913641e-03,1.944820162582614254e+00
7.063558743210400053e+02,5.605848573560942068e-11,-2.980547903302821513e-08,3.466574097132466567e-06,3.779153382790460401e-04,-1.644486200652579139e-02,2.034702537326136262e+00
7.065522625602600328e+02,5.207289953258334640e-11,-2.723414930989394088e-08,2.905086436791615676e-06,4.257820127111886931e-04,-1.810130055026192356e-02,2.083262312336390476e+00
7.067486341241599348e+02,4.011841640922483750e-11,-2.011593617151355318e-08,1.423971811542295444e-06,5.530448983017778380e-04,-2.190264179025029276e-02,2.045915540208212313e+00
7.069449890127399385e+02,5.417188170365431205e-11,-2.887367340360907781e-08,3.376563235475704434e-06,3.631561588256549972e-04,-1.409632401072365149e-02,1.986726653217285810e+00
7.071413272260000440e+02,5.640509391499444893e-11,-2.994783756346829525e-08,3.519434345863028842e-06,3.579528374638166958e-04,-1.357543898192885290e-02,1.926186502403089529e+00
7.073376487639400239e+02,4.653999591532268969e-11,-2.355040708658820424e-08,2.020936697968354349e-06,5.157365760319009267e-04,-2.110503076444211409e-02,2.033954655491152508e+00
7.075339536265599918e+02,6.001115501207068082e-11,-3.209926120019610035e-08,3.916241590659346723e-06,3.429864373888535825e-04,-1.538532253176129461e-02,2.029395818892135939e+00
7.077302418138599478e+02,5.269876236758259720e-11,-2.736881890532425582e-08,2.850405526020425976e-06,4.437976462772482496e-04,-1.984371962318227239e-02,2.133758650487264319e+00
7.079265133258401193e+02,6.676959198653356706e-11,-3.632789790731716525e-08,4.885213719138249057e-06,2.517595593001439045e-04,-1.364489376411302801e-02,2.114007335252471531e+00
7.081227681625000514e+02,6.276429143328326685e-11,-3.422581620396829231e-08,4.498048599263199151e-06,2.838013878427397244e-04,-1.479190765009612794e-02,2.107767235127259386e+00
7.083190063238399716e+02,5.530289963606125458e-11,-2.924413258367951435e-08,3.321214059230781253e-06,3.927250133515450400e-04,-1.718744987313593903e-02,2.074614430472880855e+00
7.085152278098601073e+02,4.986909403177769278e-11,-2.600494753160262893e-08,2.726980866231144434e-06,4.250860996498375646e-04,-1.746247112210845553e-02,2.081274913090140455e+00
7.087114326205600037e+02,5.001430692777468145e-11,-2.601719998673131643e-08,2.664564534522565292e-06,4.447184640278770292e-04,-1.879440708357564549e-02,2.080916331005814524e+00
7.089076207559400018e+02,6.152353167125976900e-11,-3.274728573966235292e-08,4.012587521665720748e-06,3.377085188747175923e-04,-1.626003112236025158e-02,2.114812262196620551e+00
7.091037922159999880e+02,4.659629704923229803e-11,-2.420038213051908283e-08,2.428539960848594691e-06,4.365927190724583394e-04,-1.742730569261176365e-02,2.161081198488466804e+00
7.092999470007399623e+02,5.835606423166770709e-11,-3.119918496447792277e-08,3.813316449167037265e-06,3.364717310910879757e-04,-1.545712691211310191e-02,2.125643126224699309e+00
7.094960851101599246e+02,6.177307954799428018e-11,-3.442812052237073836e-08,4.787498111721365377e-06,2.255306159531701054e-04,-1.119848412775274228e-02,2.089759270437370198e+00
7.096922065442599887e+02,5.011306236011525635e-11,-2.581972246799135431e-08,2.526415992897311188e-06,4.705033213040382169e-04,-2.017470080588411319e-02,2.106783322085875820e+00
7.098883113030399272e+02,5.211929587906998540e-11,-2.749185735760858492e-08,3.021414734479164707e-06,4.110243240476333043e-04,-1.801638847374634894e-02,2.102653432249801835e+00
7.100843993864999675e+02,4.050423401088510601e-11,-1.895449364818961089e-08,8.049561527229217562e-07,6.486237240873516828e-04,-2.680076002555881534e-02,2.115032421670738128e+00
7.102804707946399958e+02,5.471404646484897673e-11,-2.864495625206497983e-08,3.121779657279270276e-06,4.231328845356378777e-04,-1.931104182019414625e-02,2.072216643415771831e+00
7.104765255274601259e+02,4.493102683158995491e-11,-2.167721362774034366e-08,1.389062117388018251e-06,5.966653689204704739e-04,-2.502120657979717278e-02,2.102755283100346873e+00
7.106725635849599030e+02,3.845656267878380463e-11,-1.777782842993470386e-08,5.870939599434489735e-07,6.614940145272784613e-04,-2.667037687213668143e-02,2.096353725536675316e+00
7.108685849671400092e+02,1.444626808848381068e-11,-3.079600980063649705e-09,-2.518196083669504757e-06,9.229528783284539090e-04,-3.379777973471276287e-02,2.102458918017362066e+00
7.110645896740001035e+02,3.510128501096799377e-11,-1.568030077437793036e-08,1.726016580547182518e-07,6.850753050095321128e-04,-2.610817218948681059e-02,2.064937204796442938e+00
7.112605777055400722e+02,3.613762446109469022e-11,-1.648305341626578205e-08,3.001965736959850666e-07,6.947366702844924580e-04,-2.850843064852211922e-02,2.134880508059854520e+00
7.114565490617600290e+02,3.615747291510990739e-11,-1.646064491778158259e-08,2.326212777556517254e-07,7.161534298756193394e-04,-3.033726068717465529e-02,2.169160576319601574e+00
7.116525037426600875e+02,3.814934007436659930e-11,-1.817377710410795220e-08,7.642671383684949552e-07,6.533355684072885815e-04,-2.912265741723920817e-02,2.251194732639721696e+00
7.118484417482400204e+02,3.257266925694536219e-11,-1.423067212397912707e-08,-2.373032077559137491e-07,7.599376850408365823e-04,-3.303346225473663411e-02,2.286887100040182030e+00
7.120443630784999414e+02,2.434461437562813594e-11,-9.591344255621298792e-09,-1.126284440333593772e-06,8.257605094588144718e-04,-3.448841440770632205e-02,2.284193921781792813e+00
7.122402677334400778e+02,3.528336310690410760e-11,-1.663924781651788417e-08,4.695169734959905874e-07,6.737054031730187621e-04,-2.858023763293802977e-02,2.200451847404823358e+00
7.124361557130599749e+02,3.075520857311344312e-11,-1.338111827542635874e-08,-3.511358284183890787e-07,7.601057688015547134e-04,-3.213685345007840505e-02,2.235099947047023861e+00
7.126320270173599738e+02,2.894664512871708357e-11,-1.213822060292091709e-08,-6.361866791269212213e-07,7.854808276967990876e-04,-3.303188595633020641e-02,2.254856720555881822e+00
7.128278816463400744e+02,2.806825759721521773e-11,-1.115801537412008091e-08,-1.003527178867696231e-06,8.372675720387653606e-04,-3.495531559482756290e-02,2.242253484570555511e+00
7.130237195999999358e+02,2.414330636180442064e-11,-9.783665499870927770e-09,-9.794359325078779917e-07,7.914882447599602602e-04,-3.104121836974282553e-02,2.160101896917583364e+00
7.132195408783398989e+02,4.179570210506319607e-11,-2.139685847371321841e-08,1.747430391114111021e-06,5.200106675691956726e-04,-2.083847092934555667e-02,2.109119057540640885e+00
7.134153454813599637e+02,2.378915876933496238e-11,-9.864986028302166470e-09,-8.765531495409106728e-07,7.754268346922909378e-04,-3.083026915151704586e-02,2.198151083907792458e+00
7.136111334090601304e+02,2.838280985003380598e-11,-1.163940488441939892e-08,-8.045836131473152811e-07,8.061270234520285290e-04,-3.307185901870333955e-02,2.200891262909936419e+00
7.138069046614399440e+02,3.100008518824938270e-11,-1.302566811871507590e-08,-5.424942731516256455e-07,7.817147324384029821e-04,-3.206607560244287281e-02,2.223849284137160875e+00
7.140026592384999731e+02,1.938409818652006031e-11,-7.198525418889495372e-09,-1.423109068977726793e-06,8.134620348768796354e-04,-3.068346221891243841e-02,2.157286970431940176e+00
7.141983971402401039e+02,2.559681700190555136e-11,-1.024697164163203985e-08,-9.395345879474576625e-07,7.850822870740489833e-04,-3.004826132423298393e-02,2.147432264469019803e+00
7.143941183666599954e+02,2.458748751779643509e-11,-9.756069666531250544e-09,-1.058613943928102243e-06,8.049671710650488105e-04,-3.156829379810571767e-02,2.185451962425999373e+00
7.145898229177599887e+02,1.643982166436064613e-11,-4.950619160755815598e-09,-2.030334541180089903e-06,8.859571161519570184e-04,-3.475111579129867845e-02,2.279703357632031580e+00
7.147855107935400838e+02,1.266787912408342515e-11,-2.850851983617528478e-09,-2.445630294649580591e-06,9.239757184722969044e-04,-3.670260503478831038e-02,2.339472505477172781e+00
7.149811819940000532e+02,2.163653705192252135e-11,-7.753860669645746904e-09,-1.491202482317219254e-06,8.416990997847440589e-04,-3.387503463313590313e-02,2.296839102583372760e+00
7.151768365191400108e+02,1.424223461326464066e-11,-2.587854550338963431e-09,-2.793619090656046743e-06,9.792587824616096059e-04,-3.856810498301509182e-02,2.274970823825855248e+00
7.153724743689600700e+02,1.218338796155617630e-11,-2.405528864277027886e-09,-2.511712846761457457e-06,9.113087683999867563e-04,-3.393764225211629015e-02,2.215159198682278063e+00
7.155680955434600037e+02,1.934235560927543538e-11,-6.337518723925520774e-09,-1.842819687507593503e-06,8.778203335515297884e-04,-3.379519940952389889e-02,2.198168297423500839e+00
7.157637000426399254e+02,1.547682919593288818e-11,-4.716060577823629540e-09,-1.960795200546123103e-06,8.571173824460111799e-04,-3.155772748318470822e-02,2.168513205833136226e+00
7.159592878665000626e+02,8.827644302776598732e-12,-1.453260002072109980e-09,-2.377632532739507795e-06,8.532927561242526892e-04,-2.954470154470542273e-02,2.155891921318051185e+00
7.161548590150399605e+02,-6.724247474272064810e-12,9.106569027026923804e-09,-4.935828960273524144e-06,1.117106093659197890e-03,-4.041101327403052307e-02,2.282519627178495991e+00
7.163504134882599601e+02,8.069379056934194845e-12,-5.094757561392122617e-10,-2.782262682691340213e-06,9.278070318634975200e-04,-3.513992538927768194e-02,2.276811864507100935e+00
7.165459512861600615e+02,1.154694251299968041e-11,-2.505413409655988846e-09,-2.373284971876137860e-06,8.887917460107426504e-04,-3.317204195779921427e-02,2.237296751811240103e+00
7.167414724087400373e+02,4.171073333193664435e-12,2.469749075019781395e-09,-3.558846185533918595e-06,1.007313886990350658e-03,-3.797702685815374651e-02,2.295291304239675867e+00
7.169369768559998874e+02,2.720805980706094959e-11,-1.224010681224533699e-08,-2.725177102918136622e-07,7.072667015147549377e-04,-2.821030978455453878e-02,2.245776885335407869e+00
7.171324646279399531e+02,1.429672064287275866e-11,-4.290102493041077854e-09,-2.007960299523177273e-06,8.661930874963214054e-04,-3.353861779008886213e-02,2.294677463336035839e+00
7.173279357245601204e+02,2.306897364272416102e-12,3.266334227013304188e-09,-3.670028625499509712e-06,1.014081191884610858e-03,-3.785878123378075277e-02,2.297415743552472911e+00
7.175233901458600485e+02,1.485128719519906859e-11,-3.858248941446297821e-09,-2.331418582144583964e-06,9.219375987248359374e-04,-3.603213752833334810e-02,2.254158406900412803e+00
7.177188278918399646e+02,1.373927299673621954e-11,-3.170258611140246535e-09,-2.406298678897090705e-06,9.066030351567460786e-04,-3.361683061688125473e-02,2.200332285549255307e+00
7.179142489625000962e+02,1.888603875156468792e-11,-6.168156511680097597e-09,-1.869644653492847757e-06,8.815915331088540821e-04,-3.409478422047403784e-02,2.192484734490145915e+00
7.181096533578399885e+02,1.457959445946586055e-11,-4.061079996857055092e-09,-2.145516381646076139e-06,8.739156081015403248e-04,-3.107189899820924500e-02,2.152198153999607566e+00
7.183050410778599826e+02,1.948485405502787764e-11,-7.400677687447740398e-09,-1.334970459148082343e-06,8.000482989268289631e-04,-3.013778281170266873e-02,2.204058946091709714e+00
7.185004121225600784e+02,1.079209067312068270e-11,-2.037593526461479331e-09,-2.539970494777623406e-06,9.167097719716832275e-04,-3.413203610516543640e-02,2.196699217236992574e+00
7.186957664919400486e+02,1.246609555082502524e-11,-3.225739298149903288e-09,-2.168398653697022511e-06,8.591380610080359302e-04,-3.081590138971605775e-02,2.206081477517911615e+00
7.188911041860000068e+02,1.350934774050558407e-11,-3.394338081998750236e-09,-2.312624464114596264e-06,9.017591161046541268e-04,-3.404574488629243806e-02,2.230050660754232972e+00
7.190864252047400669e+02,-2.679134659825050149e-12,7.418741241811818061e-09,-4.898774923361012419e-06,1.163137520957909909e-03,-4.363631098569879102e-02,2.261760554019736080e+00
7.192817295481600013e+02,-3.844190854652359101e-12,8.369719071991763354e-09,-5.144129087576220172e-06,1.185729358320122004e-03,-4.414103458412015762e-02,2.263548854854124937e+00
7.194770172162599238e+02,1.603721839054033675e-12,4.591790092776291218e-09,-4.204601007111872191e-06,1.083902769179732363e-03,-3.959837726311447870e-02,2.202730764647702344e+00
7.196722882090400617e+02,-2.857136218897194346e-13,5.511110396674581871e-09,-4.285406276620272044e-06,1.069283303932568865e-03,-3.770099600656307004e-02,2.167314859256971538e+00
7.198675425265000740e+02,4.771675703874714788e-12,2.489477381975269958e-09,-3.682871403779101385e-06,1.028017312140656631e-03,-3.773703178016488136e-02,2.224948090652160371e+00
7.200627801686399607e+02,1.050142512264276793e-12,4.487468510953652593e-09,-4.018784072652071578e-06,1.040924719868846320e-03,-3.666417105297524459e-02,2.181151290393639197e+00
7.202580011354599492e+02,5.356462333300047101e-12,1.002689260028713704e-09,-3.040549137974053365e-06,9.262798458614830829e-04,-3.142356732701530320e-02,2.119619727798728537e+00
7.204532054269600394e+02,1.299100015983665006e-11,-2.955841569030795541e-09,-2.404844434811468016e-06,9.019714085648502470e-04,-3.312696471155495564e-02,2.161688311148854957e+00
7.206483930431400040e+02,2.233619591562923046e-11,-9.249545215055247040e-09,-8.429409385826911871e-07,7.256048645462775861e-04,-2.447450292591812210e-02,2.082889308029610476e+00
7.208435639839999567e+02,2.452394175901139567e-12,2.871492245773851812e-09,-3.415515692884324755e-06,9.486036913686876799e-04,-3.152612606730026412e-02,2.123418829983096945e+00
7.210387182495400111e+02,1.972785433951049991e-11,-7.829873227119558674e-09,-1.165399749891306654e-06,7.692689223749874048e-04,-2.741467061918087533e-02,2.125925306930577019e+00
7.212338558397600536e+02,2.249051567345854822e-11,-1.020659658862179034e-08,-4.564159537569895238e-07,6.787511404966836302e-04,-2.296551292265213221e-02,2.092016577166401881e+00
7.214289767546599705e+02,6.447359050802007303e-12,-9.043319156288714734e-10,-2.231016893174325820e-06,7.982424166616982047e-04,-2.463794255965522789e-02,2.087135285731780421e+00
7.216240809942399892e+02,1.342947023160565864e-11,-4.606401691888831377e-09,-1.628768040910022847e-06,7.719751535806692808e-04,-2.531610632548150427e-02,2.130910327923391634e+00
7.218191685584999959e+02,2.511534391164182731e-11,-1.198536213003959903e-08,-4.937976935537527891e-08,6.486018307838782755e-04,-2.357677293834768012e-02,2.181505162638624817e+00
7.220142394474399907e+02,1.581295466192226993e-11,-5.481279891189390227e-09,-1.656567958334313708e-06,8.097293082817312235e-04,-2.887042112592458701e-02,2.205714043370056832e+00
7.222092936610599736e+02,1.097666975444159373e-11,-3.213551462015717787e-09,-1.920287894572581126e-06,8.065071807882152714e-04,-2.791997641136860497e-02,2.190960916103755984e+00
7.224043311993599445e+02,1.048634949939600806e-11,-1.985915565310133686e-09,-2.497114036272242187e-06,9.013079951962682307e-04,-3.280387444583148654e-02,2.150959955463878082e+00
7.225993520623399036e+02,1.138924428353950375e-11,-2.486759282039329325e-09,-2.324993438493174657e-06,8.618212754857705084e-04,-2.910697884554191636e-02,2.065278218662030874e+00
7.227943562499999643e+02,2.082270952977994230e-11,-8.471219074944936395e-09,-9.782323893547692440e-07,7.349577305702806535e-04,-2.483952427125205031e-02,2.059139361792537315e+00
7.229893437623401269e+02,1.711992896659692414e-11,-6.529690163517506878e-09,-1.333119394767600144e-06,7.636872836371494475e-04,-2.595498319638134613e-02,2.092757720654943476e+00
7.231843145993599364e+02,2.325192438642166531e-11,-1.050432919449659203e-08,-4.125430692413330564e-07,6.709824794790894423e-04,-2.196003812073756348e-02,2.008334395089097502e+00
7.233792687610599614e+02,2.205974690183498893e-11,-1.075370242960187018e-08,-3.582788117910713508e-08,5.929586979436179224e-04,-1.741131866347529061e-02,2.000702801617840088e+00
7.235742062474400882e+02,2.242839744573725818e-11,-1.059607732220890696e-08,-2.076312607798638748e-07,6.267010038232616017e-04,-1.906061506366533986e-02,2.009044658326978983e+00
7.237691270584999756e+02,1.375634497940750302e-11,-5.672323588232559234e-09,-1.120734201015874453e-06,6.856638511796415113e-04,-1.964703719071705240e-02,1.967599417652436289e+00
7.239640311942399649e+02,1.474190718995940196e-11,-5.640330802520521843e-09,-1.311208415798063823e-06,7.245058275414454881e-04,-2.198229520078638297e-02,2.013828805781848086e+00
7.241589186546600558e+02,1.335323006172471455e-11,-4.751993616686041747e-09,-1.545782930769143824e-06,7.589696442238523955e-04,-2.463482643011523018e-02,2.049029147504444204e+00
7.243537894397600212e+02,2.827394714920461926e-11,-1.463512271573372411e-08,7.402037078764339087e-07,5.449149245315943694e-04,-1.770950256448938082e-02,2.005291586616983146e+00
7.245486435495399746e+02,1.833775732077853391e-11,-7.998583371856134792e-09,-8.290358868791773940e-07,7.013694023154596734e-04,-2.391887750315327410e-02,2.078419179150525764e+00
7.247434809840000298e+02,1.500380894958578917e-11,-5.103494235123259908e-09,-1.650775718938450825e-06,7.853037559901172946e-04,-2.574210179567104281e-02,2.046278111739681549e+00
7.249383017431399594e+02,9.745745041454438813e-12,-1.902000080818656302e-09,-2.372494532880166560e-06,8.595512189675484768e-04,-2.881116407107423005e-02,2.072090271169327202e+00
7.251331058269599907e+02,2.053982295838720479e-11,-9.338850587567012638e-09,-5.612930274211146464e-07,6.782393567846265511e-04,-2.264703569177323184e-02,2.048825058214764461e+00
7.253278932354600101e+02,4.460130409614798118e-11,-2.467934477563008412e-08,2.932829337746946384e-06,3.397914794937801708e-04,-1.033817769736022907e-02,1.952515287131723953e+00
7.255226639686400176e+02,3.892282452938312761e-11,-1.984335926166813422e-08,1.433552389600256574e-06,5.373764481168973213e-04,-1.952521105925398084e-02,1.988807389009239035e+00
7.257174180264998995e+02,3.565205148813977391e-11,-1.930424856650333285e-08,1.756104987631180994e-06,4.576609109916167026e-04,-1.531350435248447078e-02,1.933000142136757082e+00
7.259121554090399968e+02,2.088896133374157912e-11,-9.591403850640980782e-09,-4.343236075842052899e-07,6.508137584425555903e-04,-2.110843408394641116e-02,2.010019346313790312e+00
7.261068761162600822e+02,3.768389061686173714e-11,-2.051059805986803897e-08,2.024041265923945756e-06,4.287002248429108492e-04,-1.418406478398298066e-02,1.977346080680066009e+00
7.263015801481599283e+02,2.659880522513871906e-11,-1.335483416626397430e-08,4.657602864315708982e-07,5.571186012057843763e-04,-1.727662248116440882e-02,1.967215645320594897e+00
7.264962675047399898e+02,2.365699856631472540e-11,-1.108914142906544720e-08,-1.333463406155679307e-07,6.225423414636489317e-04,-2.012528145968090973e-02,2.006134504022361931e+00
7.266909381860000394e+02,2.372189355457869272e-11,-1.104585082333825962e-08,-2.141905555777664565e-07,6.424610672605694968e-04,-2.144022771639095964e-02,2.020788819733438935e+00
7.268855921919400771e+02,2.610909037613142151e-11,-1.266895801383189318e-08,2.154653488892665088e-07,5.885059726433395852e-04,-1.853152882306188451e-02,1.971795756321693460e+00
7.270802295225599892e+02,4.822254578235580328e-11,-2.548377417461442182e-08,2.753665259221611210e-06,3.853741570016067162e-04,-1.226955579598308817e-02,1.908689837195151506e+00
7.272748501778600030e+02,3.827945187445529864e-11,-2.049902987482974932e-08,1.958005770618128331e-06,4.331936495106730668e-04,-1.365773523426896084e-02,1.917763565267873060e+00
7.274694541578400049e+02,2.956185166574387747e-11,-1.546423857206241023e-08,1.034534652229425783e-06,4.827100211486855773e-04,-1.281340897382931936e-02,1.878099826656767890e+00
7.276640414624999949e+02,4.477005796548588130e-11,-2.561004040405944048e-08,3.430438396078221544e-06,2.472296431467503348e-04,-4.409646802714740736e-03,1.805420239926788240e+00
7.278586120918400866e+02,3.929552264878253360e-11,-2.127218076558288238e-08,2.203969050931137128e-06,3.987614239242753215e-04,-1.243605533137793692e-02,1.931615175901418846e+00
7.280531660458600527e+02,4.536282437925982351e-11,-2.500492843280457514e-08,2.995217047270071199e-06,3.327455489278401536e-04,-1.066723378602183088e-02,1.914569272141523726e+00
7.282477033245600069e+02,4.219939779271329010e-11,-2.365918824656712593e-08,2.866151085310323746e-06,3.254215727311900565e-04,-9.388348269620740150e-03,1.836879183630792500e+00
7.284422239279400628e+02,5.770872002630292630e-11,-3.259114640626306500e-08,4.596258028578366105e-06,1.985041814482679052e-04,-6.644043687823006535e-03,1.841241607110747802e+00
7.286367278559999932e+02,4.934892580661125057e-11,-2.841428618994145143e-08,4.021742283398120026e-06,2.021831900072565771e-04,-4.382840271459794573e-03,1.819238026979083989e+00
7.288312151087399116e+02,4.771154446880414240e-11,-2.620756871936832682e-08,3.176773020358707634e-06,3.274836520055195025e-04,-1.138944598844358370e-02,1.893664988976534236e+00
7.290256856861600454e+02,5.010393025664987851e-11,-2.702279331328642824e-08,3.196871883092727251e-06,3.389521564570965222e-04,-1.189056683794849530e-02,1.862223497344079659e+00
7.292201395882600536e+02,4.502672748528914181e-11,-2.304209213000225114e-08,2.148349978596423073e-06,4.478964149974173263e-04,-1.557970925971682505e-02,1.868683749935550420e+00
7.294145768150399363e+02,5.253316016092972037e-11,-2.818857871174562873e-08,3.318694690548977822e-06,3.493853287794954532e-04,-1.348163443208525228e-02,1.886200285497378504e+00
7.296089973665000343e+02,5.271817222336028306e-11,-2.900114818160141241e-08,3.685877678118154600e-06,2.961590794340486889e-04,-1.114298027223303150e-02,1.888172771899234048e+00
7.298034012426401205e+02,4.062867936013244040e-11,-2.070156970753785456e-08,1.714134181310760966e-06,4.851280002614583703e-04,-1.762673070724204635e-02,1.920104597536335111e+00
7.299977884434600810e+02,5.996660313848909633e-11,-3.302920856980795510e-08,4.507712911321927564e-06,2.131390507061409396e-04,-6.798120010786843151e-03,1.782877579888967112e+00
7.301921589689600296e+02,5.728119302817217417e-11,-3.195079214550181014e-08,4.465802214572006713e-06,1.896409252458723302e-04,-4.701645290804272112e-03,1.768107984829003554e+00
7.303865128191400800e+02,4.237858239523926127e-11,-2.263161649724744627e-08,2.334948625383440349e-06,4.103755309978110834e-04,-1.455454206545299736e-02,1.869680852627970458e+00
7.305808499940000047e+02,6.551429815199226752e-11,-3.714202962830845536e-08,5.543880200201781611e-06,1.166933148292898377e-04,-5.218227131474903642e-03,1.845480177284822609e+00
7.307751704935399175e+02,6.028636831269668598e-11,-3.406327211032619957e-08,4.922026678074042593e-06,1.664643744433914516e-04,-6.593853056963237293e-03,1.841670386454392405e+00
7.309694743177600458e+02,4.942679268829376987e-11,-2.707523062440756205e-08,3.314376249200296301e-06,3.249487849330044784e-04,-1.259412846160593361e-02,1.869740298333751660e+00
7.311637614666600484e+02,5.576604278476010370e-11,-3.101903451634878882e-08,4.168242096644072405e-06,2.483099167695569133e-04,-9.952534620003708823e-03,1.832501711962140734e+00
7.313580319402399255e+02,4.270206434234527989e-11,-2.292450338042673519e-08,2.450718550413662779e-06,3.897243252264154982e-04,-1.319503336939058594e-02,1.811257102467122904e+00
7.315522857385000179e+02,5.147604934944398780e-11,-2.812503705311722827e-08,3.525287381211577196e-06,3.004480150862350843e-04,-1.102291700592388651e-02,1.793342797329937399e+00
7.317465228614399848e+02,6.499809439547479888e-11,-3.663532876235635606e-08,5.396422983432700593e-06,1.324188325619598356e-04,-5.643835533130229024e-03,1.746984435251602186e+00
7.319407433090599397e+02,6.181429094015147260e-11,-3.510303133263157880e-08,5.196369864254441788e-06,1.276104794110544539e-04,-3.662846167796551377e-03,1.721036776888246633e+00
7.321349470813599964e+02,7.019042907106162680e-11,-4.001403155153153099e-08,6.189809614754169284e-06,4.900625646027315498e-05,-1.971309042344811333e-03,1.711778971357267087e+00
7.323291341783400412e+02,5.497330680074323583e-11,-3.081711016714631439e-08,4.260616200971135792e-06,2.120243466744844768e-04,-6.476747166527217076e-03,1.711736113730536912e+00
7.325233045999999604e+02,5.870052215975975622e-11,-3.334982756241784510e-08,4.886361534861278282e-06,1.465150044473427515e-04,-4.140151694160995079e-03,1.714553653128689792e+00
7.327174583463399813e+02,6.646606992823851196e-11,-3.709412693139915757e-08,5.395313970989120498e-06,1.361989789282414464e-04,-5.206477251196117879e-03,1.713939418315334251e+00
7.329115954173601040e+02,4.859118502819495142e-11,-2.651565402449777396e-08,3.255992845320362708e-06,3.093418225996659877e-04,-1.024610945404636625e-02,1.724715370974019946e+00
7.331057158130599873e+02,7.026748307280164671e-11,-4.052712096781131042e-08,6.422798279227512995e-06,1.395366225685722974e-05,4.260706440971323648e-04,1.630346540916183473e+00
7.332998195334399725e+02,7.621904408916929477e-11,-4.423805684438028503e-08,7.237494786198332012e-06,-5.730530845870400127e-05,1.805929025253100347e-03,1.643903071923006998e+00
7.334939065785000594e+02,5.189772303971904857e-11,-2.839368723584962614e-08,3.670438640239222883e-06,2.624369939989286914e-04,-7.972779590801608307e-03,1.727125230273896639e+00
7.336879769482400206e+02,5.873512911726270832e-11,-3.181632785605932755e-08,4.131454713173517773e-06,2.708030787350402049e-04,-1.228069607511074468e-02,1.843494479375684003e+00
7.338820306426599700e+02,7.191198056037081067e-11,-4.027527718844120709e-08,6.053647540131171546e-06,8.620642573859666033e-05,-5.402440988372211872e-03,1.778031841414816405e+00
7.340760676617600211e+02,6.577906967521264817e-11,-3.621092844848478410e-08,5.049599563645314707e-06,2.012059488311629266e-04,-1.069669346944259435e-02,1.783751204113220856e+00
7.342700880055399466e+02,7.427548346896724140e-11,-4.155349100521963136e-08,6.274515905143776445e-06,6.722616341401606635e-05,-3.707986077113473514e-03,1.664844432287194698e+00
7.344640916739999739e+02,5.896682675507915030e-11,-3.209007920962437572e-08,4.221174262473547687e-06,2.527303257465892631e-04,-1.001409355187068626e-02,1.718384155469044883e+00
7.346580786671399892e+02,6.694801511415156760e-11,-3.690539945303256427e-08,5.223849736186656273e-06,1.709442843863498863e-04,-8.260090665322985387e-03,1.703576990560514925e+00
7.348520489849599926e+02,6.949389650752554156e-11,-3.890031787972893126e-08,5.766676812955219749e-06,1.104113869759440296e-04,-5.569719626860279715e-03,1.690386432529593641e+00
7.350460026274599841e+02,5.574877244816010672e-11,-3.011956975054664930e-08,3.783526116584827696e-06,2.968184781219851084e-04,-1.232548900774201907e-02,1.774694322888595188e+00
7.352399395946399636e+02,6.407567229096279277e-11,-3.528178235314739293e-08,4.876562815449585958e-06,2.099379896908790469e-04,-1.047577254336452129e-02,1.754744737496337859e+00
7.354338598865000449e+02,5.912826930602749674e-11,-3.134637609946979446e-08,3.769008984679269832e-06,3.452219045694030451e-04,-1.750332251880675968e-02,1.859479956164690639e+00
7.356277635030398869e+02,7.783001087404225246e-11,-4.326837403190808267e-08,6.419821596821672697e-06,1.064295324677217092e-04,-1.010929929951231987e-02,1.836814164788986403e+00
7.358216504442600581e+02,6.154325371657447888e-11,-3.304774956966432773e-08,4.148766072346225297e-06,3.134690825918147114e-04,-1.654519054233470621e-02,1.864184330538396273e+00
7.360155207101601036e+02,6.788811014555051197e-11,-3.708496032052736351e-08,5.071397849792986722e-06,2.237297110397336146e-04,-1.323745988292495367e-02,1.826945988501935236e+00
7.362093743007400235e+02,6.954387813020643800e-11,-3.770128028431471957e-08,5.057517532709733070e-06,2.506665596667588753e-04,-1.581880550292941515e-02,1.859094330284387420e+00
7.364032112160000452e+02,5.823005958095416412e-11,-3.112465377353143265e-08,3.796923570996748742e-06,3.325961460883727341e-04,-1.589059132789715292e-02,1.783306881722444670e+00
7.365970314559400549e+02,6.785444651815071586e-11,-3.650334289303215922e-08,4.816545725676505016e-06,2.550364028614912257e-04,-1.349170634861264310e-02,1.735440139522779646e+00
7.367908350205600527e+02,6.375789428301174981e-11,-3.407125767822347668e-08,4.329532363999647519e-06,2.924463417350798753e-04,-1.456870240727865286e-02,1.739625057619783366e+00
7.369846219098599249e+02,6.203040249653389447e-11,-3.291501494610006632e-08,4.074484667677798394e-06,3.151255983677677991e-04,-1.523486755357268511e-02,1.716924706823661495e+00
7.371783921238400126e+02,6.997895573058744760e-11,-3.801579981082566352e-08,5.194815376108064133e-06,2.168257611503521904e-04,-1.218001967616135113e-02,1.705043514779368108e+00
7.373721456624999746e+02,7.334520031787498116e-11,-4.052333895802737059e-08,5.836355886083883364e-06,1.531017881924856680e-04,-1.046201386628813415e-02,1.705334051538666351e+00
7.375658825258399247e+02,7.152298678814767245e-11,-3.913992845087537507e-08,5.460535644542015304e-06,1.988362193706032851e-04,-1.306780766742662164e-02,1.799002086227654340e+00
7.377596027138599766e+02,7.167201838295737657e-11,-3.890692925142813100e-08,5.391946195912638997e-06,1.985812908759991785e-04,-1.319558732904052567e-02,1.856886583340158881e+00
7.379533062265600165e+02,7.593863158377689119e-11,-4.092857887959006138e-08,5.651778382214377656e-06,1.954874765805251732e-04,-1.366987047968285136e-02,1.833194346499504190e+00
7.381469930639399308e+02,6.982650112655692358e-11,-3.796276090654580982e-08,5.231528583901567300e-06,2.033769125904379366e-04,-1.187214967716580284e-02,1.794605628913552131e+00
7.383406632260000606e+02,6.168922923226055119e-11,-3.276028302239675988e-08,4.053262577980032258e-06,3.180630817507895084e-04,-1.667452980541766355e-02,1.874392137461945218e+00
7.385343167127400648e+02,6.329977834681200731e-11,-3.372677438747355638e-08,4.205104214209494986e-06,3.180896461828942173e-04,-1.763637926204831424e-02,1.896214209075469448e+00
7.387279535241599433e+02,6.017236151042807892e-11,-3.163300172288588888e-08,3.661925795063232401e-06,3.853273584247329602e-04,-2.120274674300356293e-02,1.912799044049647179e+00
7.389215736602600373e+02,5.807001567606936653e-11,-3.040139187065810330e-08,3.464388004208090505e-06,3.811276649469446049e-04,-1.846430511911840641e-02,1.816437587856043256e+00
7.391151771210401193e+02,7.734952483190935174e-11,-4.224779117076792863e-08,5.997708331560634191e-06,1.657189813082811359e-04,-1.273278603445209683e-02,1.786460513621753732e+00
7.393087639065000758e+02,3.906309729988832404e-11,-1.895619190774825483e-08,1.118695184590032860e-06,5.732992084420928921e-04,-2.430966243416959188e-02,1.867608557883392528e+00
7.395023340166400203e+02,5.687632950604879616e-11,-3.023606294448130865e-08,3.630373046103845241e-06,3.407338035041801482e-04,-1.636423685539275738e-02,1.791485291972308325e+00
7.396958874514600666e+02,5.956199838209211079e-11,-3.176520966514014984e-08,3.901595130725284626e-06,3.271631078755455713e-04,-1.642254096467226851e-02,1.793708502105818337e+00
7.398894242109599872e+02,6.217360491225593483e-11,-3.420079755146792181e-08,4.653438464804770210e-06,2.376854944911900591e-04,-1.309769846201230131e-02,1.789019416020169340e+00
7.400829442951400097e+02,4.657928166623770361e-11,-2.367091372664693981e-08,2.155295800084197981e-06,4.790055794577011269e-04,-2.137305439981660241e-02,1.858873498342155983e+00
7.402764477040000202e+02,5.052252299510969489e-11,-2.529908668645411669e-08,2.323878631097207604e-06,4.800115233104411730e-04,-2.172620974766769145e-02,1.853075300355653487e+00
7.404699344375400187e+02,5.218212200826977507e-11,-2.619474989789187924e-08,2.398851680330847757e-06,5.001012118098912152e-04,-2.380688203367999772e-02,1.832313559879901854e+00
7.406634044957600054e+02,4.585719955426112184e-11,-2.282613162899897794e-08,1.830911879241492179e-06,5.280590195542211917e-04,-2.335503782067451656e-02,1.819764220127382037e+00
7.408568578786599801e+02,4.704469569637092561e-11,-2.333520035708710185e-08,1.917699712351626763e-06,5.115009038399345558e-04,-2.143764912216185661e-02,1.803373665045154395e+00
7.410502945862399429e+02,4.402880802685476648e-11,-2.190640428744117410e-08,1.730766223477507826e-06,5.205547707698445457e-04,-2.271967559792136340e-02,1.886559436049587646e+00
7.412437146184998937e+02,4.335753316559175227e-11,-2.165996179241560194e-08,1.687734920968413820e-06,5.280887931406381443e-04,-2.317616914284683499e-02,1.882084280710113466e+00
7.414371179754400600e+02,4.325376054376663224e-11,-2.149841561001127610e-08,1.604924278147123755e-06,5.465619784508319538e-04,-2.494818199659984415e-02,1.893197267076347945e+00
7.416305046570601007e+02,3.425049005136933432e-11,-1.631125386722431767e-08,6.578722997459278941e-07,5.978545519802357013e-04,-2.431905701816304555e-02,1.859406901202723672e+00
7.418238746633599021e+02,4.730721237621376485e-11,-2.420554694878783183e-08,2.259808725179257733e-06,4.712366699939089169e-04,-2.046563916608233266e-02,1.818163611945430969e+00
7.420172279943400326e+02,4.456502628285544979e-11,-2.148674549912392213e-08,1.403843884285414061e-06,5.838898483058699729e-04,-2.652201634821812690e-02,1.882144799334358076e+00
7.422105646500000375e+02,1.794780660305199969e-11,-4.306874020589211665e-09,-2.445070479681420490e-06,9.304334293322142442e-04,-3.736127617153595093e-02,1.974071904207102435e+00
7.424038846303400305e+02,3.657216998686322325e-11,-1.551237422408036620e-08,-4.744720710608619589e-08,7.119047764265058450e-04,-2.994454773156844662e-02,1.975072971232273655e+00
7.425971879353600116e+02,3.063010258812762167e-11,-1.226145245015385812e-08,-7.176202938869459277e-07,7.799274721441248242e-04,-3.291598569517285161e-02,1.971798308106039732e+00
7.427904745650600944e+02,4.796687464965384493e-11,-2.335537413578918829e-08,1.808071491851695571e-06,5.346944438559922711e-04,-2.351538030321168385e-02,1.897626459904711682e+00
7.429837445194400516e+02,3.824095825014954930e-11,-1.764185386691155276e-08,6.651712139402038974e-07,6.271314318208814171e-04,-2.677628111148293993e-02,1.953813194924768792e+00
7.431769977984999969e+02,3.905070810922145655e-11,-1.849413970582874463e-08,9.147433216937689269e-07,6.030831606696506787e-04,-2.648677483443291278e-02,1.993628154475092451e+00
7.433702344022400439e+02,2.279617725076686745e-11,-8.537806107491780915e-09,-1.251228735439901828e-06,8.035242681058198935e-04,-3.390899618194587878e-02,2.089862091054403681e+00
7.435634543306599653e+02,4.034483101007821029e-11,-1.937828302612952788e-08,1.068251408069329143e-06,6.013960632889217648e-04,-2.712033670001220975e-02,2.021750113211038258e+00
7.437566575837599885e+02,2.730762699890768934e-11,-1.186371213789488468e-08,-3.902448662735101168e-07,7.064022889998037603e-04,-2.913820780314627101e-02,2.009794663148970262e+00
7.439498441615399997e+02,4.281288184012399975e-11,-2.242369811747060134e-08,2.133006708319860747e-06,4.624417974810821606e-04,-2.076443930081454600e-02,1.947953369520741385e+00
7.441430140639999991e+02,3.994968728718884523e-11,-1.968699016925940059e-08,1.287786797568016530e-06,5.619138486053215772e-04,-2.456390725261820354e-02,1.984778138342860210e+00
7.443361672911399864e+02,4.581728854728587513e-11,-2.359722279765564543e-08,2.192385116624383744e-06,4.727441491440578748e-04,-2.030336084758642412e-02,1.888672306572511506e+00
7.445293038429599619e+02,4.366521320294480067e-11,-2.140866049841390695e-08,1.457671282887015491e-06,5.758421750369860110e-04,-2.593870320822587797e-02,1.939529963076146890e+00
7.447224237194600391e+02,4.581865962751373802e-11,-2.298481857807042495e-08,1.881862636123574190e-06,5.212911620297461810e-04,-2.292536665878844304e-02,1.869034233450787008e+00
7.449155269206398771e+02,3.104594321024983682e-11,-1.380566295239105219e-08,-1.204074699435527567e-07,7.042215133150501799e-04,-2.895254392728301845e-02,1.885142937162367582e+00
7.451086134465000441e+02,2.099513038917373277e-11,-7.363633387779513615e-09,-1.501682712425429843e-06,8.155172396348557735e-04,-3.193430485114081424e-02,1.924532109475284303e+00
7.453016832970400856e+02,1.191010258326681657e-11,-1.043212992601302330e-09,-3.061436331700358817e-06,9.758276744658446857e-04,-3.759994911711354165e-02,1.928474155187814176e+00
7.454947364722600014e+02,-2.520847151696748252e-12,8.029014722338525312e-09,-5.077645709615301668e-06,1.162192748846506548e-03,-4.387605557512955917e-02,1.941719265761822522e+00
7.456877729721600190e+02,2.135614931793660180e-11,-6.066797222456357705e-09,-2.188042676423903425e-06,9.202981995232564815e-04,-3.643701713848892382e-02,1.906099602387498759e+00
7.458807927967400246e+02,3.646118036666952520e-11,-1.456215332052945568e-08,-5.907905579275504901e-07,8.051751980025077153e-04,-3.369913094042684132e-02,1.859771589614950482e+00
7.460737959460000184e+02,7.966787155522864619e-12,1.298259270508168563e-09,-3.548179255847647043e-06,1.012662320432666406e-03,-3.756465984683313858e-02,1.843364278025797498e+00
7.462667824199400002e+02,8.545295961286479635e-12,1.130939977153837299e-09,-3.520004731737094930e-06,9.997685648659721935e-04,-3.548478851395239775e-02,1.800841591523714591e+00
7.464597522185600837e+02,8.072249487533209371e-12,1.203775680656691132e-10,-2.902711828192552073e-06,8.937409329176482621e-04,-2.991076515210169470e-02,1.782496485219908555e+00
7.466527053418600417e+02,1.912457532526511927e-11,-7.572362473889616797e-09,-1.035950346438791435e-06,7.045625399790469848e-04,-2.232126926246750034e-02,1.689730719707199125e+00
7.468456417898399877e+02,3.248158136651555010e-11,-1.721862065631483498e-08,1.514614749188044600e-06,4.126437508994952792e-04,-9.703303552222436110e-03,1.612871256678054310e+00
7.470385615625000355e+02,2.033293298238578904e-11,-8.724298747087737946e-09,-6.577227830464683596e-07,6.584415360185913359e-04,-2.112095464050721058e-02,1.752892187857336026e+00
7.472314646598399577e+02,3.592440379963147776e-11,-1.813848051710900277e-08,1.302290660812857929e-06,4.943832021489944157e-04,-1.615496710459041543e-02,1.727685920379961271e+00
7.474243510818599816e+02,2.353716798200936817e-11,-1.049362161645147890e-08,-3.335052471633140835e-07,6.380629748482170198e-04,-2.108627260383460697e-02,1.764501301959458646e+00
7.476172208285599936e+02,1.439673548918945312e-11,-5.107265415311552439e-09,-1.429113735432993673e-06,7.287031820277450151e-04,-2.392852170674868162e-02,1.806865764391818896e+00
7.478100738999401074e+02,2.199380221704097793e-11,-9.523105946231841750e-09,-6.094006759286164650e-07,6.849880330330944704e-04,-2.518237444826443988e-02,1.882988963359864876e+00
7.480029102959999818e+02,1.198331687708354163e-11,-2.504314903853367034e-09,-2.353809983408434334e-06,8.695752868087275192e-04,-3.313186639027645986e-02,2.008291397758168451e+00
7.481957300167399580e+02,3.057193769556258453e-11,-1.556663313984502892e-08,9.173090640125231100e-07,5.207084781315207472e-04,-1.878168864115703843e-02,1.938690399187212865e+00
7.483885330621600360e+02,2.815931558695806815e-11,-1.332116860477635405e-08,2.749139904935765665e-07,5.860921825597402999e-04,-2.061806854263444067e-02,1.926690987594991133e+00
7.485813194322599884e+02,2.862176973813317261e-11,-1.334866899077207532e-08,2.216647225366233150e-07,5.940217125985857403e-04,-2.015002083619956211e-02,1.868189516588390386e+00
7.487740891270400425e+02,2.537152114755547407e-11,-1.114563695108781390e-08,-3.511910154405449455e-07,6.652361348774088684e-04,-2.404932544786104673e-02,1.914243655750561546e+00
7.489668421465000847e+02,2.970254265322234417e-11,-1.359789371439419957e-08,1.196566780250707399e-07,6.309696891223941272e-04,-2.374230252445535747e-02,1.950171610422115842e+00
7.491595784906400013e+02,2.958348852564790168e-11,-1.470486311445710973e-08,6.585298078172643409e-07,5.512067943158460021e-04,-1.964587347586587221e-02,1.905054629357338714e+00
7.493522981594600196e+02,6.607723975130876202e-12,-4.241123631958476603e-11,-2.599880317972655076e-06,8.411327208017949563e-04,-2.803594300667008182e-02,1.889238067663255638e+00
7.495450011529600260e+02,2.242715194199383450e-11,-8.275889019339147030e-09,-1.204574420955319583e-06,7.592146985864151954e-04,-2.725154061516825432e-02,1.915077256006285644e+00
7.497376874711400205e+02,4.328272861504695464e-11,-2.025765365493657891e-08,1.102400883939510044e-06,5.909624373374774281e-04,-2.426863434927355873e-02,1.956131333036013498e+00
7.499303571140000031e+02,3.640221343992335829e-11,-1.866805878988946834e-08,1.395879862154627405e-06,5.056717985653673333e-04,-1.970053807920664132e-02,1.973236377026795774e+00
7.501230100815400874e+02,4.369004177960849028e-11,-2.297627492384563846e-08,2.218838014300406035e-06,4.535220269451138231e-04,-1.938321736998880815e-02,2.003425408061291435e+00
7.503156463737600461e+02,3.247195955234468287e-11,-1.562614977284039333e-08,5.555696024765587124e-07,6.086668612429141194e-04,-2.498363553459072295e-02,2.023445568985552168e+00
7.505082659906599929e+02,2.162336610028698639e-11,-9.540248257646396654e-09,-5.932717613323457119e-07,6.837922985417827816e-04,-2.476920836417517355e-02,1.936020857164749254e+00
7.507008689322400414e+02,-1.011106698440355795e-11,1.056532545975102938e-08,-4.987640921364068318e-06,1.070616385775302040e-03,-3.731738479857127366e-02,2.057731385862113793e+00
7.508934551985000780e+02,5.699618226459654387e-12,2.243030543596953622e-10,-2.599889659279300806e-06,8.422987390088956415e-04,-2.929824144189822899e-02,1.993241630434257505e+00
7.510860247894399890e+02,3.112954354570099441e-12,2.210178890315140645e-09,-3.083799253565727544e-06,8.791535292323321427e-04,-2.889830714396791553e-02,1.929154792775123806e+00
7.512785777050600018e+02,2.384154178641308349e-11,-1.050895893791116495e-08,-4.384197117671041538e-07,6.632359935862580571e-04,-2.255096898836543920e-02,1.871185984264568836e+00
7.514711139453601163e+02,4.982495675490340623e-11,-2.593870665499605988e-08,2.719468112764104099e-06,4.094944620404010493e-04,-1.659004552234350643e-02,1.912101808468113839e+00
7.516636335103399915e+02,2.274487932827529790e-11,-8.817633832361681900e-09,-1.130613032262345874e-06,7.738921575524479587e-04,-2.924014739692125733e-02,1.967297602410843282e+00
7.518561363999999685e+02,2.479824482749316591e-11,-9.839858925565489663e-09,-9.799041421495283375e-07,7.689975472556638504e-04,-2.938529658331001312e-02,1.967756493200892853e+00
7.520486226143400472e+02,2.975829496999678964e-11,-1.474705584492442148e-08,6.009393446629091959e-07,5.670308712371291502e-04,-2.058193091252596280e-02,1.906844321398762698e+00
7.522410921533600003e+02,3.630908910111992764e-11,-1.936738940112828994e-08,1.794713638073252756e-06,4.331453074479263443e-04,-1.508865709124994695e-02,1.905813006242176089e+00
7.524335450170599415e+02,1.378617452588060909e-11,-4.398231186213776112e-09,-1.684130670755630868e-06,7.610994756515284711e-04,-2.595387655509124800e-02,1.988194307902859670e+00
7.526259812054400982e+02,3.458034505677730618e-11,-1.709052565680127998e-08,1.036347602181631626e-06,5.221807293716659469e-04,-1.850219642043683665e-02,1.961427110741407409e+00
7.528184007185000155e+02,4.141604116733860547e-11,-2.131047357519696518e-08,1.901900399884001299e-06,4.544289027362764582e-04,-1.628329713252630109e-02,1.887158537259695512e+00
7.530108035562399209e+02,3.690101247628553592e-11,-1.854536659298979587e-08,1.283669468593497439e-06,5.141289419213550217e-04,-1.824903091771457389e-02,1.885088957729341042e+00
7.532031897186600418e+02,5.712947082987128742e-11,-3.148035310287308253e-08,4.171642798247943097e-06,2.509726558808993103e-04,-1.023590073203587206e-02,1.885254731122053995e+00
7.533955592057600370e+02,2.684667631089757178e-11,-1.343767354094769797e-08,4.872865513989426717e-07,5.526355653397317311e-04,-1.936222484705176980e-02,1.969809898535543224e+00
7.535879120175399066e+02,-1.475095457671135922e-11,9.673461355596459827e-09,-4.129159261682566807e-06,9.554356143146956054e-04,-3.411845213659506215e-02,2.150392114289298107e+00
7.537802481539999917e+02,4.104313890173481798e-11,-2.175346333944916663e-08,2.146940739916558484e-06,4.262225843979370785e-04,-1.717621431811843999e-02,2.036307473986808336e+00
7.539725676151400648e+02,4.194768627364939907e-11,-2.118438215311532583e-08,1.678237191788106982e-06,5.124064059741659325e-04,-2.099328833677343437e-02,1.922121802353497833e+00
7.541648704009598987e+02,4.421119851489281705e-12,1.979417223799249030e-09,-3.318455258230244077e-06,9.483629074506471886e-04,-3.344605191961966956e-02,1.904637363744718703e+00
7.543571565114600617e+02,-1.791624164473706148e-11,1.236127641956457618e-08,-4.931913189271560923e-06,1.045046026670338893e-03,-3.478460302056994580e-02,1.862946974115095689e+00
7.545494259466400990e+02,1.787058646784886414e-11,-8.138704444500670230e-09,-5.423094522006173854e-07,6.181996413781179825e-04,-1.825769108143517408e-02,1.775373164178077445e+00
7.547416787065000108e+02,3.460127770397252161e-11,-1.768891666913886612e-08,1.375033979762433288e-06,4.528975295347799140e-04,-1.219775973470457742e-02,1.738288259440043948e+00
7.549339147910400243e+02,-1.939867978546662665e-11,1.242017633237011978e-08,-4.555867301436434303e-06,9.392189383580427627e-04,-2.780648143725082330e-02,1.883785561385587171e+00
7.551261342002600259e+02,4.499889912002539066e-11,-2.295986479617510531e-08,2.198287648112077564e-06,4.136907858810496131e-04,-1.270349831809726784e-02,1.775009942661050610e+00
7.553183369341600155e+02,-2.231107913649716124e-11,1.560481041470798818e-08,-5.658340453772166873e-06,1.095684495299090568e-03,-3.579847286000706341e-02,1.937439251105034010e+00
7.555105229927399932e+02,1.141023715496730241e-11,-2.465162160678941059e-09,-2.223642160417358781e-06,8.212212702814962028e-04,-2.796193964925751396e-02,1.933281550821420947e+00
7.557026923760000727e+02,-1.201270216425489066e-11,7.876926844294674589e-09,-3.631336353591479205e-06,8.791636915033790517e-04,-2.818180717724336551e-02,1.970517742603645761e+00
7.558948450839400266e+02,2.120522441638400487e-11,-9.957332036675553232e-09,-2.121933192074491341e-07,6.006198107983165514e-04,-1.965963485113592785e-02,1.903216541188153865e+00
7.560869811165599685e+02,-2.796296627902503523e-11,1.868310598867467648e-08,-6.263683971103189194e-06,1.152965446256701883e-03,-3.952863806070805452e-02,2.077407548313672248e+00
7.562791004738600122e+02,-2.444616875086618443e-11,1.732574029162476060e-08,-6.188568492814360322e-06,1.167430825147282216e-03,-4.048420337212676329e-02,2.072197023516292536e+00
7.564712031558400440e+02,-2.153060243528756465e-11,1.531272654399403105e-08,-5.690885399303663944e-06,1.114136478261032502e-03,-3.764807321505625470e-02,1.965181419091540427e+00
7.566632891624999502e+02,-2.681213886937472295e-11,1.871665011142063861e-08,-6.432185720531635028e-06,1.176730702058980142e-03,-3.925432044299847351e-02,1.963254503742393187e+00
7.568553584938400718e+02,3.712159394442920455e-11,-1.921212644023068762e-08,1.622719623820972149e-06,4.455900220296637863e-04,-1.302597621910699978e-02,1.726300991875287627e+00
7.570474111498600678e+02,-1.032289165401756453e-11,6.576747790727323306e-09,-3.188903533947585584e-06,8.088386447725516310e-04,-2.358851915360831927e-02,1.845323982844872868e+00
7.572394471305599382e+02,2.076882878839078888e-12,-2.202172500030845593e-09,-1.072597549378179259e-06,6.102326944734812663e-04,-1.825374114459187361e-02,1.867067171176542972e+00
7.574314664359400240e+02,-6.815491156766869272e-12,3.358497540494042032e-09,-2.220125456345354546e-06,6.979497144749862358e-04,-2.016296082094502437e-02,1.887955594452990882e+00
7.576234690660000979e+02,2.607936154757346824e-12,-2.194514489111506742e-09,-1.156678552135136053e-06,6.304320318373446072e-04,-2.012147159888594272e-02,1.924456885112037163e+00
7.578154550207400462e+02,-6.192537347113343500e-12,3.935013688324666167e-09,-2.623098067373960605e-06,7.651600516293615654e-04,-2.408031359781944922e-02,1.988638631990116812e+00
7.580074243001599825e+02,3.650814934037740119e-12,-1.576859086782646009e-09,-1.624001621931878849e-06,7.068448836744200799e-04,-2.384328213436681318e-02,1.950606758929770201e+00
7.581993769042600206e+02,1.496665769728761403e-11,-8.021081520260631711e-09,-3.863556263086860586e-07,6.159222920722859287e-04,-2.121570562066649179e-02,1.888113133568951163e+00
7.583913128330400468e+02,1.447069228926720243e-11,-8.069633046134527218e-09,-2.838465088605179525e-07,5.946804013031322094e-04,-1.970545830039677204e-02,1.842232532991135319e+00
7.585832320864999474e+02,1.056764845792840503e-11,-5.177006618220750975e-09,-9.931419695400236918e-07,6.622768276939593234e-04,-2.178644990840312295e-02,1.814580207611091733e+00
7.587751346646400634e+02,1.203192099436981461e-11,-6.399855447918080347e-09,-5.963599265860678375e-07,6.027837589178132146e-04,-1.785741855332043798e-02,1.743203213004774543e+00
7.589670205674600538e+02,1.271492384391419586e-11,-6.702364883948672621e-09,-5.885056058420483293e-07,6.134975484160567734e-04,-1.988251531484993076e-02,1.845912531465106809e+00
7.591588897949599186e+02,1.786525510336439210e-11,-9.226680644162424734e-09,-2.532737681448304058e-07,6.135195599722600545e-04,-2.133958344927014764e-02,1.842311557089606922e+00
7.593507423471399989e+02,1.261095576042792649e-11,-6.202467920807742514e-09,-8.526157664396185843e-07,6.613320007726438202e-04,-2.261358110131471422e-02,1.821552558004168043e+00
7.595425782239999535e+02,1.819644241218414478e-11,-1.014398655760366213e-08,1.245383675044450531e-07,5.609628875187702007e-04,-1.965312596038444951e-02,1.918757690783631009e+00
7.597343974255398962e+02,5.354526212365071454e-12,-2.154922252392824373e-09,-1.546835295024466525e-06,6.973289278096254495e-04,-2.388325582565702446e-02,1.979907426939654824e+00
7.599261999517600543e+02,1.500188265634644571e-11,-8.425505611989726592e-09,-5.155780785605283454e-08,5.353469104079682179e-04,-1.572583371561869087e-02,1.869252072663389663e+00
7.601179858026600868e+02,9.151389129795127383e-12,-4.911611273290374996e-09,-7.938281451132730306e-07,6.035653252119670825e-04,-1.890201118472359040e-02,1.915144043362785542e+00
7.603097549782398801e+02,2.648333868953440767e-11,-1.579423039064906695e-08,1.606312426824420292e-06,3.850484254394331710e-04,-1.129878751879358732e-02,1.838019786563790392e+00
7.605015074785000024e+02,2.324010694862790514e-11,-1.418191473731010079e-08,1.411462951105315761e-06,3.772639317887082808e-04,-9.858839673627139630e-03,1.843655396719529715e+00
7.606932433034401129e+02,1.691925998885212964e-11,-1.012607410057997730e-08,4.671595012164330633e-07,4.716947906111483135e-04,-1.329081391773101299e-02,1.843326182224510168e+00
7.608849624530599840e+02,2.013372062167222727e-11,-1.191150422343344459e-08,7.831429747257315809e-07,4.565935691272452065e-04,-1.402712913048440382e-02,1.896765334370911882e+00
7.610766649273599569e+02,1.731359802115954716e-11,-9.807920464790243626e-09,2.208559461219865270e-07,5.227873875051575539e-04,-1.731701616735348975e-02,1.917936031704470912e+00
7.612683507263400315e+02,3.557948912451760163e-11,-2.115240738058478120e-08,2.651351302039682534e-06,3.127008581804445247e-04,-1.039229299257200291e-02,1.824403202369593746e+00
7.614600198499999806e+02,1.924312861031565897e-11,-1.157452529003157395e-08,7.785129953100263005e-07,4.500681868839321860e-04,-1.332708149261350311e-02,1.807240519024656766e+00
7.616516722983400314e+02,2.580890933074543715e-11,-1.512071827554140558e-08,1.359510519764638035e-06,4.232252059326573209e-04,-1.346425008604923250e-02,1.831840136986627288e+00
7.618433080713600702e+02,2.565091644029308144e-11,-1.437486072047196075e-08,1.053597818831367586e-06,4.625840779659316044e-04,-1.501353046364970953e-02,1.817560093919348141e+00
7.620349271690599835e+02,3.633978021635194847e-11,-2.082339428566893264e-08,2.346029994032660137e-06,3.669030376444077399e-04,-1.346524170001628905e-02,1.850902160956012121e+00
7.622265295914399985e+02,2.560982241114972600e-11,-1.432121099838042412e-08,1.041789623088537676e-06,4.607650408543271072e-04,-1.517472224417068354e-02,1.861142733350197975e+00
7.624181153385000016e+02,3.449415098194894859e-11,-2.022308319144851275e-08,2.472231077221660256e-06,3.102849016498640099e-04,-8.986802543634786825e-03,1.820449262907975596e+00
7.626096844102399928e+02,4.468722921344688024e-11,-2.659988693527545667e-08,3.842032430675571377e-06,1.995422917213215323e-04,-6.611985449700189324e-03,1.804652926092406018e+00
7.628012368066599720e+02,3.767226218077226232e-11,-2.245442335523275337e-08,2.990356232967132307e-06,2.715356662055739374e-04,-9.370412172683190502e-03,1.882931625686190547e+00
7.629927725277600530e+02,3.305636655037228102e-11,-1.872104216384075201e-08,1.948671372152486252e-06,3.936118346896958701e-04,-1.553691899628185068e-02,2.000083885013214324e+00
7.631842915735401220e+02,4.260907928446347735e-11,-2.434303654370763963e-08,3.007287854704394480e-06,3.320480617839446490e-04,-1.581355509005593837e-02,2.024681456891852083e+00
7.633757939439999518e+02,3.148741544813042171e-11,-1.727583119236360865e-08,1.484457869402057839e-06,4.617149371506348767e-04,-2.008236538421729819e-02,2.090317220072236193e+00
7.635672796391399970e+02,2.888490506711695255e-11,-1.547509551388457757e-08,9.607731788360247818e-07,5.289017812600926675e-04,-2.256430119247144345e-02,2.048696932835382789e+00
7.637587486589600303e+02,2.760449776577203416e-11,-1.543605947757296720e-08,1.221749005087206789e-06,4.666875353465761234e-04,-1.837676594587308448e-02,1.968495407839295330e+00
7.639502010034600517e+02,2.535310747712704946e-11,-1.445932374164851366e-08,1.151158235426499825e-06,4.546595406063837675e-04,-1.725723046114202228e-02,1.944536930750405679e+00
7.641416366726399474e+02,3.843655760789946033e-11,-2.342943064089917032e-08,3.279019443375472534e-06,2.455891721803624660e-04,-9.107443140604314438e-03,1.856080327619235915e+00
7.643330556665000586e+02,3.281993910069011085e-11,-1.943333725838309684e-08,2.257976684663627803e-06,3.566958989738598434e-04,-1.391463025821703010e-02,1.892399864146130151e+00
7.645244579850400442e+02,3.141668404021546319e-12,-6.356040910447894753e-10,-1.848367793575359956e-06,7.137670135524311213e-04,-2.413074306184131643e-02,1.879329130626484101e+00
7.647158436282600178e+02,2.045711469090666595e-11,-1.222893062867767940e-08,9.536405270486647038e-07,4.243244759627342439e-04,-1.289309945364431297e-02,1.829348769360585436e+00
7.649072125961600932e+02,3.622950987684588212e-11,-2.249430300945464802e-08,3.257877176044177824e-06,2.185276749912757265e-04,-7.130484265157496088e-03,1.876270542163052779e+00
7.650985648887400430e+02,5.618215856966859777e-11,-3.480162808596820286e-08,5.866254608825419780e-06,-3.445486148091417222e-07,-1.234567950076534588e-03,1.905668993166948599e+00
7.652899005059999809e+02,4.834985361384982030e-11,-2.847021472162410936e-08,4.087765609316172129e-06,2.088769449011394124e-04,-1.123709473623579584e-02,2.015101335556453321e+00
7.654812194479400205e+02,3.192365032680800778e-11,-1.719376431154449753e-08,1.353459888841638421e-06,4.795884470791911356e-04,-2.023676551572978211e-02,2.044016313113950378e+00
7.656725217145599345e+02,2.502370097809835952e-11,-1.162988881564035240e-08,-2.829718206763781322e-07,6.912909706608546482e-04,-3.067729904495405599e-02,2.071808770932514143e+00
7.658638073058599502e+02,3.617802886924876026e-11,-1.802782562296286305e-08,1.004596900037470898e-06,5.800648205212658760e-04,-2.645816458643654792e-02,2.011569069271025079e+00
7.660550762218400678e+02,3.901817705612677571e-11,-2.023009593602073349e-08,1.645985397363907022e-06,5.000687864828184297e-04,-2.243888619970803300e-02,1.933925880550227960e+00
7.662463284625000597e+02,2.701733633046543148e-11,-1.238210443803096356e-08,-2.158876930641922649e-07,6.927599846769449477e-04,-2.991059279971582455e-02,1.956009474703841899e+00
7.664375640278399260e+02,2.842101169242702220e-11,-1.449209446605884090e-08,6.030233316356921080e-07,5.728426052128458238e-04,-2.350993741397093897e-02,1.860542149731767791e+00
7.666287829178600077e+02,3.452437123936372612e-11,-1.828583291475345487e-08,1.465064501646208463e-06,4.821785964680472530e-04,-1.900378602682923496e-02,1.784301313225753916e+00
7.668199851325600775e+02,3.149144087228265823e-11,-1.636637147939632730e-08,1.086291361773998572e-06,5.054868020536385431e-04,-1.923167454848433502e-02,1.802894203801329365e+00
7.670111706719400217e+02,3.051496601459156667e-11,-1.596635743341142994e-08,9.952363772939913154e-07,5.243079694874915953e-04,-2.088644355840633959e-02,1.821132039379590672e+00
7.672023395359999540e+02,4.623322955879122045e-11,-2.611666038516967978e-08,3.329833585213327406e-06,2.963158467381722650e-04,-1.208548949364175382e-02,1.730391829972142803e+00
7.673934917247401017e+02,4.719670620162608943e-11,-2.579627844420664381e-08,3.002277548318422886e-06,3.541446369441617233e-04,-1.532708182045178918e-02,1.773542710852078708e+00
7.675846272381600102e+02,4.772294691734923705e-11,-2.564493617699315101e-08,2.820523547519026965e-06,3.946751531013739569e-04,-1.809557935048076646e-02,1.762104547981555802e+00
7.677757460762600203e+02,3.903990041347497485e-11,-2.117309314047421402e-08,2.139354075068320157e-06,4.156364515700704428e-04,-1.665723391456482017e-02,1.751259633511200509e+00
7.679668482390400186e+02,2.790082653587234887e-11,-1.409623774361310835e-08,5.868490380923180631e-07,5.500358718186597329e-04,-2.074457953900772297e-02,1.814160302924175738e+00
7.681579337265000049e+02,3.634015210456645179e-11,-1.943696332289509591e-08,1.736581008596230257e-06,4.527206304998076256e-04,-1.770039462549161807e-02,1.771168076509785694e+00
7.683490025386399793e+02,2.012594472287911867e-11,-8.302056859760007859e-09,-9.820571554424296575e-07,7.313913399075800195e-04,-2.814444568113001061e-02,1.834058534105342364e+00
7.685400546754600555e+02,1.382216954145708786e-11,-5.525397324076473052e-09,-1.205433467113831161e-06,6.969804274834556822e-04,-2.424196424288007148e-02,1.790610943209069772e+00
7.687310901369600060e+02,1.957771346725233010e-11,-9.126435155513113160e-09,-3.908634921379125367e-07,6.192347667623457558e-04,-2.176243089760086444e-02,1.807299878558151773e+00
7.689221089231399446e+02,5.300091527811493318e-11,-2.969719822858226801e-08,3.916642039533123850e-06,2.723888639136756045e-04,-1.357658100103765857e-02,1.835580641048230266e+00
7.691131110339999850e+02,4.572373737631087580e-11,-2.446354611053952422e-08,2.607949499319370953e-06,4.094046216358472210e-04,-1.956075962969542476e-02,1.892207648223035665e+00
7.693040964695401271e+02,3.649064930509999965e-11,-1.835983318805886375e-08,1.209345150695936982e-06,5.309186205301484390e-04,-2.166292035047051590e-02,1.848179137796659433e+00
7.694950652297599163e+02,3.293056156616120184e-11,-1.571700991822745343e-08,5.156539802425460050e-07,6.057426662272598177e-04,-2.471363192456908775e-02,1.878404472065825059e+00
7.696860173146600346e+02,1.762561030462465758e-11,-6.127702894618848427e-09,-1.562708224571043208e-06,7.838891723197107626e-04,-2.947629865244831560e-02,1.876335897408720088e+00
7.698769527242400272e+02,2.095849538227510454e-11,-8.488856389937522877e-09,-9.925159478242417901e-07,7.269919774448868220e-04,-2.705797147919590181e-02,1.860825680722469455e+00
7.700678714585000080e+02,2.404910136888521209e-11,-1.021028713324661953e-08,-6.931280419610895874e-07,7.186711001880974467e-04,-2.948453117942159349e-02,1.982004175583899297e+00
7.702587735174399768e+02,2.449212876014746104e-11,-1.117481043109312358e-08,-3.104677510240837353e-07,6.663155292402909210e-04,-2.725382908294150114e-02,2.008911846671021184e+00
7.704496589010600474e+02,3.537423936063938703e-11,-1.672000513166881503e-08,4.987723933391954130e-07,6.553978544592587189e-04,-3.099974351091758576e-02,2.101896405192927642e+00
7.706405276093599923e+02,2.209584350404229078e-11,-8.249753513450804053e-09,-1.332013285539854046e-06,8.063473594460748026e-04,-3.446703295852761306e-02,2.059680263436085124e+00
7.708313796423399253e+02,3.275095357398135490e-11,-1.493497456955907805e-08,1.052035929990347526e-07,6.818468445915007448e-04,-2.988614844164630066e-02,1.949927673153826646e+00
7.710222150000000738e+02,2.539208526146049609e-11,-1.134902819559969226e-08,-2.907798184903722965e-07,6.525431853105217051e-04,-2.450982115961064522e-02,1.853586842450794636e+00
7.712130336823399830e+02,3.530507176602088473e-11,-1.858720919262670074e-08,1.557821776137119116e-06,4.644488321991740022e-04,-1.910179900492468136e-02,1.927197993666619036e+00
7.714038356893599939e+02,3.805992649553550607e-12,1.528252388475921446e-09,-2.970310075281404231e-06,8.876497315152055180e-04,-3.404339100743535018e-02,2.090504805792703813e+00
7.715946210210599929e+02,-1.036554686004796868e-12,4.433215484434836465e-09,-3.547701655685136687e-06,9.273381789753287969e-04,-3.493007899488976414e-02,2.120727029032863253e+00
7.717853896774399800e+02,2.130555312281390665e-11,-8.935629597106018426e-09,-8.395081344194776472e-07,7.133609448855229200e-04,-2.904781738106623767e-02,2.067798173158091668e+00
7.719761416584999552e+02,1.662327917731531747e-11,-4.979457468464410524e-09,-1.965882953084939183e-06,8.468195193484032157e-04,-3.452596675488862205e-02,2.035218386381657751e+00
7.721668769642400321e+02,2.104488703652246953e-11,-8.331958705431712760e-09,-1.111269479359791631e-06,7.651361044769583626e-04,-3.270086964650657790e-02,2.083259776732915736e+00
7.723575955946600970e+02,2.186357126421036296e-11,-8.747177699038831918e-09,-1.058658898323348797e-06,7.636358889127099628e-04,-3.228343965421743428e-02,2.084840860914930705e+00
7.725482975497599227e+02,3.154332859105618460e-11,-1.428731606256700083e-08,6.106441860981436015e-09,6.894384144508543949e-04,-3.134615583293105801e-02,2.085585129623134470e+00
7.727389828295399639e+02,4.567110769643371938e-11,-2.436617403307096923e-08,2.498665826488451521e-06,4.376976661368636268e-04,-2.204135508371045382e-02,2.039999513522957386e+00
7.729296514340001067e+02,2.723133547194639045e-11,-1.307258575428600173e-08,1.522874900630113068e-07,6.305684779262553993e-04,-2.816255061486759581e-02,2.143823607247988594e+00
7.731203033631400103e+02,1.437245677171264378e-11,-4.095473323969777513e-09,-2.046107054733541706e-06,8.494536022198367290e-04,-3.556439749793364330e-02,2.152951704141809142e+00
7.733109386169600157e+02,1.441019364555737338e-11,-3.104023182988775917e-09,-2.573077930308520916e-06,9.361698243629967440e-04,-3.974533844237411462e-02,2.128726501748272604e+00
7.735015571954600091e+02,1.433233739432019584e-11,-2.969567023867699752e-09,-2.670477792560232255e-06,9.546480153756226484e-04,-4.011814153484660056e-02,2.083920675561315328e+00
7.736921590986399906e+02,1.925099112243333044e-11,-7.852784078930506986e-09,-1.033106125479645949e-06,7.274659248238060259e-04,-2.823838199523847833e-02,1.952646241292016027e+00
7.738827443264999602e+02,1.212529917528552026e-11,-3.059768839145150480e-09,-2.144661819730750646e-06,8.318113567631282715e-04,-3.195964196692509945e-02,1.997252440648186411e+00
7.740733128790400315e+02,2.421892823237020739e-11,-1.117437426875775210e-08,-2.010516096760451363e-07,6.290919607799538849e-04,-2.350221394021103499e-02,1.950106267061929133e+00
7.742638647562599772e+02,1.237358161553300392e-11,-2.654283156444601200e-09,-2.377003504055001100e-06,8.626203199721805106e-04,-3.287379857625898072e-02,2.010607010724463795e+00
7.744543999581599110e+02,-6.909090645952103188e-13,5.393245127304965929e-09,-4.124750783093747662e-06,1.020233419548602404e-03,-3.805323049679893571e-02,2.013777750937434607e+00
7.746449184847400602e+02,1.882804325932669493e-11,-6.826077758241475246e-09,-1.472832657876120155e-06,7.964050061452890598e-04,-3.297328252168855306e-02,2.062097991455750901e+00
7.748354203359999701e+02,-1.496535544310608387e-13,5.575193268101661383e-09,-4.300997206194897426e-06,1.054352667505801654e-03,-4.030770553694624364e-02,2.069502982383661482e+00
7.750259055119399818e+02,2.114559641178952116e-11,-8.330782605139986644e-09,-1.114931662268602392e-06,7.612448157594825385e-04,-3.104189036595631987e-02,1.956302147497400279e+00
7.752163740125599816e+02,1.961425800776971045e-11,-6.952121211845493290e-09,-1.559763229797550764e-06,8.206628190016740940e-04,-3.400154724908627246e-02,2.019750395192525527e+00
7.754068258378600831e+02,1.450259445054770347e-11,-4.752409776626439394e-09,-1.764733779220826622e-06,8.062208377864270000e-04,-3.243247767327112757e-02,2.055419588342282111e+00
7.755972609878399453e+02,2.084062311166252637e-11,-7.596118015423714144e-09,-1.460535867799649941e-06,8.242851554304953107e-04,-3.617983804617640187e-02,2.153244135935870496e+00
7.757876794625000230e+02,2.173143733019260753e-11,-7.687689344731202107e-09,-1.660404895439223311e-06,8.843545590829259614e-04,-4.126925965934035573e-02,2.238840487911687660e+00
7.759780812618400887e+02,1.843420722095291796e-11,-5.672702619070462975e-09,-2.102872704927135475e-06,9.270253228565835312e-04,-4.281778041699232928e-02,2.239990261727387022e+00
7.761684663858600288e+02,2.966290392324511634e-12,2.816710755049488188e-09,-3.630370936757089089e-06,1.022009820426976511e-03,-4.419492726006391675e-02,2.266286485843451270e+00
7.763588348345599570e+02,-4.897980064334603934e-12,8.013422760665523169e-09,-4.804973926443896317e-06,1.123095414788327986e-03,-4.567431221356358512e-02,2.165068895929659565e+00
7.765491866079401007e+02,7.073168456233981815e-12,1.640894062760420403e-10,-2.980411703089692823e-06,9.432867867099470728e-04,-3.847935977959734966e-02,2.076554381784080139e+00
7.767395217060000050e+02,1.798363519360417120e-12,3.091308830023678984e-09,-3.436996260591758675e-06,9.476363540355492139e-04,-3.602187531555462591e-02,2.067564925637168649e+00
7.769298401287400111e+02,-2.783094199164714320e-11,2.175375202658402099e-08,-7.547741978922955246e-06,1.317931362507374212e-03,-4.856522705689367975e-02,2.195273067700885594e+00
7.771201418761600053e+02,4.238574187691853574e-12,1.146057491286191258e-09,-2.891542535869571648e-06,8.807433582143404808e-04,-3.316067988968096625e-02,2.073589019866759031e+00
7.773104269482599875e+02,4.437486723299233897e-12,1.314515783670457367e-09,-2.988113476366082131e-06,8.905242946442234759e-04,-3.275011099187887659e-02,2.002471448121576181e+00
7.775006953450399578e+02,-1.559589716575538485e-11,1.441437490750543284e-08,-5.982788548461888853e-06,1.172764859772661020e-03,-4.227117195539156769e-02,2.041098980785426953e+00
7.776909470665000299e+02,1.144410026641955315e-12,2.675649864416225634e-09,-3.111494316910438773e-06,8.885413348857271838e-04,-3.262909763839216826e-02,2.010333995643049487e+00
7.778811821126399764e+02,-9.557807248604736614e-12,9.425179075933607770e-09,-4.523465680279606415e-06,9.968506990148692879e-04,-3.492560670121432065e-02,2.034829008050321963e+00
7.780714004834599109e+02,-4.985141647372436191e-12,5.656067939477875962e-09,-3.469908424591485728e-06,8.750400333726584753e-04,-2.949978604872158933e-02,1.936062422061738841e+00
7.782616021789600609e+02,-1.269450321865310246e-11,1.054730808250879679e-08,-4.549440668634828053e-06,9.640598361332010542e-04,-3.074693475746053881e-02,1.876799877027359731e+00
7.784517871991399716e+02,-1.815952783861782336e-12,3.793963613038761873e-09,-3.063092802860732740e-06,8.210145647810421481e-04,-2.495829927968487572e-02,1.824543837049192430e+00
7.786419555439999840e+02,-1.057583542076563789e-12,3.805524531906367199e-09,-3.173344890749773411e-06,8.413822392457921250e-04,-2.617375544572030435e-02,1.870641280665869211e+00
7.788321072135399845e+02,1.440088312364584325e-12,2.849707428205423393e-09,-3.185129977751308493e-06,8.807240108260203570e-04,-3.048679521026166975e-02,1.995628236038915704e+00
7.790222422077600868e+02,9.393067614432903710e-12,-2.139970005795895324e-09,-2.129161616247398817e-06,7.942635076257530862e-04,-2.762078726409114213e-02,1.944514926423381418e+00
7.792123605266599498e+02,1.452892555986985992e-11,-5.622647485550193892e-09,-1.260090325747647571e-06,6.994694306646555022e-04,-2.350148103052048659e-02,1.889475873694301145e+00
7.794024621702400282e+02,1.114610667000656161e-11,-4.716750535357674011e-09,-1.042829991258427048e-06,6.214766894650699267e-04,-1.802055145305886744e-02,1.854214975172515434e+00
7.795925471385000947e+02,2.207861435804448277e-11,-1.248482168488315357e-08,9.044990308480347305e-07,4.207832548298072526e-04,-1.131423594847528157e-02,1.903050046734831025e+00
7.797826154314400355e+02,2.388092591751538848e-11,-1.302472971188307719e-08,8.390339441849045689e-07,4.594038739869401038e-04,-1.532603026395903609e-02,1.967541716205785773e+00
7.799726670490599645e+02,1.396328893437605241e-11,-4.943365726185125180e-09,-1.501824305503613745e-06,7.452425845421790018e-04,-2.883425257075590206e-02,2.142180860318548152e+00
7.801627019913601089e+02,9.666064093286521426e-12,-2.665494097251835237e-09,-1.940146556549151120e-06,7.877517145844891832e-04,-3.115830662203756748e-02,2.163496096369890154e+00
7.803527202583400140e+02,6.847985917390147437e-13,3.330372047409015736e-09,-3.310239767498756745e-06,9.067415759198981136e-04,-3.358467225803869055e-02,2.122573147264682714e+00
7.805427218500000208e+02,-4.938551311396459218e-12,7.462990019044826607e-09,-4.358991849327479536e-06,1.007313785377795916e-03,-3.588031783330880575e-02,2.098194974532646473e+00
7.807327067663400157e+02,-3.584913346460557403e-12,6.564113926339950288e-09,-4.150869023706557940e-06,9.912302531148216994e-04,-3.589679286052000623e-02,2.107550581324157069e+00
7.809226750073599987e+02,-1.148941432409085670e-11,1.207237502398323259e-08,-5.602054317118089412e-06,1.162875831033314492e-03,-4.386227789731080712e-02,2.169486191406404085e+00
7.811126265730599698e+02,-3.726828444429459377e-11,2.938361463222812449e-08,-9.786370905684283015e-06,1.590431495946321560e-03,-5.991072302520508708e-02,2.233623234021287818e+00
7.813025614634400426e+02,-3.735812978056426742e-11,2.870754491007835888e-08,-9.401006280311931937e-06,1.519478621898114924e-03,-5.552673133750980067e-02,2.241561598072018047e+00
7.814924796784999899e+02,-2.825122075233191715e-11,2.309548173652696148e-08,-8.211607192589893346e-06,1.427397139915766860e-03,-5.458469206886302355e-02,2.288295912374057828e+00
7.816823812182399251e+02,-3.528334772383738412e-11,2.778074319859323042e-08,-9.285115940020896363e-06,1.519963341974753463e-03,-5.586388675072820331e-02,2.189315817695486555e+00
7.818722660826599622e+02,-1.109182627981609824e-11,1.210542579983430078e-08,-5.735716143599718593e-06,1.191919255289589216e-03,-4.425770508779428014e-02,1.984309229202064984e+00
7.820621342717601010e+02,-3.209931672178437083e-11,2.461974881208440475e-08,-8.146373444098408567e-06,1.331324678581198009e-03,-4.182051184810255812e-02,1.885218612088078727e+00
7.822519857855398868e+02,2.867303052318328212e-12,2.197628994772992026e-09,-3.054933609750318740e-06,8.581719957101377342e-04,-2.713692885525498602e-02,1.850903281913869103e+00
7.824418206240000018e+02,-1.195248454471436696e-11,1.195142521873480426e-08,-5.284623736223809718e-06,1.067491657048520032e-03,-3.463965991731913358e-02,1.951421323111650841e+00
7.826316387871401048e+02,1.091494537352847821e-11,-3.923342663053652705e-09,-1.395574336832835935e-06,6.751693444009606443e-04,-2.112628858965624745e-02,1.924204439986232362e+00
7.828214402749599685e+02,1.358748760909515509e-11,-5.861035248924953055e-09,-9.887594104610075265e-07,6.548244537878637620e-04,-2.211473613867000892e-02,1.979480299985335368e+00
7.830112250874599340e+02,4.189527879980652586e-12,-7.091171849122139064e-10,-1.833131445752631660e-06,6.854283412554768636e-04,-2.079980825558215562e-02,2.000992480559949271e+00
7.832009932246400012e+02,2.357145959300553682e-11,-1.377561336831394295e-08,1.289003053090906142e-06,3.753346193216110390e-04,-9.413971578844155044e-03,1.933611041000321329e+00
7.833907446865000566e+02,2.211599596835441800e-11,-1.216508915736411060e-08,6.861350791244786564e-07,4.751821923115413576e-04,-1.687936072568592752e-02,2.086369796778595465e+00
7.835804794730399863e+02,9.594465936317573677e-12,-3.192335832954402938e-09,-1.666491247256549722e-06,7.446480402978184572e-04,-2.908706637872283257e-02,2.161722669243603789e+00
7.837701975842600177e+02,-1.188268700956928780e-11,1.145535690903822564e-08,-5.189178822500316796e-06,1.090459485257127019e-03,-4.049446079865083592e-02,2.177989398718400693e+00
7.839598990201600373e+02,-6.982739865253125380e-12,9.000854143425756751e-09,-4.770789166069556657e-06,1.058324417545184219e-03,-3.875545384602451654e-02,2.085733802250350433e+00
7.841495837807399312e+02,2.865548200713347770e-12,2.307341757827671922e-09,-3.190460609378818897e-06,9.070109811215694906e-04,-3.349266105851991804e-02,2.066862901951405540e+00
7.843392518660000405e+02,2.223404579093198382e-11,-1.227955177248953042e-08,6.261594784729383073e-07,5.046553461521407092e-04,-1.916851922997709831e-02,2.020698457740813136e+00
7.845289032759400243e+02,-2.461544620705004291e-12,3.741539442110126445e-09,-2.940358700490034337e-06,8.191576659772465937e-04,-2.884107536297884564e-02,2.106937399592726301e+00
7.847185380105599961e+02,5.476532917353522589e-12,-7.221075574678733683e-10,-2.141530437877445596e-06,7.707077733154209546e-04,-2.777194922519539075e-02,2.027507999397578420e+00
7.849081560698599560e+02,4.951092517127858934e-12,-5.643762653726199951e-12,-2.373416552005805054e-06,7.946111555072782502e-04,-2.841003295442363907e-02,2.032214526530595311e+00
7.850977574538401313e+02,2.138544697014106938e-11,-1.045799212542814501e-08,-4.594066308155721850e-08,5.751052475946324223e-04,-1.948886409907365710e-02,1.938848885302912439e+00
7.852873421624999537e+02,2.132139401901453380e-11,-1.105920367232555464e-08,2.989335642853115093e-07,5.218101706854802284e-04,-1.794914140573368455e-02,1.945055690880274746e+00
7.854769101958399915e+02,-2.268165832065940402e-12,5.885991626561369539e-09,-4.015999433558073715e-06,9.772372163456548733e-04,-3.515521360529716421e-02,2.072421504278523674e+00
7.856664615538600174e+02,6.707471760892930344e-12,-1.351189316396941908e-09,-1.981336073831183559e-06,7.377538140112475766e-04,-2.470556748840786396e-02,2.008427871295528355e+00
7.858559962365600313e+02,4.383328539210322364e-12,4.235686433822398405e-10,-2.485565548997944928e-06,7.992475132812034561e-04,-2.784487269748787616e-02,2.069673975029470814e+00
7.860455142439400333e+02,4.759594169098244756e-12,9.351188575010278760e-10,-2.836204467365255275e-06,8.686802097957764925e-04,-3.210479007443281518e-02,2.046018664381823005e+00
7.862350155760000234e+02,1.780634196500349015e-11,-7.690712880545433606e-09,-8.225673474756508200e-07,6.737068606646232733e-04,-2.484245875886150270e-02,1.934480133805519086e+00
7.864245002327400016e+02,5.343968039234439595e-13,3.064749800657660004e-09,-3.188474389744346934e-06,8.862913377527429715e-04,-3.098433484244933825e-02,1.904362184960282756e+00
7.866139682141599678e+02,-1.377652124236397574e-11,1.127774479825451806e-08,-4.646750161942057415e-06,9.557361003801901614e-04,-2.948848891675829101e-02,1.862637514434628105e+00
7.868034195202600358e+02,1.665358736651334908e-11,-7.967427535863232804e-09,-3.993337007003056034e-07,5.724301508518623259e-04,-1.664284753318452659e-02,1.778850202677631609e+00
7.869928541510399782e+02,2.341916480936377590e-11,-1.240013430249229683e-08,6.206347332823116702e-07,4.770610325999094037e-04,-1.362159327295040315e-02,1.749406456763201501e+00
7.871822721064999087e+02,7.481895830106271012e-12,-2.355357359868676649e-09,-1.632470625773201847e-06,6.936256123264705753e-04,-2.204212162183659743e-02,1.823992939494905041e+00
7.873716733866400546e+02,-1.097721946061681433e-11,9.527079502656082315e-09,-4.279431768095275212e-06,9.298259043841885325e-04,-2.959080421830185062e-02,1.870534423427570703e+00
7.875610579914599612e+02,-8.306960899653408791e-13,2.783646030226403360e-09,-2.668910214384043861e-06,7.638647778897975560e-04,-2.312335249708093524e-02,1.848461919495176797e+00
7.877504259209599695e+02,1.592460332459436375e-11,-7.349086186515945543e-09,-6.258969308065286725e-07,6.129746164882882240e-04,-2.135803251826415283e-02,1.992612058235285533e+00
7.879397771751399659e+02,1.347643642241954004e-13,2.981229447493585134e-09,-3.031245039340182717e-06,8.500071287916183835e-04,-3.010493093138991855e-02,2.046176857905364077e+00
7.881291117540000641e+02,-3.593101377807511678e-12,6.453874062748631487e-09,-4.085987634828606767e-06,9.782391094648637108e-04,-3.515871056650551191e-02,2.021943314217848009e+00
7.883184296575399230e+02,4.477559285886807721e-12,1.853053979901955805e-09,-3.233266654004195757e-06,9.232601477827703622e-04,-3.396154648676592142e-02,1.959257879752543730e+00
7.885077308857599974e+02,1.006168631458615678e-11,-1.588554252901627549e-09,-2.488770330755463971e-06,8.532710601990519707e-04,-3.077026638960270177e-02,1.872665017617072492e+00
7.886970154386600598e+02,3.404236284622305211e-12,2.223777512846243929e-09,-3.176725886203593789e-06,8.942979459851543118e-04,-3.125593128961174499e-02,1.846947643990383581e+00
7.888862833162399966e+02,4.059626437982132098e-12,5.797302932418753713e-10,-2.493572128704764709e-06,7.973280104404805455e-04,-2.657234525833491318e-02,1.809065627304115909e+00
7.890755345185000351e+02,-3.600832985378358291e-12,4.479157879813078001e-09,-3.069145421497851969e-06,8.098426608774732596e-04,-2.454220064148834521e-02,1.739312130743997153e+00
7.892647690454400617e+02,1.682781916759543500e-11,-1.037645757922490895e-08,8.090238028081110970e-07,3.762311083561292822e-04,-5.675073806752832170e-03,1.584844662992928033e+00
7.894539868970599628e+02,4.749448620526117458e-12,-4.938068526454885829e-09,3.286490625666964417e-07,3.093359735116652616e-04,3.325011776209758473e-03,1.474203498603904983e+00
7.896431880733599655e+02,5.670803431553764906e-12,-3.813985972392477250e-09,-4.714063522085284066e-07,4.637883149767043581e-04,-7.292150173392913590e-03,1.639531965504075206e+00
7.898323725743400701e+02,8.827208792187758561e-12,-4.225511930644621371e-09,-8.470493085270849216e-07,5.642801310629470737e-04,-1.482890950783017150e-02,1.778364513174791606e+00
7.900215404000000490e+02,1.982989027374295668e-11,-1.213256608398524486e-08,1.114797677931496155e-06,3.712232515676116380e-04,-8.319621472251598204e-03,1.710177397767031371e+00
7.902106915503399023e+02,-9.878645057687551342e-13,1.177067525761723936e-09,-1.787646228394661474e-06,6.190792013278436376e-04,-1.553864942773349432e-02,1.744481781919482222e+00
7.903998260253599710e+02,-2.087718936024810646e-11,1.441425929275348507e-08,-4.877481906475417256e-06,9.149315833288791363e-04,-2.596544401766678889e-02,1.856164658442127857e+00
7.905889438250600278e+02,8.155570523914353369e-12,-2.932513138223300176e-09,-1.445963645928965544e-06,6.677569929325969647e-04,-2.101747947620575749e-02,1.816582273979809870e+00
7.907780449494399591e+02,-3.591129355325868911e-12,4.446428863999293986e-09,-2.998371384980477395e-06,7.842609239578676294e-04,-2.255485553611065799e-02,1.754541040250078066e+00
7.909671293984999920e+02,8.690306530240981998e-12,-4.387264166174871352e-09,-7.366245887536031034e-07,5.435671841293275705e-04,-1.326014499490558649e-02,1.670972165153877143e+00
7.911561971722401267e+02,9.497819002165168520e-12,-4.827679192582381700e-09,-5.503357666476860562e-07,4.960750307158420976e-04,-9.586856815621944486e-03,1.717921276085356830e+00
7.913452482706599085e+02,2.110993531898710068e-11,-1.097948419012767788e-08,3.108049555856423699e-07,5.043334050934131707e-04,-1.526487038044882852e-02,1.770394538155947162e+00
7.915342826937600194e+02,1.375476133916479005e-11,-6.030006892220679622e-09,-8.381263678073698931e-07,6.105571956168100384e-04,-1.840487961804102013e-02,1.745008375000104195e+00
7.917233004415401183e+02,2.635400685626521389e-11,-1.352510865675258908e-08,7.492914315647448289e-07,4.706592749679542839e-04,-1.442405817770599230e-02,1.779540476906842583e+00
7.919123015139999779e+02,3.634002525664286201e-11,-2.078852787179583288e-08,2.591739738818204229e-06,2.830607419728815898e-04,-8.175677338411303438e-03,1.741978920360116367e+00
7.921012859111399393e+02,4.582196067228883633e-11,-2.695527472297771956e-08,3.990656607065714088e-06,1.542122387020267930e-04,-3.743328243563926599e-03,1.683161232175033994e+00
7.922902536329600025e+02,2.669969092383221871e-11,-1.497162307360631171e-08,1.357145168778068419e-06,3.861770298196534460e-04,-1.041587736141167710e-02,1.726604577731054802e+00
7.924792046794600537e+02,2.731754173090429013e-11,-1.523122565588214668e-08,1.483960647910374891e-06,3.489078188458915632e-04,-6.957551258351630206e-03,1.676490998225695472e+00
7.926681390506399794e+02,4.123590450644755843e-11,-2.389331902623437398e-08,3.245284053582836322e-06,2.312133031464244366e-04,-6.693182895857122637e-03,1.673846727430756243e+00
7.928570567465000067e+02,1.529043746356809997e-11,-7.953049911265995963e-09,-9.327738006916088610e-08,5.021140689356233880e-04,-1.355202467643028957e-02,1.708503835546004046e+00
7.930459577670400222e+02,3.833535340206818879e-12,-1.068594274741810095e-09,-1.557850456492356962e-06,6.311606735240132219e-04,-1.741251501883689032e-02,1.702807762397402724e+00
7.932348421122599120e+02,2.296183875324803526e-11,-1.403837120993440830e-08,1.574092005107177199e-06,3.074916056634397171e-04,-4.151914678571073936e-03,1.574029791416945212e+00
7.934237097821600173e+02,2.033779634786730901e-11,-1.188023855424879033e-08,8.848352145888389123e-07,4.083707256263291192e-04,-1.034290548117277296e-02,1.662176910138167152e+00
7.936125607767399970e+02,7.609524238150343791e-12,-3.493371115202176598e-09,-1.043957176018616261e-06,5.976808111465358548e-04,-1.871443144682213844e-02,1.793412061270104774e+00
7.938013950959999647e+02,2.433204640937239926e-11,-1.417298169247629739e-08,1.341756191748789003e-06,3.817994249584838158e-04,-1.221021594827581373e-02,1.851018602735899021e+00
7.939902127399400342e+02,2.956654646487913365e-11,-1.673119154605161886e-08,1.640982583056863936e-06,3.907000783377608758e-04,-1.376149541787561291e-02,1.803970907403165569e+00
7.941790137085600918e+02,3.466706215944583425e-11,-2.035535597891922296e-08,2.645805928997733712e-06,2.550416591485892394e-04,-5.131377856823751173e-03,1.625201494776404409e+00
7.943677980018599101e+02,3.344908252058666602e-11,-1.983883141320609302e-08,2.587137175758250805e-06,2.613218479123759598e-04,-6.664389099670366308e-03,1.720818678153258618e+00
7.945565656198399438e+02,1.991926404897886573e-11,-1.146320976536540398e-08,7.897116473739318408e-07,4.173750535567006810e-04,-1.230110439310831173e-02,1.862476353256466544e+00
7.947453165625000793e+02,3.746869268836810131e-11,-2.228451981541043750e-08,3.106346147224703036e-06,2.147600600338842058e-04,-5.740262640547681185e-03,1.814945646640476529e+00
7.949340508298399754e+02,2.904803832727661120e-11,-1.522397779124132934e-08,1.097615547809931049e-06,4.509829495057196005e-04,-1.601099477312565092e-02,1.857115668798016594e+00
7.951227684218599734e+02,3.314991015798879862e-11,-1.806014364472809131e-08,1.771907186201852768e-06,3.948095497361481850e-04,-1.516641463698952669e-02,1.825015986964650283e+00
7.953114693385600731e+02,3.110096016142328154e-11,-1.894075443989838365e-08,2.514998718860560768e-06,2.669180448642088054e-04,-8.095139365124990466e-03,1.724933995178434820e+00
7.955001535799400472e+02,1.278316329882438300e-11,-7.189154899886311930e-09,-1.439698705562747959e-07,5.118311920923098585e-04,-1.651675850173552410e-02,1.871774941747750498e+00
7.956888211460000093e+02,1.144313297192326580e-11,-5.657887783892995093e-09,-6.907774873144940013e-07,5.878510574358156724e-04,-2.036301306661420646e-02,1.886249552085564440e+00
7.958774720367400732e+02,5.342209811576594216e-12,-2.250236992913077319e-09,-1.261887429410025115e-06,6.145510576505018498e-04,-2.054606537871759772e-02,1.901750430387635360e+00
7.960661062521600115e+02,1.503885610275366100e-11,-8.130020992079367533e-09,-8.243681252787476280e-08,5.329510277749770208e-04,-1.971429716883009095e-02,1.940327167801181973e+00
7.962547237922599379e+02,8.582601037682553667e-12,-3.839026240874542419e-09,-1.039356303478831266e-06,6.114982480444902538e-04,-2.147782100889106260e-02,1.946940260656857102e+00
7.964433246570400797e+02,4.061142865633633111e-11,-2.405859469887804075e-08,3.358653512767289934e-06,2.249956028216968263e-04,-8.295390292371050689e-03,1.750724101271027289e+00
7.966319088464999822e+02,5.392136063896091439e-11,-3.126749389658189278e-08,4.643185776588147424e-06,1.454194874199969808e-04,-7.221962134422291180e-03,1.713282872665701895e+00
7.968204763606399865e+02,1.630310962406514270e-11,-7.809883449659251409e-09,-4.147622417037806368e-07,5.858982101888871898e-04,-2.097379854452897582e-02,1.818720795024870052e+00
7.970090271994599789e+02,2.054985534481970870e-11,-1.117005943779082245e-08,4.938686966467685199e-07,4.876586578717986755e-04,-1.804110098882734381e-02,1.910052994560652362e+00
7.971975613629600730e+02,3.094082071429950742e-11,-1.799635394702697124e-08,2.070241806668596061e-06,3.337027647000062906e-04,-1.237674267375628301e-02,1.905193468191648032e+00
7.973860788511399278e+02,4.291439389611601574e-11,-2.319068438378828006e-08,2.624907884183432891e-06,3.431264303891631319e-04,-1.521972421728654511e-02,1.965234196329161076e+00
7.975745796639999980e+02,3.444885481421761199e-11,-1.780994310506263525e-08,1.395268596347947597e-06,4.582073156300348299e-04,-1.730534707924387405e-02,1.780300033182265151e+00
7.977630638015400564e+02,3.013935667407577089e-11,-1.557768902771075472e-08,1.142581363555451727e-06,4.349211471171593891e-04,-1.259382118853417248e-02,1.612870625274978709e+00
7.979515312637599891e+02,4.448684207421179369e-11,-2.465338344054602682e-08,3.076836065217966335e-06,2.822662381059841321e-04,-9.300811689031161095e-03,1.597709562662648297e+00
7.981399820506600236e+02,3.648290030452303343e-11,-1.928211042628263065e-08,1.822155264482891185e-06,4.081140122177851089e-04,-1.553082422573171840e-02,1.763334870409399402e+00
7.983284161622400461e+02,3.631665973013237813e-11,-1.995102485184705122e-08,2.182118304685689843e-06,3.527941463993540354e-04,-1.337815152100635396e-02,1.815452123944957918e+00
7.985168335985000567e+02,3.936646481682502512e-11,-2.084071808080663272e-08,2.138314115487338698e-06,3.777237485441115169e-04,-1.456748493517303830e-02,1.755653435500760251e+00
7.987052343594399417e+02,1.749846761335561787e-11,-7.472655184483702479e-09,-7.124878789116604242e-07,6.247097614441450260e-04,-2.128459293147102332e-02,1.685642044844309018e+00
7.988936184450600422e+02,2.263839555445014284e-11,-1.106261516308206829e-08,1.142838958923499469e-07,5.516514268980787436e-04,-1.943407681702888357e-02,1.710670549734770063e+00
7.990819858553600170e+02,1.027405315364442291e-11,-2.879381759413182378e-09,-1.783349472150184482e-06,7.321626867051502776e-04,-2.591488834370331978e-02,1.767054976822531653e+00
7.992703365903399799e+02,4.189523093309547885e-11,-2.367538376089104473e-08,2.973044155292754422e-06,2.920005623960938296e-04,-1.125934641658205698e-02,1.650739355439570621e+00
7.994586706500000446e+02,3.694369777443684199e-11,-1.926435077904762656e-08,1.703487855246912609e-06,4.409043111499159917e-04,-1.957329407135861843e-02,1.845165929939546201e+00
7.996469880343399836e+02,4.586373248283480991e-11,-2.562533825723216479e-08,3.295000682156877215e-06,2.696186556830045878e-04,-1.164389155504903448e-02,1.732963604349906372e+00
7.998352887433599108e+02,2.407317420044479790e-11,-1.152165902285137830e-08,1.705537890796458020e-07,5.402394833121583907e-04,-1.884882968864469086e-02,1.719933065217001955e+00
8.000235727770600533e+02,2.495693514389566245e-11,-1.416565214677222549e-08,1.335985883686510604e-06,3.724040162733844488e-04,-1.153669838268991769e-02,1.704920040235756939e+00
8.002118401354400703e+02,5.234626792555818099e-11,-3.276607788067275995e-08,5.682684533008067499e-06,-3.477301683320431892e-05,2.011568180530062290e-03,1.670555446075091099e+00
8.004000908184999616e+02,4.334576481801688112e-11,-2.606570781748263705e-08,3.919485443603813518e-06,1.671828672592220511e-04,-8.881829936672950079e-03,1.909301293273514499e+00
8.005883248262399547e+02,4.404570493101641462e-11,-2.547372690523487964e-08,3.561538413250964872e-06,2.172764595977234024e-04,-1.120190907257245794e-02,2.002067036967431601e+00
8.007765421586600496e+02,5.875162344702696667e-11,-3.469184995072624956e-08,5.560987251668773396e-06,4.541093489225761065e-05,-6.446851157882021663e-03,1.989757665574436452e+00
8.009647428157600189e+02,2.836166185797560195e-11,-1.525139005604843875e-08,1.198310898590782998e-06,4.493784194721809006e-04,-1.937424686890084485e-02,1.918687528734664971e+00
8.011529267975399762e+02,4.375846028517345869e-11,-2.387876219015238693e-08,2.795059243276976593e-06,3.355284336541446881e-04,-1.549655511420154619e-02,1.754955594741520963e+00
8.013410941040000353e+02,5.110704865176171946e-11,-2.880595406119845657e-08,3.906899263223934545e-06,2.320652803839398832e-04,-1.074486371134243147e-02,1.623609017035032798e+00
8.015292447351399687e+02,9.990933693072655029e-12,-3.609287247044748788e-09,-1.452343246803183126e-06,6.940224934046174870e-04,-2.500324163628710183e-02,1.713907361001135277e+00
8.017173786909600040e+02,1.599797155265292658e-11,-8.136079168741585438e-09,-1.984325778392974337e-07,5.410614162130699930e-04,-1.745900941860648384e-02,1.642360827722450178e+00
8.019054959714600272e+02,2.545221460574022196e-11,-1.440141870609796440e-08,1.310085366827032619e-06,3.835918608406878707e-04,-1.126034253333032739e-02,1.636433132783270628e+00
8.020935965766400386e+02,4.714361593459940262e-11,-2.815734397271971483e-08,4.412444061989052365e-06,9.654625596824619902e-05,-3.380000140126886415e-03,1.742660509535829849e+00
8.022816805064999244e+02,7.213349333253744436e-11,-4.385961085148273401e-08,7.822400988920667682e-06,-1.977700768794982090e-04,5.132034991491877911e-03,1.745532842810091356e+00
8.024697477610400256e+02,6.520320165355582653e-11,-3.914205559975348551e-08,6.678622953364836184e-06,-7.645491047795451489e-05,-3.842073260608547106e-04,1.836908732044287396e+00
8.026577983402600012e+02,7.847931798186850200e-11,-4.748075293542541506e-08,8.496022575346082306e-06,-2.414668680321181032e-04,6.163045495784582467e-03,1.722316680521047472e+00
8.028458322441599648e+02,4.342528080557205843e-11,-2.445302588987246775e-08,3.294183890610123288e-06,2.157619422377980896e-04,-6.352184002133934825e-03,1.734642914865052399e+00
8.030338494727400303e+02,4.675100760073359950e-11,-2.465018491977277986e-08,2.681236436647006416e-06,3.696062461402518148e-04,-1.716818244927145048e-02,1.839609984299388934e+00
8.032218500260000837e+02,5.677387707341835751e-11,-3.191180148783975949e-08,4.509127464004032138e-06,1.874783532498023849e-04,-1.196387280223518840e-02,1.898357422228038383e+00
8.034098339039398979e+02,5.497133118774260309e-11,-2.945874943768093115e-08,3.576561212172396293e-06,3.212346608924636338e-04,-1.833127748249937378e-02,1.924054168483021021e+00
8.035978011065600413e+02,3.525106893177960153e-11,-1.648401973741927051e-08,6.084628824328947256e-07,5.955669603597654087e-04,-2.637050795962992550e-02,1.846121121587004810e+00
8.037857516338600590e+02,5.042565498699801301e-11,-2.772104832476038213e-08,3.601650373235245233e-06,2.553789554921112202e-04,-1.085274511025222446e-02,1.626136996620732411e+00
8.039736854858400648e+02,3.342503634775140021e-11,-1.684269738895383026e-08,1.127389644562196008e-06,4.935358506897485941e-04,-1.912112118262386182e-02,1.618643128442778911e+00
8.041616026624999449e+02,1.308915823414086894e-11,-2.054180263049414102e-09,-2.565699837151558331e-06,8.615896438096717598e-04,-3.212687124950405065e-02,1.735347027166218359e+00
8.043495031638400405e+02,3.497272365575199762e-11,-1.661504993525277465e-08,8.604726456256499159e-07,5.269820027637919660e-04,-2.036044404298620672e-02,1.687683825428975437e+00
8.045373869898600105e+02,3.684968875945974447e-11,-1.748934106640530004e-08,9.448162316403754888e-07,5.261045864511432928e-04,-2.001701914321311199e-02,1.684217560434595029e+00
8.047252541405599686e+02,5.570352460022807360e-11,-3.079679193729361585e-08,4.265275615573881560e-06,1.773447367652077771e-04,-5.083104503227608637e-03,1.445555930433810810e+00
8.049131046159400285e+02,2.996852466589704850e-11,-1.414704554804615937e-08,5.225082098877017517e-07,5.261305942525898232e-04,-1.791651980504563313e-02,1.584623844594167164e+00
8.051009384159999627e+02,4.820580641005397654e-11,-2.650928938716002172e-08,3.445174589123076960e-06,2.489471541999854765e-04,-9.904349537669370623e-03,1.677773128604182595e+00
8.052887555407399987e+02,5.564126715497336934e-11,-3.096134350166578665e-08,4.360928681139068623e-06,1.764859397758507687e-04,-8.535521287103064320e-03,1.714410427954601746e+00
8.054765559901600227e+02,3.770728353471018887e-11,-1.648075140445899052e-08,3.353033498177361591e-07,6.359644746987706734e-04,-2.837925845370004030e-02,1.932989747150129833e+00
8.056643397642600348e+02,5.209587390863023955e-11,-2.613981263373659863e-08,2.552450346022371199e-06,4.357574282231462285e-04,-2.234875090507607714e-02,1.918830907834402133e+00
8.058521068630399213e+02,4.304439552087780770e-11,-2.115412242144774906e-08,1.660900670087082132e-06,4.863266583442747443e-04,-2.143140992712118387e-02,1.792201260439723942e+00
8.060398572865000233e+02,2.122584649485376415e-11,-7.250065999221843006e-09,-1.504108187156241660e-06,7.861747147166115758e-04,-3.125993293103631471e-02,1.817878618695526027e+00
8.062275910346401133e+02,3.901274920087087910e-11,-1.812700987463708299e-08,7.263063648118982745e-07,6.152279632423589056e-04,-2.780072705285091886e-02,1.841710705567875861e+00
8.064153081074599640e+02,-2.631404575777755451e-12,9.071413695844517724e-09,-5.452038873364468473e-06,1.176095319232747490e-03,-4.448832907881652282e-02,1.900513735714669306e+00
8.066030085049600302e+02,1.928283059231224729e-11,-5.656239209098166645e-09,-2.014808125308609150e-06,8.604194405218562602e-04,-3.592865009287690703e-02,1.912465012046095980e+00
8.067906922271400845e+02,4.460491393535518193e-11,-2.255455291284149649e-08,2.045600157139687155e-06,4.475245152620466594e-04,-2.161618008558178344e-02,1.991157496241818148e+00
8.069783592740000131e+02,3.153553266828942837e-11,-1.669302438001249786e-08,1.473082408172380369e-06,4.058677853599870267e-04,-1.580727162228775726e-02,1.935774873850262034e+00
8.071660096455400435e+02,2.629303654361285103e-11,-1.397807929999736622e-08,1.080645511731601521e-06,4.177734290034787099e-04,-1.582137998491055242e-02,1.965591014955106575e+00
8.073536433417600620e+02,3.373875060566098555e-11,-1.801401735532051812e-08,1.785978144746164716e-06,3.776240811830834914e-04,-1.612125681346653419e-02,2.062712003102932456e+00
8.075412603626600685e+02,4.046066781244195261e-11,-2.110492318901033454e-08,2.015033740555937978e-06,4.255687873985741060e-04,-2.135932833295382111e-02,2.129822103045907689e+00
8.077288607082399494e+02,2.687642366051149819e-11,-1.009512772751865098e-08,-1.124363157663855357e-06,7.936127065910132021e-04,-3.549813327261900492e-02,2.042294783475254505e+00
8.079164443785000458e+02,2.138620493608760881e-11,-6.389803463323319403e-09,-1.920239946581955797e-06,8.537006465383412991e-04,-3.577806255186478934e-02,1.888443126279143902e+00
8.081040113734400165e+02,2.249107404144850598e-11,-8.355312145423304415e-09,-1.115153486741467836e-06,7.297910640197712885e-04,-2.861761837360942556e-02,1.837854835942671627e+00
8.082915616930599754e+02,4.544781477731262081e-11,-2.286037626122349018e-08,2.121903940640936134e-06,4.321312381582826864e-04,-1.934600659001596903e-02,1.806819900043525218e+00
8.084790953373600360e+02,4.122593338148652917e-11,-2.212515621853442895e-08,2.518757192850130191e-06,3.230646971854407492e-04,-1.149945743727588676e-02,1.695372404338075345e+00
8.086666123063399709e+02,2.488917546570914673e-11,-1.181726161377100529e-08,2.608780646548347748e-07,5.201973763361525827e-04,-1.746539418158595675e-02,1.779284121806023133e+00
8.088541125999998940e+02,3.731134810460920331e-11,-1.873592687639040715e-08,1.491824036787812642e-06,4.515288342738081086e-04,-1.865750397462830751e-02,1.944018892057938652e+00
8.090415962183400325e+02,3.358427594460897641e-11,-1.499381978028722780e-08,2.426957969779949009e-07,6.184450403980631689e-04,-2.605967876888529156e-02,1.972495309164648880e+00
8.092290631613600453e+02,3.323359755875561174e-11,-1.561689799685157264e-08,6.975784937680667287e-07,5.316321841461576136e-04,-2.128951440926107191e-02,1.903919531098188678e+00
8.094165134290599326e+02,3.824922438236498289e-11,-1.945309189143201696e-08,1.666605460517066142e-06,4.393428251295879291e-04,-1.860339615539113173e-02,1.889316543953792449e+00
8.096039470214400353e+02,3.668663276227819840e-11,-1.770724130673967589e-08,1.117446050248547692e-06,5.029066700449960625e-04,-2.114713099558458015e-02,1.925075231005962229e+00
8.097913639385001261e+02,2.323085561013304299e-11,-7.833570250862585955e-09,-1.456291435744228866e-06,7.800020748806638614e-04,-3.120619367812953529e-02,1.937590576017927724e+00
8.099787641802399776e+02,2.953223783644187459e-11,-1.195978288002790064e-08,-5.307106189596531086e-07,6.983202601834738281e-04,-2.830092626279364504e-02,1.869600592827588947e+00
8.101661477466600445e+02,1.136583702990482813e-10,-7.054687662187925812e-08,1.442216911740453558e-05,-1.002018063195746949e-03,5.465362458008429791e-02,3.659825997324128277e+00
8.103535146377600995e+02,3.292166523968388595e-11,-1.479842028401226259e-08,1.469785727144824733e-07,6.560750328999158604e-04,-2.883983654126346871e-02,1.782840190010899883e+00
8.105408648535400289e+02,2.968910198908822264e-11,-1.248855131686423351e-08,-4.520685465889775478e-07,7.203365001233509590e-04,-3.042757081005016337e-02,1.729931900868547201e+00
8.107281983939999463e+02,1.079491992488598253e-12,2.352769635179035862e-09,-2.776801665988001929e-06,8.060566502834681140e-04,-2.661780551287516033e-02,1.597530698246305558e+00
8.109155152591400793e+02,4.820588084380179941e-12,1.400309912442585259e-09,-2.957069789452418532e-06,8.688968517803421924e-04,-3.096216098357415861e-02,1.714950693954808925e+00
8.111028154489599729e+02,3.654319147173353359e-11,-1.947605289618022599e-08,1.872678332070614856e-06,4.126235584337837356e-04,-1.599702424010533350e-02,1.643441229770617129e+00
8.112900989634599682e+02,8.480459176758898117e-12,-1.110951726872039290e-09,-2.278180607299897640e-06,7.850128920589604167e-04,-2.750869394986144023e-02,1.716599397142196892e+00
8.114773658026400653e+02,2.372118342115081888e-11,-1.131928032593707065e-08,1.482957620831449164e-07,5.413109269369758853e-04,-1.755431664139386200e-02,1.544574075895918330e+00
8.116646159665000368e+02,1.547183817111287938e-11,-7.231659667275595664e-09,-4.354297163669983632e-07,5.551529302909173798e-04,-1.640023990323140682e-02,1.549269092179573315e+00
8.118518494550399964e+02,1.831963788148718947e-11,-6.038407012289115385e-09,-1.536598770861497537e-06,7.574463088245223224e-04,-2.869557449212107453e-02,1.784626473642373146e+00
8.120390662682600578e+02,5.959983413394950622e-12,1.939926703647600276e-09,-3.373503151326798938e-06,9.341217364027862942e-04,-3.458995871590395121e-02,1.780822675323478599e+00
8.122262664061601072e+02,-8.328512830218768551e-12,1.174641975849521642e-08,-5.673828130470872363e-06,1.144458781109442208e-03,-4.017793996164484988e-02,1.721508017946820068e+00
8.124134498687399173e+02,-2.748925864213708319e-11,2.347497049958998870e-08,-8.173822338565104724e-06,1.358445336293601915e-03,-4.622993179319543483e-02,1.720200292162580080e+00
8.126006166560000565e+02,-2.225586462384503846e-11,2.008516015629889247e-08,-7.332654407423324624e-06,1.262434997904583614e-03,-4.190941519994960396e-02,1.700385052690635890e+00
8.127877667679400702e+02,-1.652392559136169403e-11,1.612946634637991085e-08,-6.378721387342151535e-06,1.169552112774566296e-03,-3.912613877497151532e-02,1.704554835059576057e+00
8.129749002045600719e+02,-6.492350809962776510e-13,4.531225231433487794e-09,-3.496750938415258150e-06,8.878560962996985941e-04,-2.961607378231375515e-02,1.643685234347571633e+00
8.131620169658599480e+02,1.431104686698606047e-11,-6.697946169675411551e-09,-5.750640573170343358e-07,5.753766003611609061e-04,-1.730362796664109207e-02,1.551192898973657641e+00
8.133491170518400395e+02,-3.019578190875102268e-11,2.413417980985951710e-08,-8.057253395979089991e-06,1.314505431652131023e-03,-4.343936920887946085e-02,1.764074534773895309e+00
8.135362004625000054e+02,-5.419591662920525702e-12,9.279670212022688181e-09,-5.040470857492229389e-06,1.077377356504369667e-03,-3.724934920113213976e-02,1.699373801240887660e+00
8.137232671978399594e+02,-8.250125864373260499e-12,1.150192165465449405e-08,-5.597115307635719294e-06,1.131124885743753578e-03,-3.930429076467379518e-02,1.723038864358793942e+00
8.139103172578600152e+02,-1.567819311468638663e-11,1.636494022762722242e-08,-6.787926500668674746e-06,1.269606521150550829e-03,-4.618340769651789468e-02,1.812582616962411963e+00
8.140973506425600590e+02,-9.665429951640752241e-12,1.177677758013433984e-08,-5.615362963839657897e-06,1.152605730149719888e-03,-4.166719957427562210e-02,1.740130491287834591e+00
8.142843673519399772e+02,-1.461951631436335053e-11,1.422937457925140339e-08,-5.861033764678649106e-06,1.120967978539477369e-03,-3.748244465520134128e-02,1.733262735836478052e+00
8.144713673859999972e+02,-2.394904685674815178e-11,1.980974477132406163e-08,-6.988543695598349036e-06,1.208954117118257949e-03,-3.989262100640995901e-02,1.786323218334721963e+00
8.146583507447400052e+02,-2.078848029343114071e-11,1.753010328615468431e-08,-6.461722397756807991e-06,1.169366556622270219e-03,-4.052271345904528976e-02,1.858420925971621340e+00
8.148453174281598876e+02,-3.498426428217695368e-11,2.724378010947382530e-08,-8.825344959169925134e-06,1.407341907008398179e-03,-4.896365986244252677e-02,1.916065458817490352e+00
8.150322674362599855e+02,-3.970371350278917291e-11,2.912029055620127826e-08,-8.828265983032851101e-06,1.336721223214702280e-03,-4.132509330430947370e-02,1.760662306825037104e+00
8.152192007690400715e+02,-3.163220151449609397e-11,2.212776516990305586e-08,-6.702177780835919285e-06,1.069910639220204851e-03,-2.867282539074600053e-02,1.616721363809868750e+00
8.154061174264999181e+02,-2.520208321761299665e-11,1.723901542330818412e-08,-5.401166513693741187e-06,9.303049273015950643e-04,-2.429682050005852953e-02,1.686996821041033545e+00
8.155930174086399802e+02,-4.584279160334384138e-11,3.169450843366270635e-08,-8.996286356522532727e-06,1.308806002040405203e-03,-4.103070305813486668e-02,1.921572339304063126e+00
8.157799007154600304e+02,-2.490517409617910789e-11,1.817893018905113080e-08,-5.966515765649658048e-06,1.029430273884227812e-03,-3.080561461603109619e-02,1.805384892791249252e+00
8.159667673469600686e+02,-3.863323197774085215e-11,2.850544028154240353e-08,-8.653601738889713868e-06,1.314541941838976618e-03,-4.138095280943263066e-02,1.818469952628374298e+00
8.161536173031399812e+02,-2.114229527599657027e-11,1.629908439038115970e-08,-5.678551417924015949e-06,1.015810705862820471e-03,-2.999179904342157491e-02,1.707895523783740765e+00
8.163404505840001093e+02,-3.655777816154403519e-11,2.795219590238288798e-08,-8.749878778910788864e-06,1.344972884300178490e-03,-4.284169776646684635e-02,1.825254095027024182e+00
8.165272671895399981e+02,-2.063589253099882596e-11,1.845973993718938455e-08,-6.868290882443092799e-06,1.204912473471906036e-03,-3.865458817020792082e-02,1.704597388709714778e+00
8.167140671197599886e+02,-2.420253572575449569e-11,2.158049676127390996e-08,-7.789342314743916086e-06,1.315147571356020456e-03,-4.322826878902441550e-02,1.694541538935762093e+00
8.169008503746600809e+02,-1.172510115812778345e-11,1.316207591453671993e-08,-5.829078621828485542e-06,1.140986645437668239e-03,-3.998962661170702565e-02,1.822657560793329301e+00
8.170876169542400476e+02,-1.618681433312902684e-11,1.536861098088511857e-08,-6.188835048537977748e-06,1.168235064679695517e-03,-4.247902822843439841e-02,2.003795722618354702e+00
8.172743668585000023e+02,-2.599878483794882382e-11,2.087649284609219057e-08,-7.244055823616092133e-06,1.248680176509249767e-03,-4.514668035906659743e-02,2.069186592361303312e+00
8.174611000874400588e+02,-1.037356390675402775e-11,1.165136788875130259e-08,-5.330912755425881247e-06,1.075360205254550583e-03,-3.825991279152612945e-02,2.022687149076298763e+00
8.176478166410599897e+02,-7.260276063422640797e-12,9.342299178037633065e-09,-4.690010726216356077e-06,9.892334320696679738e-04,-3.224054752735051182e-02,1.878396091274993074e+00
8.178345165193599087e+02,6.059842169297880328e-12,-2.564992779498893367e-11,-2.317644362967767158e-06,7.378328182420759891e-04,-2.270501446569195281e-02,1.797092563796835796e+00
8.180211997223400431e+02,-2.530862389684190993e-11,2.229219552739226778e-08,-7.912592989375969270e-06,1.319888818098574309e-03,-4.516889306425087708e-02,2.010496317418412726e+00
8.182078662500000519e+02,-2.509823298201044725e-11,2.281847172024383206e-08,-8.386951856226079207e-06,1.430887388179906015e-03,-5.273186404619516210e-02,2.007948159337801908e+00
8.183945161023399351e+02,1.045297845215395391e-10,-6.999363172678115819e-08,1.622178314923005925e-05,-1.529164126083961154e-03,1.052818461929419802e-01,2.194536312042439707e+00
8.185811492793600337e+02,-2.803104967363305012e-11,2.614963460267378049e-08,-9.589952803198299391e-06,1.600971510342166174e-03,-5.988560846758484574e-02,1.871989615887801328e+00
8.187677657810601204e+02,-2.909284362591936514e-11,2.580486245583564849e-08,-9.166262120332399060e-06,1.515737273036349246e-03,-5.492423537163983877e-02,1.857349685982888632e+00
8.189543656074400815e+02,-1.600498874187991258e-11,1.512759760741122625e-08,-5.983914768856012129e-06,1.112908374407607041e-03,-3.688962645859451134e-02,1.810318095611920697e+00
8.191409487585000306e+02,-1.041189604065654608e-11,1.009465449728469306e-08,-4.526078205192254656e-06,9.487144195384677927e-04,-3.081745354692324440e-02,1.836845113489659953e+00
8.193275152342400816e+02,-3.162249450127379217e-11,2.572414336125987809e-08,-8.590910967406893304e-06,1.383159387476273847e-03,-4.743894093466641954e-02,1.930169877648424404e+00
8.195140650346600069e+02,-1.385035988303259370e-11,1.473879799469477519e-08,-6.365982450477231265e-06,1.231447631097411406e-03,-4.660454639268443722e-02,1.932664509083463544e+00
8.197005981597599202e+02,-5.955535475147796596e-11,4.355785566555193170e-08,-1.262869258183296879e-05,1.768689866485188226e-03,-6.128958524772196159e-02,1.983869531959993937e+00
8.198871146095400491e+02,-2.316205353799783092e-11,1.864168715495041239e-08,-6.576903633114980938e-06,1.159286312002417649e-03,-3.965102779746677852e-02,1.899436032765099647e+00
8.200736143840000523e+02,-2.795952336044439672e-11,2.141938363132896404e-08,-7.089499917285185053e-06,1.187012467169775397e-03,-3.911860553763666509e-02,1.895873007211667627e+00
8.202600974831399299e+02,-4.200469840528028969e-11,3.086756143978118494e-08,-9.344508987053407704e-06,1.423598651664420003e-03,-5.006349296127693416e-02,2.044850026396345388e+00
8.204465639069600229e+02,-3.759965056018372905e-11,2.626787704578181104e-08,-7.896690680500179093e-06,1.253063880667731021e-03,-4.371269457566797495e-02,2.075238351469651299e+00
8.206330136554599903e+02,-3.825245468905898112e-11,2.854917806907119604e-08,-9.012793290156931843e-06,1.435313967205202991e-03,-5.295015221834349639e-02,2.054475164538857257e+00
8.208194467286399458e+02,-3.187987973564426181e-11,2.476369063670185479e-08,-8.086280235153481063e-06,1.302829352299080673e-03,-4.282128708421817365e-02,1.791175458365449114e+00
8.210058631265000031e+02,-1.726996233200892325e-11,1.540841481294289300e-08,-6.075830310725355358e-06,1.141746672426878842e-03,-3.889420249740609126e-02,1.745606291236792451e+00
8.211922628490400484e+02,-5.002464785095140480e-11,3.791897824824237764e-08,-1.138519733693222279e-05,1.640146594556330046e-03,-5.554262837871900421e-02,1.865277127535734270e+00
8.213786458962599681e+02,-2.209743067456626723e-11,1.759182192233284829e-08,-6.295823799071705119e-06,1.127657341215706306e-03,-3.754783950726345992e-02,1.782853024179898771e+00
8.215650122681599896e+02,-5.417447722501675043e-13,4.483918460385490284e-09,-3.491497849069854042e-06,8.664874223735193927e-04,-2.754173404134761458e-02,1.775052239049104585e+00
8.217513619647401129e+02,-4.753970997003455391e-11,3.251312888407043148e-08,-8.956433227773483234e-06,1.221446494992558607e-03,-2.876622813813300289e-02,1.681255245338333371e+00
8.219376949859999968e+02,-2.334409238733169087e-11,1.950133390038551839e-08,-6.954935897780634232e-06,1.200896472613760318e-03,-3.973904321055765632e-02,1.830298394286108410e+00
8.221240113319399825e+02,-3.381289654912630125e-13,3.369245217891535984e-09,-2.834018695884516742e-06,7.520872119719630104e-04,-2.139972927209765619e-02,1.643315031442060370e+00
8.223103110025600699e+02,-1.775156517437305172e-11,1.361928286885250766e-08,-4.988785073881348741e-06,9.474995673750131586e-04,-2.794254403758778676e-02,1.627780799301314252e+00
8.224965939978600318e+02,7.029508037691359512e-12,-1.639113474097551546e-09,-1.721656694828962344e-06,6.587598968416498533e-04,-1.852278134454062031e-02,1.571602177669084943e+00
8.226828603178399817e+02,-2.098838735196730821e-11,1.652712034315267252e-08,-5.986375938431735807e-06,1.099151429299964969e-03,-3.748807555922127610e-02,1.788798367274367918e+00
8.228691099625000334e+02,-3.436642513836525821e-11,2.678398178708248383e-08,-8.694471538301726927e-06,1.388175481652018355e-03,-4.896269115588385706e-02,1.903977099105762294e+00
8.230553429318399594e+02,-2.976314112074464586e-11,2.438087016124974819e-08,-8.295206362556941740e-06,1.354931783175653643e-03,-4.511328391968878054e-02,1.680518802622944952e+00
8.232415592258599872e+02,-1.084035529052755553e-11,1.029769318629441840e-08,-4.620271616594463814e-06,9.610965728463530776e-04,-3.021591819833880851e-02,1.605039143478944164e+00
8.234277588445600031e+02,-4.277505950875828628e-11,3.054928007515763149e-08,-9.157951248888050093e-06,1.396543429085078973e-03,-4.866377900798768419e-02,1.922044794334252460e+00
8.236139417879400071e+02,-2.115507352622394282e-11,1.745229850234414108e-08,-6.381194986169117131e-06,1.155892126208614033e-03,-4.265104825218441614e-02,2.052276184949444193e+00
8.238001080559999991e+02,-2.024826058670821764e-11,1.956864473925846068e-08,-7.675546168194001258e-06,1.383046826323868026e-03,-5.552071248671423820e-02,2.166106803492599653e+00
8.239862576487399792e+02,-3.008337873085404026e-11,2.691325021184555513e-08,-9.647963811598011941e-06,1.604336793703393851e-03,-6.348791877454834642e-02,2.094572118851024900e+00
8.241723905661600611e+02,-2.019871295571729201e-11,1.906466117693338720e-08,-7.367113800652036041e-06,1.312485626093071655e-03,-4.805473691423451515e-02,1.835500226330992302e+00
8.243585068082599037e+02,-2.402037086621046915e-11,2.005592454214229968e-08,-7.149380801728176251e-06,1.228967985097608601e-03,-4.094733584421005740e-02,1.679286231681132335e+00
8.245446063750399617e+02,-1.507315691714023504e-11,1.316845978226824555e-08,-5.250382520073230092e-06,1.009722794730040897e-03,-3.185300172309665778e-02,1.654873042643153491e+00
8.247306892665001214e+02,-2.338514823334386066e-11,1.790856932714356960e-08,-6.153327996848449544e-06,1.078327046555804802e-03,-3.439043945636782035e-02,1.799090985930285935e+00
8.249167554826400419e+02,-6.932695885486979020e-13,2.916854582681011940e-09,-2.724719392134891665e-06,7.694185236534189240e-04,-2.672011679169096487e-02,1.920689111099881385e+00
8.251028050234599505e+02,-2.394733089969557413e-11,2.017264954329133826e-08,-7.242225163176330869e-06,1.262698691670467461e-03,-4.744817545926063168e-02,2.131373912215419608e+00
8.252888378889600745e+02,-1.150816627740787722e-11,1.221570340696803358e-08,-5.397121926911204675e-06,1.074493097474869471e-03,-3.911546713002114067e-02,1.983713083878757111e+00
8.254748540791399591e+02,-1.305137876885757949e-11,1.210006960162236241e-08,-5.064718507893060171e-06,1.002057853506169594e-03,-3.274614851573423580e-02,1.730517440645090721e+00
8.256608535939999456e+02,-2.343814958045033264e-11,1.821036587007015180e-08,-6.262613133632808226e-06,1.084640150438177970e-03,-3.298772180611369426e-02,1.637184819416422465e+00
8.258468364335400338e+02,3.586576895332562286e-13,1.740158198910889711e-09,-2.168014677295309588e-06,6.484157043517525462e-04,-1.540217566882719387e-02,1.547884026373130162e+00
8.260328025977599964e+02,1.703261417968979343e-11,-6.791418493441746947e-09,-8.332248888804682913e-07,5.975611568240510665e-04,-1.809507190066154264e-02,1.663756689717589277e+00
8.262187520866599471e+02,6.791921775349453332e-12,-6.474769770264114402e-10,-2.152738389731096131e-06,7.302514668976649651e-04,-2.521982694629951519e-02,1.779950961643142371e+00
8.264046849002399995e+02,-3.170603706999538079e-12,4.982788708564204871e-09,-3.222461872862781228e-06,8.026455516196691559e-04,-2.596947923286508850e-02,1.798263352950581817e+00
8.265906010385000400e+02,3.721052947158997971e-12,1.464989471410581628e-09,-2.725120819619285474e-06,7.974588120451460991e-04,-2.799721167675246411e-02,1.789192538867523163e+00
8.267765005014399549e+02,-9.411627540712553967e-12,1.014415054854363163e-08,-4.823235135830698675e-06,1.014893221557427137e-03,-3.571143809179021938e-02,1.796415776959522592e+00
8.269623832890599715e+02,-3.022591460039699724e-11,2.400796074666356257e-08,-8.090133498695900266e-06,1.337841664698152626e-03,-4.830566447930834117e-02,1.972969467575652613e+00
8.271482494013600899e+02,-3.428293956803177709e-11,2.666660713775225712e-08,-8.692517418614763460e-06,1.391287854972020647e-03,-5.012192704347312455e-02,2.042562520312891206e+00
8.273340988383399690e+02,-1.955051212097901090e-11,1.729901982179810962e-08,-6.703252499212138137e-06,1.243870625922722075e-03,-4.791331114453480089e-02,1.952161087392936700e+00
8.275199315999999499e+02,-2.479828405409157857e-11,2.107782455859516231e-08,-7.526977343849413714e-06,1.296640212998964982e-03,-4.766681067649181092e-02,1.937431954199296813e+00
8.277057476863400325e+02,4.868567821370724545e-12,8.526500477975879468e-10,-2.760833239226916609e-06,8.534600282297342012e-04,-3.520092816994589702e-02,2.010898627153439921e+00
8.278915470973599895e+02,-7.080777943746641063e-12,7.931054443721467539e-09,-4.129451600935885641e-06,9.436321405920418274e-04,-3.630843990004069960e-02,2.001444103633887472e+00
8.280773298330599346e+02,-1.667263906305557153e-11,1.373144978425069136e-08,-5.235829454905842688e-06,1.000514029762685029e-03,-3.432026516956935419e-02,1.845464868044708773e+00
8.282630958934400951e+02,4.174981332964502879e-12,5.152691662435582308e-10,-2.328612963683737005e-06,7.302779579086059398e-04,-2.240276800033149870e-02,1.548086660330412201e+00
8.284488452785000163e+02,1.415296459994420317e-10,-7.198742846994158063e-08,1.092721986129475911e-05,-2.483565689428004022e-04,3.430686196273341829e-03,1.310796409037412236e+00
8.286345779882399256e+02,1.378051454931214174e-10,-9.632014964487855803e-08,2.382102679869462915e-05,-2.492348134022868891e-03,1.534203478777134144e-01,1.518705216053307661e+00
8.288202940226600504e+02,-1.398482239902311903e-11,1.359676774802162767e-08,-5.779369341586686095e-06,1.137304913367768360e-03,-4.185647247349610911e-02,1.706806643319911831e+00
8.290059933817600495e+02,-4.500957823357080560e-11,3.390281970843943230e-08,-1.035455148901006406e-05,1.523875979487019109e-03,-4.783891588674828860e-02,1.406232793141746207e+00
8.291916760655399230e+02,-5.490613877123486029e-11,4.130602545586135725e-08,-1.220331499747816936e-05,1.690323509512105552e-03,-4.995003632197289600e-02,1.194871427243391127e+00
8.293773420740000120e+02,-1.408532097922765323e-11,1.237715381038047808e-08,-4.844067983225345843e-06,8.972789638470385831e-04,-1.785758341029284116e-02,9.399099461644971898e-01
8.295629914071399753e+02,-9.388801990260220598e-12,6.380575351762888635e-09,-2.645274753678520512e-06,5.963971047845678794e-04,-4.367661639940708176e-03,8.830581455889049414e-01
8.297486240649599267e+02,9.185635293273251076e-12,-3.923637429454384053e-09,-7.736463884987324923e-07,4.850842449428068070e-04,-6.865619807087933700e-03,1.227808766204101509e+00
8.299342400474599799e+02,2.626814964050050265e-11,-1.369328705620948797e-08,9.146670703902105919e-07,4.192939601380651351e-04,-1.144668256702307749e-02,1.467304981190379776e+00
8.301198393546401348e+02,-1.700922373449452713e-12,5.971862265618457458e-09,-3.979060966023206810e-06,9.267873732427806379e-04,-3.162264139429387527e-02,1.714734451389455572e+00
8.303054219864999368e+02,-2.421747073815093200e-11,2.037633724708688073e-08,-7.285376705543772538e-06,1.258037017200512326e-03,-4.525146044355913416e-02,1.858768340410726250e+00
8.304909879430399542e+02,1.168643627214477841e-11,-8.428916349647003941e-10,-3.086851179061002967e-06,9.558192205491405869e-04,-4.070326374587175666e-02,1.885919968068590746e+00
8.306765372242600733e+02,-2.872900330834171294e-11,2.409704877833461409e-08,-8.376375133342745392e-06,1.390702579673473889e-03,-5.098464139358525188e-02,1.890117346249862162e+00
8.308620698301600669e+02,1.770566267197237355e-10,-9.701807972365828157e-08,1.676662375725660546e-05,-7.676657900425478244e-04,1.570410966385669266e-02,1.469469998904726182e+00
8.310475857607399348e+02,4.239187446915736701e-12,2.800840122730765292e-09,-3.652912070935873736e-06,9.945733554452991770e-04,-4.282927168372030469e-02,1.891948345586388802e+00
8.312330850160000182e+02,1.401772229756555128e-10,-1.075375017001563585e-07,3.059351253278714302e-05,-4.030197476247306468e-03,3.006192533308145176e-01,-4.023359563691181751e-01
8.314185675959399759e+02,3.288023613591618646e-11,-2.628225193365847138e-08,7.363358639924257027e-06,-9.355361330695960822e-04,1.122743377682914462e-01,4.887099926305303321e-01
8.316040335005599218e+02,-7.380734922662889199e-11,4.357528756253909816e-08,-8.961564516280923898e-06,6.744524610701619488e-04,5.365861401412688053e-02,8.067482237583086802e-01
8.317894827298600831e+02,-2.871127578082115270e-12,-5.792124964681511210e-09,3.446245941431803241e-06,-6.552949875909928759e-04,1.059086508377533736e-01,6.069686452913020114e-01
8.319749152838400050e+02,1.908733765725213637e-11,-2.133407887786659365e-08,7.423961421711429021e-06,-1.090397475836211039e-03,1.236849818325396061e-01,5.200307526921813528e-01
8.321603311624999151e+02,8.185602066733667568e-11,-6.558547543400502174e-08,1.854793768356201940e-05,-2.266437651042492538e-03,1.695153481303340315e-01,3.315539090566848035e-01
8.323457303658400406e+02,1.272633108418329213e-10,-9.324474279118968233e-08,2.439275195989454848e-05,-2.735453148706468249e-03,1.742715405728868516e-01,9.724862161301419672e-01
8.325311128938600405e+02,-4.674280017778383436e-11,3.157154654557948059e-08,-8.873789621958093368e-06,1.301650016576372552e-03,-4.240756374882782842e-02,1.712973975286703920e+00
8.327164787465599147e+02,1.232257928651662953e-10,-9.193946491410219650e-08,2.435045278161921049e-05,-2.742373859399053430e-03,1.733777285507615007e-01,1.012529592407228840e+00
8.329018279239400044e+02,1.689926035997376221e-10,-1.264671613695440026e-07,3.453826572581359994e-05,-4.213577385526547786e-03,2.750909110061073859e-01,1.650203127504023870e+00
8.330871604260000822e+02,-3.357706658176227105e-12,4.800697747428880999e-09,-3.098651746354674034e-06,7.855074061292278628e-04,-2.540706595240311769e-02,1.659617669312458244e+00
8.332724762527399207e+02,5.412341807367550867e-12,-1.068144975199977043e-09,-1.703941482232056984e-06,6.480805044437531418e-04,-2.060901850300024540e-02,1.588744342541765775e+00
8.334577754041599746e+02,9.169365943100862760e-12,-3.435140742603269920e-09,-1.230587335737666836e-06,6.241421021566829087e-04,-2.194461365345475728e-02,1.587753985065835094e+00
8.336430578802601303e+02,-1.523806238033259894e-10,8.158699877878356594e-08,-1.559283466897713551e-05,1.545448391941801544e-03,-4.084194571911215627e-02,1.623555354059979416e+00
8.338283236810400467e+02,-4.542243726687119485e-11,3.295567182612457268e-08,-9.730405428482542641e-06,1.435523875849462798e-03,-4.922079522236742777e-02,1.687960999279944696e+00
8.340135728064999512e+02,-4.358396500247816937e-11,3.175724106039357336e-08,-9.488257120381527943e-06,1.422420655738823462e-03,-5.050971202211942263e-02,1.858566622806496760e+00
8.341988052566400711e+02,8.654068261751792019e-11,-6.666847146867010572e-08,1.841239861940459742e-05,-2.229597657916746519e-03,1.656445773913830799e-01,5.013673907799480745e-01
8.343840210314600654e+02,3.978931000711109221e-11,-2.187003297674692452e-08,2.518210819144857300e-06,3.383998324182206944e-04,-1.892453738457144929e-02,1.987605499469990322e+00
8.345692201309599341e+02,2.112894112000704501e-11,-9.482875168806495861e-09,-3.567219077228544924e-07,6.111427333097339647e-04,-2.730876580838683884e-02,1.938755798152261622e+00
8.347544025551400182e+02,3.670128729593203225e-11,-1.847349833853665174e-08,1.443479793924883424e-06,4.614870269436353737e-04,-2.187033738594889795e-02,1.732199876933164351e+00
8.349395683039999767e+02,1.825139922146522532e-11,-5.814173759235229123e-09,-1.721470844767147430e-06,7.943024926253514128e-04,-3.359442367188077150e-02,1.714198828982080203e+00
8.351247173775399233e+02,2.237129197331183384e-11,-7.830516697545224638e-09,-1.447818993229114263e-06,7.856325269237684822e-04,-3.272293347628336263e-02,1.597281738239699100e+00
8.353098497757600853e+02,2.715357470203329080e-11,-1.101257633053592455e-08,-7.714340683771334320e-07,7.407512205470803777e-04,-3.213615096650933312e-02,1.516244032681448584e+00
8.354949654986600081e+02,9.573951204767925899e-12,1.929371154678824011e-08,-1.393660462816550427e-05,2.827608943736302765e-03,-1.253355936188205455e-01,2.295751223629798776e+00
8.356800645462399189e+02,3.251132842018010547e-12,2.556851300401159763e-09,-3.134725109306488448e-06,8.413329825490460049e-04,-2.703161093283644456e-02,1.277417367726413122e+00
8.358651469185000451e+02,1.592361283506744949e-11,-6.861949749942535960e-09,-6.124626294917320874e-07,5.479550327485809003e-04,-1.253993581438797578e-02,1.024126453952573179e+00
8.360502126154400457e+02,1.527438299203950167e-12,1.736822862735670878e-09,-2.347791512821604926e-06,6.837119002114498039e-04,-1.585884847871280728e-02,1.047501294370944969e+00
8.362352616370599208e+02,2.884956404142470707e-11,-1.547931541475881833e-08,1.469837949964518756e-06,3.379212964963578805e-04,-6.247553665319006792e-03,1.166000828966989644e+00
8.364202939833600112e+02,2.691835355218538243e-11,-1.284078663143691194e-08,3.725910092983328231e-07,5.241595181942703243e-04,-1.938101179493804602e-02,1.419700519058330057e+00
8.366053096543400898e+02,9.788159879711332483e-12,-5.928973009012444595e-10,-2.812331212734313072e-06,8.780416623901739388e-04,-3.420410879999729453e-02,1.552800022996024598e+00
8.367903086500000427e+02,-2.005945434774433643e-11,1.948987880942292942e-08,-7.479888472976100289e-06,1.297952486351810174e-03,-4.509707078389979529e-02,1.628816270796657806e+00
8.369752909703399837e+02,-6.390550484630251099e-12,1.100757526416447650e-08,-5.683018132423383248e-06,1.155741665705979550e-03,-4.270851558291292177e-02,1.681362906342281249e+00
8.371602566153600264e+02,-1.812016527146200031e-11,1.818265301638418476e-08,-7.077197191125065532e-06,1.233889334609696671e-03,-4.131643677416782512e-02,1.663970882452853628e+00
8.373452055850600573e+02,3.791862866620499648e-12,2.755069347610141496e-09,-3.346817856343480601e-06,8.810048363114610656e-04,-3.030706409536763554e-02,1.585276440474572945e+00
8.375301378794399625e+02,-3.659023457754287306e-11,2.970735321778872688e-08,-9.652011710089051537e-06,1.480235962351960591e-03,-5.017163236197352133e-02,1.767014177968310840e+00
8.377150534985000832e+02,2.461669794718982829e-11,-7.646483262837851842e-09,-1.960283635368024942e-06,9.008322360774344674e-04,-4.056170651982267394e-02,1.697995613347627719e+00
8.378999524422399645e+02,4.836729559422371820e-12,3.463437547858387445e-09,-3.997073667531118991e-06,1.024355572497621589e-03,-3.951899924747927922e-02,1.497869299402820875e+00
8.380848347106599476e+02,-7.698459644025942577e-12,1.041489432731277625e-08,-5.128389511897826613e-06,1.052330311795803561e-03,-3.399331428834014013e-02,1.189892231308793846e+00
8.382697003037600325e+02,1.241684360752358843e-11,-4.662290725709561795e-10,-3.258418627598850943e-06,9.545023146667580127e-04,-3.488265667246059215e-02,1.250174024397643358e+00
8.384545492215399918e+02,1.100545000047970631e-10,-7.058909878274540555e-08,1.517194544118784855e-05,-1.190143518852034097e-03,7.017291443069269274e-02,2.825808276340840308e+00
8.386393814639999391e+02,-4.781658535035056712e-12,7.290740747579128369e-09,-4.045999076224211662e-06,9.118955215394372029e-04,-2.912520244401164277e-02,1.284434212898395433e+00
8.388241970311399882e+02,-2.057389477599889170e-11,1.552870500088878726e-08,-5.373328258631538118e-06,9.800388408597250807e-04,-3.014230892776956217e-02,1.316661703405034967e+00
8.390089959229601391e+02,-2.411856276199092865e-11,1.738316082003897562e-08,-5.627947816641887244e-06,9.833248787253900253e-04,-3.104143782046449307e-02,1.500472372166501200e+00
8.391937781394599369e+02,-9.144528053381294722e-12,8.932085017529885312e-09,-4.035863710613427660e-06,8.737522775791336073e-04,-3.039413044221060678e-02,1.702477295772877763e+00
8.393785436806399503e+02,1.317429406368612360e-10,-9.484951417853165181e-08,2.418881248786385635e-05,-2.576356487352392081e-03,1.521732778854167911e-01,1.698717935498622378e+00
8.395632925465000653e+02,-1.399320114839480235e-11,1.213862198423993026e-08,-4.869453806491310516e-06,9.815031152220850177e-04,-3.645195238795326254e-02,1.778379354951302505e+00
8.397480247370400548e+02,-4.353825708984000333e-12,5.304467305620151237e-09,-3.140516543126846380e-06,8.030399296377665813e-04,-3.039927493372979878e-02,1.759141782474805238e+00
8.399327402522600323e+02,-1.230280308817679551e-11,8.900181419063690987e-09,-3.602666236184416183e-06,8.085549023432458699e-04,-2.816283252381292235e-02,1.680093825556219889e+00
8.401174390921601116e+02,-3.830479335791246311e-11,2.839244805261482887e-08,-8.605579587165678790e-06,1.311375301863703345e-03,-4.412973139383977172e-02,1.664494117807793216e+00
8.403021212567400653e+02,5.263362676787354248e-11,-3.492976769550040498e-08,7.480681834974025391e-06,-4.979605508067418878e-04,4.151459972692889827e-02,3.546417041013565807e+00
8.404867867460000070e+02,-5.044366351212293525e-12,5.127457311919217224e-09,-2.866140676170299499e-06,7.109795312735577369e-04,-2.002795038904583644e-02,1.501419822195985576e+00
8.406714355599400506e+02,2.012803116703062299e-11,-9.810864727962786862e-09,9.423337035353790665e-08,4.962346027527167903e-04,-1.696120825641036015e-02,1.586558629455106617e+00
8.408560676985599684e+02,1.085544622328331184e-11,-1.687679483450404290e-09,-2.419238019044545056e-06,8.210706330867188155e-04,-3.247959557618484983e-02,1.732282653590612398e+00
8.410406831618599881e+02,-2.434164696532174294e-11,2.460994101599462677e-08,-9.415676564785592162e-06,1.598258355110074563e-03,-6.347403473094422044e-02,1.898227641785227737e+00
8.412252819498399958e+02,-3.219243383278877402e-12,1.033815517161861213e-08,-6.137874871810987603e-06,1.313118663964483275e-03,-5.626902546667152116e-02,1.773180058117822755e+00
8.414098640624999916e+02,2.556766058044276795e-10,-1.796936861433433791e-07,4.619181212591263341e-05,-5.340804502797455791e-03,3.256220137230733114e-01,4.193590547790488898e-01
8.415944294998399755e+02,-1.998478902684128097e-11,2.130811505017476249e-08,-8.670000961734794720e-06,1.545327455188665825e-03,-6.172797897268030715e-02,1.681866105818402124e+00
8.417789782618600611e+02,3.121443015640507314e-12,7.759390523181537085e-09,-5.867490136105026947e-06,1.301465965236269081e-03,-5.419829636693117986e-02,1.715501983510695050e+00
8.419635103485601348e+02,2.779303108108882255e-11,-7.922673010322381101e-09,-2.430859648080114537e-06,1.012798890493210721e-03,-4.887532152401964647e-02,1.916014665674844464e+00
8.421480257599399692e+02,1.889905185682143381e-10,-1.262666358424573558e-07,2.972898489952849758e-05,-2.930651766689729761e-03,1.619917126244820871e-01,1.289841618235182841e+00
8.423325244960000191e+02,8.399475395132803684e-11,-5.941761213462351745e-08,1.502474053376088279e-05,-1.683853422179084573e-03,1.386664965924112869e-01,3.848762499062581832e-01
8.425170065567400570e+02,1.430954096816738122e-10,-1.023419821038855387e-07,2.622419897284133800e-05,-2.913367761071117626e-03,1.865495054624131677e-01,3.333002495581336433e-01
8.427014719421600830e+02,7.723028622173660843e-12,-6.871046266337815516e-10,-2.435906135590508346e-06,8.319341061627591330e-04,-3.731236891735253275e-02,2.006344586011914011e+00
8.428859206522599834e+02,2.078583481261655577e-11,-9.731247374766715490e-09,-2.308962498913157586e-07,6.049382869631596835e-04,-2.806456337650998709e-02,1.934534977793017640e+00
8.430703526870400992e+02,1.765650145321260068e-10,-1.247590940205541371e-07,3.159350073985326226e-05,-3.459003340182201843e-03,2.069144443055593308e-01,2.741527488121893730e-01
8.432547680464999758e+02,2.170996040520986617e-11,-1.975567079137473890e-08,6.304412239917435123e-06,-9.409064272185823762e-04,1.213028089985745406e-01,3.497339256020897125e-01
8.434391667306399540e+02,-1.099742486552796138e-10,7.750418647535256407e-08,-1.936603769514584362e-05,1.830354991403988817e-03,3.740366562660540906e-02,1.204179129631317124e+00
8.436235487394600341e+02,1.419490102541642992e-11,-2.899925440599627660e-09,-2.359960273526928240e-06,8.447684157510908622e-04,-3.555035560411703988e-02,1.905858878326806005e+00
8.438079140729599885e+02,1.342573154564225630e-10,-9.431949042546089376e-08,2.366827194605174156e-05,-2.559472728959210838e-03,1.651318887282000603e-01,7.953835684075407642e-01
8.439922627311399310e+02,1.620491792188639216e-10,-1.077694188935288998e-07,2.512792872225413213e-05,-2.420135256435599659e-03,1.372351902950990910e-01,1.680440121845876655e+00
8.441765947140000890e+02,1.024035495518929563e-10,-7.010160683428352790e-08,1.690881579376509586e-05,-1.726892892573899827e-03,1.233881056008981625e-01,1.248263509532199667e+00
8.443609100215400076e+02,-2.561876207270141186e-11,2.318016612049315296e-08,-8.338548802646893966e-06,1.397700625644608804e-03,-5.130486338460207851e-02,1.628237365759869437e+00
8.445452086537599143e+02,-5.175743036623966429e-11,3.538728587985790192e-08,-9.838911575420306323e-06,1.386794472900045082e-03,-4.358263101496866881e-02,1.598472266634188843e+00
8.447294906106600365e+02,-2.307669430168593702e-12,3.391566333568446505e-09,-2.444301218305969914e-06,6.590151762279629864e-04,-1.698577669487735461e-02,1.510625641080486137e+00
8.449137558922400331e+02,-1.416236868522708549e-10,7.751998342526170546e-08,-1.545855879720190050e-05,1.607503435941107792e-03,-4.391131094426419662e-02,1.577906348899124289e+00
8.450980044984999040e+02,1.323270806686716539e-10,-8.292578901839668190e-08,1.725051968204895626e-05,-1.286702004016380355e-03,6.666424693854466899e-02,3.219499574867693781e+00
8.452822364294399904e+02,-2.277795766681746383e-11,2.140919971410134740e-08,-7.914504018849025335e-06,1.323911222024912442e-03,-4.289361006828534828e-02,1.427918500592378681e+00
8.454664516850600648e+02,-7.650409541923293445e-12,1.075806343410467466e-08,-5.336963861855142424e-06,1.081082348892126481e-03,-3.572287988529950636e-02,1.427610975496450552e+00
8.456506502653600137e+02,2.537528845708363198e-11,-1.213468496513487284e-08,3.443674030131405600e-07,4.940292636388440416e-04,-1.518824142451998677e-02,1.427548569504132780e+00
8.458348321703399506e+02,1.714616342786497430e-10,-1.156761518503558325e-07,2.757089602386613209e-05,-2.751103042522323305e-03,1.532033251434598009e-01,1.854008084203335516e+00
8.460189974000001030e+02,-8.771511863497759226e-11,6.014273453985358940e-08,-1.499901447559593848e-05,1.510791474946299347e-03,1.856155762054077438e-02,3.581229726829645799e+00
8.462031459543400160e+02,-2.267877802201779831e-11,-1.147973294996922695e-09,2.603602434509621273e-06,-5.068966335549146329e-05,7.567795272370006314e-03,1.464887237006362808e+00
8.463872778333600309e+02,-8.436724928693211062e-11,5.664439225246182945e-08,-1.364321037859893047e-05,1.312627026921132879e-03,2.310825138521554675e-02,1.008744188937771291e+00
8.465713930370600337e+02,1.291576536934955161e-11,-2.919043295454562815e-09,-2.083412260691907160e-06,7.832516134176361298e-04,-3.186980897295704079e-02,1.896640439289031033e+00
8.467554915654400247e+02,2.122739842594135466e-11,-5.021820926874926267e-09,-2.475558791183964308e-06,9.159224139971560048e-04,-3.950162005228961826e-02,1.866554196031591450e+00
8.469395734185000038e+02,1.275022785834953067e-10,-8.885610609445906196e-08,2.204895651405466809e-05,-2.339883629022700747e-03,1.523920103239264634e-01,1.098399157932784753e+00
8.471236385962400846e+02,-2.989789056846226441e-11,2.236139556409335807e-08,-7.200942190137731689e-06,1.179627929134731109e-03,-3.621739827844269038e-02,1.335044915932018350e+00
8.473076870986600397e+02,1.011981138120561059e-10,-6.863845154706942790e-08,1.637577089776966980e-05,-1.621613759369731206e-03,1.107109810227673019e-01,1.966656370923891561e+00
8.474917189257599830e+02,1.407239441276436703e-10,-7.002422161798932219e-08,1.015363001266451735e-05,-1.494705671622996185e-04,-1.796842066985589919e-03,1.405549128000665560e+00
8.476757340775400280e+02,1.190070775939288086e-10,-8.129292104041416873e-08,1.969328160691723119e-05,-2.009375599304171704e-03,1.276032300064226521e-01,2.033477217903189693e+00
8.478597325540000611e+02,-1.826577002045521005e-11,1.567751859221070014e-08,-5.763332142686170664e-06,1.026086381449035174e-03,-3.160502016969859995e-02,1.780566930789922342e+00
8.480437143551399686e+02,2.757016776130137426e-11,-1.101521629994112707e-08,-6.450609772717046420e-07,6.881348260668316598e-04,-2.970352352787840322e-02,1.924108180686688652e+00
8.482276794809599778e+02,1.066619321485640166e-10,-7.260263066035020717e-08,1.758864979266753717e-05,-1.849272568613301955e-03,1.333324605747913394e-01,1.369342316066349374e+00
8.484116279314600888e+02,-2.867468456730083567e-11,2.815429621841638916e-08,-1.048815903989070171e-05,1.732365924410141783e-03,-6.724493075406812181e-02,1.740252201102235441e+00
8.485955597066400742e+02,5.013182701848883121e-11,-3.083736078533765056e-08,6.248726634960384422e-06,-4.850927541794204764e-04,6.772069864859968369e-02,1.856290615162219160e+00
8.487794748065000476e+02,8.632428966630031625e-12,5.058296986700504159e-09,-5.461805550383394184e-06,1.291650715014093379e-03,-5.399296573049885278e-02,1.538481510465083080e+00
8.489633732310400092e+02,-4.408906234156833768e-11,2.566680285584073057e-08,-4.877383970438095782e-06,2.161248688690762349e-04,8.062629431513321232e-02,1.483362917258990166e-01
8.491472549802600724e+02,-4.101618829159701241e-11,2.994679314025496485e-08,-8.817494507421250180e-06,1.298166806192769347e-03,-3.905864798041923380e-02,1.469674812763767102e+00
8.493311200541600101e+02,-5.300899543089065424e-11,3.809409039292393892e-08,-1.060999302410163734e-05,1.440272001331472946e-03,-4.352474630667554911e-02,1.668639630846114663e+00
8.495149684527400495e+02,-4.951412195443379327e-11,3.445307761534166170e-08,-9.636875185670026027e-06,1.361247938360050577e-03,-4.348404182584329064e-02,1.840078396884459844e+00
8.496988001759999634e+02,1.298409847467637809e-10,-8.985891157474290930e-08,2.194407773779262857e-05,-2.210448445969172889e-03,1.279020380638384025e-01,2.370600382868365053e+00
8.498826152239399789e+02,-1.204203766919997163e-11,1.125740479449112384e-08,-4.726932271397323113e-06,9.592604053342108309e-04,-3.549277061367869801e-02,2.050826430572278980e+00
8.500664135965599826e+02,5.029126604985359446e-12,2.495395854668975273e-09,-3.219518980041857482e-06,8.436446226040442229e-04,-3.062423046980682767e-02,2.014411967737841369e+00
8.502501952938599743e+02,-2.285078095967244133e-10,1.572439864776056457e-07,-3.944172243829688584e-05,4.219890331872361636e-03,-1.056387284930081633e-01,2.202113726044464759e+00
8.504339603158399541e+02,-7.764204121363649741e-12,1.228331668795010259e-08,-6.109297917688247370e-06,1.228422933166538897e-03,-4.916287506986440070e-02,2.010210723385937204e+00
8.506177086625000356e+02,5.411252250971243160e-11,-3.863441810071887586e-08,9.775536512350048367e-06,-1.110409151665935805e-03,1.142467055864727216e-01,7.431642983428775606e-01
8.508014403338401053e+02,8.386421802113887231e-11,-5.648149800471743212e-08,1.326994694952236071e-05,-1.279510910063310931e-03,9.696640069784476235e-02,2.040410741379341975e+00
8.509851553298599356e+02,9.251594631581972268e-12,-8.807132750303734944e-09,2.247934842360366013e-06,-1.585553961937859245e-04,4.942244830851953014e-02,2.687644445062719711e+00
8.511688536505599814e+02,-9.387002214209028849e-11,6.416784092527331232e-08,-1.668228725742939506e-05,2.038058820663816127e-03,-6.281798114482957385e-02,1.590359475601558881e+00
8.513525352959401289e+02,6.520165662509219908e-11,-4.497090650407218811e-08,1.093041296563029321e-05,-1.104134883243445718e-03,8.991147531038466700e-02,2.559986213013534684e+00
8.515362002660000371e+02,-3.163512585584777510e-11,2.365481878638543185e-08,-7.463973159725076049e-06,1.184097254487470217e-03,-3.752713754740485963e-02,1.908426812046333465e+00
8.517198485607400471e+02,1.862012967950586424e-10,-1.277973194865464801e-07,3.115367292690070331e-05,-3.205366012361539601e-03,1.760602810235159521e-01,1.624487616520844169e+00
8.519034801801600452e+02,1.585788762952894237e-10,-1.083363234529501458e-07,2.636641972033265530e-05,-2.723052961366505178e-03,1.593072103620560009e-01,1.630145333257962736e+00
8.520870951242600313e+02,-6.457179223895937958e-13,5.364170049497405589e-09,-3.820299738177929626e-06,9.195835108015681112e-04,-3.302697437662074215e-02,1.875362219188643653e+00
8.522706933930400055e+02,-5.284496672909932503e-11,5.734772690845074088e-08,-2.169892465787986720e-05,3.414169227253640703e-03,-1.374767602725238402e-01,2.688120825896005872e+00
8.524542749865000815e+02,-2.700614358179132723e-11,2.460666781506347832e-08,-8.552369921739514928e-06,1.366153787019651865e-03,-4.486983587542586055e-02,1.723786980411068370e+00
8.526378399046400318e+02,-3.044585278960854918e-11,2.596426308146664077e-08,-8.788441001123932327e-06,1.418901429206328871e-03,-5.162590659320311082e-02,1.890231787296678290e+00
8.528213881474599702e+02,1.039118904697812267e-10,-7.002266812155922470e-08,1.659995883988753528e-05,-1.609175216396559974e-03,1.039238991830953029e-01,2.543441913526158782e+00
8.530049197149600104e+02,9.085882027994821556e-11,-6.693285849408977212e-08,1.781431797473744471e-05,-2.081158657761319423e-03,1.542602204829492951e-01,9.192899925674028472e-01
8.531884346071400387e+02,2.618727690440394950e-10,-1.907641621412090269e-07,5.120006115155127511e-05,-6.201138842823376331e-03,3.813761753039849878e-01,-2.672903353552114059e-01
8.533719328239999413e+02,1.244835321005285938e-10,-8.600775960835400248e-08,2.130677643640588076e-05,-2.292033452839094959e-03,1.539145081036567275e-01,1.092567035462018055e+00
8.535554143655400594e+02,-2.403834537889387580e-11,2.057293763999162327e-08,-7.376940092631832160e-06,1.266591479258117638e-03,-4.441851312979420985e-02,1.817824031083455028e+00
8.537388792317600519e+02,1.142017679370815957e-10,-7.827796008563791125e-08,1.895788214450195832e-05,-1.940559956097052561e-03,1.298659573357419938e-01,1.735942226282181311e+00
8.539223274226599187e+02,-2.478786366505550650e-11,2.031660073172237912e-08,-7.001223842619831468e-06,1.176138370989546341e-03,-3.669317887056445376e-02,1.574973253157363473e+00
8.541057589382400010e+02,-7.425862247262492324e-11,4.690758893715479769e-08,-1.034919621265121944e-05,8.294963571130387807e-04,5.311039430079669138e-02,5.826390057050888638e-01
8.542891737785000714e+02,-2.034946614250005348e-11,1.681163332146440632e-08,-6.088196449003043110e-06,1.086118183351407907e-03,-3.398413510456949060e-02,1.580218457260642584e+00
8.544725719434400162e+02,-2.156270841629336487e-11,1.634903826107201711e-08,-5.556738886273929941e-06,9.751013743689257527e-04,-2.721720537838204224e-02,1.531091077182263671e+00
8.546559534330599490e+02,-2.482208465872582271e-11,2.047796777967087455e-08,-7.118299932172803469e-06,1.207745804954801902e-03,-4.127733716937644765e-02,1.929539596534185497e+00
8.548393182473600973e+02,1.480246405927535295e-10,-1.090182747519034365e-07,2.929471240689227846e-05,-3.524242740062820834e-03,2.379975422812184715e-01,2.260060122896251134e+00
8.550226663863400063e+02,1.377397385673595097e-10,-9.558485767444460032e-08,2.373902489482703529e-05,-2.541515046099250986e-03,1.613039576905322958e-01,1.299803218650831260e+00
8.552059978500000170e+02,-3.811342102092394269e-11,3.326693793666578759e-08,-1.124610559389083477e-05,1.738437109948857105e-03,-6.435969204447621050e-02,1.990224345699529884e+00
8.553893126383400158e+02,-7.788946117256209706e-11,5.938781199331222665e-08,-1.728517323111492977e-05,2.308970749999686954e-03,-8.133359822993953270e-02,1.822633867863549639e+00
8.555726107513600027e+02,6.404352571178214959e-11,-4.060662947026738358e-08,8.620390522663508656e-06,-7.087133212208514884e-04,7.336665534697184299e-02,2.147682440298372519e+00
8.557558921890599777e+02,-6.286567169180360062e-11,4.946392190888968225e-08,-1.500936950858865207e-05,2.095438919709199672e-03,-7.303332984664692717e-02,1.599105343555139669e+00
8.559391569514400544e+02,-7.198907579531965341e-12,2.402631188236332060e-10,1.496896467602960628e-06,-4.758697314541909655e-04,1.075257994746380147e-01,3.234137639553582577e-01
8.561224050385000055e+02,-3.273231510050734769e-11,2.781392852729670427e-08,-9.333977627830045875e-06,1.481027398350061265e-03,-5.461620000965904109e-02,2.017753597298739265e+00
8.563056364502399447e+02,1.215713033677297419e-10,-8.637404042197645116e-08,2.216919774323820031e-05,-2.505544977254919089e-03,1.722378122574132475e-01,6.621493934899921330e-01
8.564888511866599856e+02,1.156069839793878798e-10,-8.124783708753763075e-08,2.052595700502050525e-05,-2.252684650128982790e-03,1.524867567708118044e-01,1.282126778503806852e+00
8.566720492477601283e+02,-5.652939866690137863e-11,3.986112134071637351e-08,-1.119091287600472093e-05,1.542525072807440735e-03,-4.888238437879479509e-02,1.756595475903635295e+00
8.568552306335399180e+02,-5.866830987907850810e-11,3.988952656662433413e-08,-1.081143165404316585e-05,1.467910118948327538e-03,-4.509746992917105374e-02,1.711365027947592932e+00
8.570383953440000369e+02,-6.230859454368770131e-11,4.195019681103710231e-08,-1.121835701415763045e-05,1.508416360365998380e-03,-4.906517183036272767e-02,1.919056912616241783e+00
8.572215433791400301e+02,1.554943018935284000e-10,-1.108916728183907524e-07,2.826261003045456150e-05,-3.082593401483546720e-03,1.838488237487945209e-01,1.121636063615882861e+00
8.574046747389600114e+02,9.770966364678766588e-11,-6.375901515260698484e-08,1.430865365931634694e-05,-1.259745934124713177e-03,8.152653781250276954e-02,3.044999145959446984e+00
8.575877894234599808e+02,-4.592686307050281552e-11,3.621379913470011060e-08,-1.119214688304966566e-05,1.610754652515335216e-03,-5.182660522049811758e-02,1.764491045680591119e+00
8.577708874326400519e+02,-4.349758038675143340e-11,3.427984969373375611e-08,-1.071362278056242676e-05,1.566800225908379597e-03,-5.027233235314521737e-02,1.764310004856181724e+00
8.579539687664999974e+02,-6.866372023728461750e-11,4.905850898790172427e-08,-1.371438513612118734e-05,1.820884569675436425e-03,-5.955707614385716275e-02,1.915518443308950935e+00
8.581370334250399310e+02,-5.063898525722827878e-11,3.758926198795302504e-08,-1.104268570517305421e-05,1.549765283196850559e-03,-4.994825445840610917e-02,2.003898499812510892e+00
8.583200814082600800e+02,1.058725770305153389e-10,-7.168397380403334933e-08,1.675696663803399072e-05,-1.542696570493036793e-03,9.028652187450007804e-02,3.281061387829435017e+00
8.585031127161599898e+02,1.586413199465722431e-10,-1.134552166692028089e-07,2.889705553716774791e-05,-3.121769209022065648e-03,1.791125584919784630e-01,1.693508645712277216e+00
8.586861273487400013e+02,-6.307628902227872064e-12,8.780885033772668461e-09,-4.622271173877566073e-06,1.022488472946454785e-03,-4.362975648995283395e-02,2.466724149095698593e+00
8.588691253060000008e+02,-5.487190160296650817e-11,3.916842826265118031e-08,-1.118601380165694828e-05,1.570609699525056741e-03,-5.527798076789859627e-02,2.315601962821917326e+00
8.590521065879399885e+02,1.371858920434266206e-10,-1.012111343737830286e-07,2.712829698369885185e-05,-3.204698730730990656e-03,2.069774043018615395e-01,6.760212120756978749e-01
8.592350711945599642e+02,1.643994642065811943e-10,-1.134289995484974150e-07,2.826314128013283287e-05,-3.078057709023758904e-03,1.881320443629367900e-01,1.057949664493875064e+00
8.594180191258600416e+02,-1.357299799068085728e-11,1.214119265647605362e-08,-4.949154993335388291e-06,9.628460293930980393e-04,-2.959387826728922602e-02,1.755125566407239601e+00
8.596009503818401072e+02,-4.784635796350439653e-11,3.591852774480805173e-08,-1.066773042039186896e-05,1.506987845588041858e-03,-4.591687177109095297e-02,1.784866473202634474e+00
8.597838649624999334e+02,1.334927656534071646e-10,-9.093227170434830203e-08,2.191301402639053464e-05,-2.227322758075575733e-03,1.373553020358336541e-01,2.002187998812457348e+00
8.599667628678399751e+02,-1.043385946044560105e-11,1.112385695372826261e-08,-5.080088514974462615e-06,1.048913230750160141e-03,-4.042784551413235866e-02,2.116536835085475410e+00
8.601496440978601186e+02,-5.580873710816586591e-11,4.138955613437807078e-08,-1.206033654311369264e-05,1.690615996801488920e-03,-5.935521709648794442e-02,2.110648286581861210e+00
8.603325086525600227e+02,-3.467588447987999729e-11,2.397425280869956900e-08,-7.062120984463060630e-06,1.102820974355476959e-03,-3.472822719432091393e-02,1.923541253596417810e+00
8.605153565319400286e+02,-5.379512059098426632e-11,3.625919724123759782e-08,-9.895283675450848652e-06,1.371848500873896776e-03,-4.187474958662209396e-02,1.834574766903215082e+00
8.606981877360000226e+02,-5.761033975184308051e-11,3.910574681288141064e-08,-1.051612623289992874e-05,1.409467603451484930e-03,-4.214827132209932742e-02,1.825248394162644283e+00
8.608810022647400046e+02,-2.191275835314028727e-11,1.822302961211338506e-08,-6.579757717902250940e-06,1.165187809689756902e-03,-4.136786053292443310e-02,1.957966013835717556e+00
8.610638001181599748e+02,-3.669824965166125257e-11,2.988041385485563684e-08,-9.862851516950536069e-06,1.549675012764415100e-03,-5.683755924085952260e-02,1.964420068759085369e+00
8.612465812962600467e+02,-1.010511797901209354e-10,7.205130744438090983e-08,-1.961201551334836545e-05,2.476029049828560799e-03,-8.669943831745337282e-02,1.984067476557130449e+00
8.614293457990399929e+02,7.834624334032405227e-11,-5.660000230018064599e-08,1.457543438520492685e-05,-1.638646505289567028e-03,1.309294603716241734e-01,1.187545540707161340e+00
8.616120936264999273e+02,1.534076389202401214e-10,-1.061595791720804744e-07,2.614058847520772200e-05,-2.743850170804575279e-03,1.654699538328763542e-01,1.285041441385061489e+00
8.617948247786400771e+02,1.177102206603699203e-10,-8.392898448311813707e-08,2.121826531070926679e-05,-2.266231600649961687e-03,1.449609582670164654e-01,1.569456513321616509e+00
8.619775392554599875e+02,-3.514538605196527137e-11,2.663521955153396967e-08,-8.581291995102938410e-06,1.382076021334732903e-03,-4.950356396927148295e-02,1.811119980562221565e+00
8.621602370569599998e+02,-5.115571279667715200e-11,3.703774431841407283e-08,-1.087474812948299834e-05,1.567023957513768431e-03,-5.231017087389543130e-02,1.752878745761563106e+00
8.623429181831400001e+02,-5.136095008342540728e-11,3.589619930042456695e-08,-1.020731348395931010e-05,1.449711247429301669e-03,-4.625611152830707423e-02,1.781129361696300650e+00
8.625255826340001022e+02,-4.511317378091770248e-11,3.116821618825357638e-08,-8.904493447502432509e-06,1.297346372537194889e-03,-3.981424284445696932e-02,1.776122444638775555e+00
8.627082304095399650e+02,-4.073533258195334903e-11,2.893464794413951814e-08,-8.497745830942170407e-06,1.263148020620118639e-03,-3.834955530792570622e-02,1.725416925192420514e+00
8.628908615097600432e+02,-4.957820587845273335e-11,3.409113297517383825e-08,-9.597062209415141445e-06,1.367985162159584536e-03,-4.203838176513477465e-02,1.734361476829626270e+00
8.630734759346601095e+02,1.061969189995093955e-10,-7.585556835062646522e-08,1.919773213158576712e-05,-2.043630605792384845e-03,1.324504370437683543e-01,2.054197341615336292e+00
8.632560736842400502e+02,-4.581533018230490280e-11,3.335279438282676591e-08,-9.846035826910362623e-06,1.434073092326278685e-03,-4.733553515984019466e-02,1.950826472612921414e+00
8.634386547584999789e+02,-4.674702406857901897e-11,2.394563416419951457e-08,-3.533358757960968745e-06,-3.143536145345752358e-05,9.303824265171573016e-02,5.207980518138390913e-01
8.636212191574400094e+02,-1.844217887772305741e-11,7.824617856587511251e-09,-5.994876436790722461e-07,-1.850728835883002298e-04,8.907374744968644953e-02,6.767469965384698138e-01
8.638037668810600280e+02,1.002240801051856636e-10,-6.878645721297664879e-08,1.662098581737322928e-05,-1.685066768703572405e-03,1.163430200362192135e-01,2.047754881961911799e+00
8.639862979293600347e+02,-5.953578001479264113e-11,4.235606382632599846e-08,-1.199496278347129731e-05,1.657176544385928485e-03,-5.564120550554181588e-02,1.844388765265306374e+00
8.641688123023400294e+02,-4.076432951801843485e-11,3.033725173272849093e-08,-9.285837170765555198e-06,1.400891141091883431e-03,-4.600698560088357925e-02,1.734358307502979590e+00
8.643513100000000122e+02,-2.463829646262046476e-11,1.857723402779311638e-08,-6.366604466771832576e-06,1.116682685326332060e-03,-3.650364225225853632e-02,1.671117606846611370e+00
8.645337910223399831e+02,8.229556891816708412e-11,-6.018907076365094417e-08,1.533192932761798580e-05,-1.600039538775230525e-03,1.096103000957155821e-01,2.404561154270306478e+00
8.647162553693600557e+02,-5.032462155490110427e-11,3.567624139400768741e-08,-1.013105158302644320e-05,1.423783037184584484e-03,-4.550961160747902384e-02,1.869518568752392307e+00
8.648987030410600028e+02,-9.101702560156806449e-11,6.075465459142075018e-08,-1.549488898815164849e-05,1.892254657211863388e-03,-6.089474644838052675e-02,2.018433778585506211e+00
8.650811340374399379e+02,-6.881575511877147782e-11,4.761064872277443375e-08,-1.278910881026350228e-05,1.664946522593163886e-03,-5.507332818214857179e-02,2.093801862439395478e+00
8.652635483584999747e+02,-7.903788199311304730e-11,5.378427560126389448e-08,-1.418268821744435994e-05,1.805482293421049140e-03,-5.961514874718255169e-02,2.023251610163893321e+00
8.654459460042401133e+02,-6.888661389010449737e-11,4.781912244791752622e-08,-1.296407516040661541e-05,1.704520454985352079e-03,-5.624945239357835580e-02,1.915738674744366321e+00
8.656283269746598990e+02,-8.164196899611782929e-11,5.485262895133331745e-08,-1.418587392444676483e-05,1.763872470757018749e-03,-5.485358444827842517e-02,1.895599311630969064e+00
8.658106912697600137e+02,-6.691798111956021171e-11,4.371714518200043103e-08,-1.111180217621968341e-05,1.391582689074547137e-03,-3.661091924640896833e-02,1.715845210817847910e+00
8.659930388895401165e+02,-5.855249239415423547e-11,3.763810216884318882e-08,-9.643342502516354543e-06,1.255692221613089301e-03,-3.200569268833004799e-02,1.657332670283507614e+00
8.661753698340000938e+02,-3.102799259378707836e-11,2.284712584363432964e-08,-7.100469324603083365e-06,1.113486777103061924e-03,-3.222132508720652877e-02,1.741520348536375495e+00
8.663576841031399454e+02,1.116595189362591735e-10,-8.068997837567044400e-08,2.088571357033433882e-05,-2.362685016672490864e-03,1.643835474825974252e-01,8.320001583490381769e-01
8.665399816969600124e+02,-7.163543309125393626e-11,4.815768451094104568e-08,-1.258823702618962048e-05,1.580737726117999523e-03,-4.175407280670569848e-02,1.471501250785308024e+00
8.667222626154600675e+02,-5.193629843163503081e-11,3.278296400213480583e-08,-8.329827311867282042e-06,1.092505604142645324e-03,-2.149905473814538517e-02,1.248239339054151742e+00
8.669045268586399970e+02,-4.372921374803677140e-11,2.669151941801743706e-08,-6.795421605357300206e-06,9.457885006311381399e-04,-1.785541940925768414e-02,1.295019582301291550e+00
8.670867744265000283e+02,-2.905430408520413218e-11,1.859439313299555520e-08,-5.330978316014624852e-06,8.581058586015916914e-04,-1.888288108170470270e-02,1.439969113212281160e+00
8.672690053190400477e+02,-6.047542710288099987e-11,3.925027943322356750e-08,-1.013453220200135763e-05,1.329512779177903113e-03,-3.684077593973345000e-02,1.556299330531640601e+00
8.674512195362599414e+02,-7.028913851410573071e-11,4.527162263185038977e-08,-1.141787430673666302e-05,1.440921216415317046e-03,-4.011297270820112643e-02,1.584192863714701360e+00
8.676334170781600506e+02,-9.401540282480474040e-11,6.139615504075607132e-08,-1.525469172447607728e-05,1.826801343618838754e-03,-5.620519462120039667e-02,1.801235384567095643e+00
8.678155979447400341e+02,-8.053888392403098545e-11,4.954823961509835400e-08,-1.193224889476992541e-05,1.479681482851468929e-03,-4.503770417094785095e-02,1.801056892812014310e+00
8.679977621360000057e+02,-1.266959212886106087e-10,8.206149346633954552e-08,-1.991846411656913565e-05,2.276049439825442167e-03,-7.313603384958150544e-02,1.953432687427983927e+00
8.681799096519400791e+02,3.736943012128141835e-11,-3.558411650128595015e-08,1.133521156782673343e-05,-1.496614053051437436e-03,1.279951602032758373e-01,1.487596098932466804e+00
8.683620404925601406e+02,-7.788032934898796193e-11,5.094086873358526218e-08,-1.280129460847317767e-05,1.548103358115095413e-03,-3.964283477181677201e-02,1.440085885582341962e+00
8.685441546578599628e+02,-3.831821994799163601e-11,2.706190077906947429e-08,-7.775294617946539171e-06,1.106955949627024764e-03,-2.451821076888536025e-02,1.333771897702776599e+00
8.687262521478400004e+02,-1.837336360191572125e-11,1.298606440792203641e-08,-4.409268627632222094e-06,8.003600164317903505e-04,-1.659797115762188038e-02,1.391277414533053314e+00
8.689083329625000260e+02,-2.677785815034325704e-11,1.918640995621660115e-08,-6.097976674595882364e-06,1.000590224488467515e-03,-2.556759527422138023e-02,1.411201300439214545e+00
8.690903971018400398e+02,-2.308202728340077278e-11,1.942314803234443168e-08,-6.912893763163915118e-06,1.170426915259721330e-03,-3.534792575494027922e-02,1.433964602307467251e+00
8.692724445658600416e+02,-4.492043673062662239e-11,3.153286313696178769e-08,-9.040955403880095642e-06,1.281972839916725726e-03,-3.451141917644043322e-02,1.514688801652403605e+00
8.694544753545600315e+02,-2.559669063810485040e-11,2.013598415959215499e-08,-6.818766682604027552e-06,1.139685729923934103e-03,-3.568440356637678224e-02,1.728966766828420765e+00
8.696364894679400095e+02,-2.145703308595230758e-11,1.674631752040974541e-08,-5.884734560777001711e-06,1.040325496542316309e-03,-3.216865447034485126e-02,1.702629557653247527e+00
8.698184869059999755e+02,-1.946198665011670480e-11,1.471255569706179965e-08,-5.052789233303086541e-06,8.973380687528142259e-04,-2.330368515976761687e-02,1.550722243735971340e+00
8.700004676687400433e+02,-2.810554563756690938e-11,1.899678976784092555e-08,-5.666564491300216566e-06,9.221668755251384792e-04,-2.487515760638361884e-02,1.715316393297906528e+00
8.701824317561599855e+02,1.150249447517925783e-11,-5.860318897055266741e-09,-2.586169835920799313e-07,4.451469345223761469e-04,-1.067255722016641033e-02,1.789807498448267475e+00
8.703643791682599158e+02,7.141721306215659780e-11,-4.686680307834273122e-08,9.914275687190963253e-06,-6.652502947243158502e-04,4.144905385617533855e-02,4.017646527869377593e+00
8.705463099050400615e+02,-1.412126786145603187e-11,1.095349892554737140e-08,-4.352572294664804953e-06,8.886475221370894288e-04,-2.878193501911487096e-02,1.785835893589037049e+00
8.707282239664999679e+02,-2.218394250360028980e-11,1.618829407684068510e-08,-5.535288349662588296e-06,9.943528064247550945e-04,-3.113400937072616920e-02,1.698874730177705406e+00
8.709101213526399761e+02,1.987582706708871786e-11,-1.200899352758802004e-08,1.252381508726623309e-06,2.973236701473054317e-04,-3.996204549846373889e-03,1.427419964343410452e+00
8.710920020634599723e+02,-1.338778955088708213e-11,8.925824697788410566e-09,-3.301223453868015749e-06,6.851095740304465921e-04,-1.356060542474650348e-02,1.404564481245677898e+00
8.712738660989600703e+02,3.157519403061323752e-11,-2.131149263263809810e-08,3.942820720170445431e-06,-3.164420040213582826e-05,1.032286462694005300e-02,1.338657091450015768e+00
8.714557134591399290e+02,-4.669097115960582305e-12,1.773015789963260987e-09,-1.089408321082304189e-06,3.950305650574176220e-04,-1.705701838075610651e-03,1.488982600962450720e+00
8.716375441440000031e+02,3.352148775366894536e-11,-2.076535119809524502e-08,3.463272493960086864e-06,3.182409805913514474e-05,6.589646726499701762e-03,1.596731105773755210e+00
8.718193581535400654e+02,3.232530722307320083e-12,1.944412655592804670e-10,-1.792178512132959768e-06,6.067121331586231535e-04,-1.856970008519015503e-02,1.840200089154751417e+00
8.720011554877600020e+02,9.145108855073408544e-11,-6.127048434777136046e-08,1.393116089309978475e-05,-1.180796956441649420e-03,6.744841903420129015e-02,3.675672348796577893e+00
8.721829361466600403e+02,-3.803262581387434936e-12,-7.453286477174628598e-09,4.685526578036262252e-06,-9.211565862861706682e-04,1.237690982105529997e-01,5.011556106918492182e-01
8.723647001302400668e+02,-1.750078442115885496e-11,1.484786649240523009e-08,-5.443813904661284459e-06,9.851775590244500527e-04,-3.241456226460791290e-02,1.838389269139752313e+00
8.725464474385000813e+02,-1.912471525110770854e-11,1.435081411856654288e-08,-4.902493655981051802e-06,8.727454464084477169e-04,-2.387776842988216519e-02,1.673039104664427290e+00
8.727281780714399702e+02,2.065336760745518812e-11,-1.010461566558572972e-08,3.740911290728514535e-07,3.968223992848570391e-04,-7.642281227754028211e-03,1.545261724292136929e+00
8.729098920290600745e+02,3.697618406047479205e-11,-2.164839731873143775e-08,3.122415411324252742e-06,1.549653734004063975e-04,-2.209636621633463520e-03,1.480939348640056830e+00
8.730915893113600532e+02,-2.370965032832415680e-11,1.635318648063148570e-08,-5.086022792328966183e-06,8.536172563512881614e-04,-1.985575760114232854e-02,1.383908474984541614e+00
8.732732699183400200e+02,-6.546931385171980952e-11,4.254637673236863806e-08,-1.075875892961479494e-05,1.350737839041283792e-03,-3.526801710737888923e-02,1.467382217990461646e+00
8.734549338500000886e+02,-6.838881951843779397e-11,4.143967946751528185e-08,-9.826291233845139099e-06,1.207169635258411320e-03,-2.983318836143109692e-02,1.568115442357898903e+00
8.736365811063400315e+02,-4.007304037426608246e-11,2.614170940855207487e-08,-7.155469431705535356e-06,1.048621306395066885e-03,-2.921527157630359611e-02,1.625533748319155647e+00
8.738182116873599625e+02,-9.390423198847414003e-12,9.741302504781712567e-09,-4.255751037052151108e-06,8.493043363388801939e-04,-2.383829441676387981e-02,1.490546604266044017e+00
8.739998255930599953e+02,9.515424844648556877e-12,-4.791445742836936348e-09,-4.070143814262309495e-07,4.363569530665350831e-04,-8.172517320847784775e-03,1.410763443674301287e+00
8.741814228234400161e+02,-1.609940900255600040e-11,1.144194045501627224e-08,-3.990615350440572702e-06,7.584218003520204520e-04,-1.873638279067097248e-02,1.544246597168621893e+00
8.743630033784999114e+02,1.918873325271653487e-12,2.389646777515838524e-09,-2.602503446606490490e-06,7.032480048974924184e-04,-2.042223208523448463e-02,1.631648045074270970e+00
8.745445672582400221e+02,-5.036995888175336519e-13,7.658051577124929308e-10,-1.427715650645741628e-06,5.226289124712455055e-04,-1.397559534408507852e-02,1.674274958404811775e+00
8.747261144626601208e+02,-2.176894897930795124e-11,1.794833045755394233e-08,-6.096452308392053641e-06,1.021696836496647446e-03,-3.282182180504204100e-02,1.943149723463664991e+00
8.749076449917599803e+02,5.346812240068354759e-11,-4.855466776318576800e-08,1.529989789460888458e-05,-2.079846455729674262e-03,1.678582785754664797e-01,5.219410341218101435e-01
8.750891588455399415e+02,1.151747329377582746e-11,-6.187627999044967299e-09,-1.678053642862440408e-08,3.930292775052021746e-04,-9.770975661198232770e-03,1.906370865670030001e+00
8.752706560240001181e+02,9.645860279021998530e-12,-1.665624694985733834e-09,-2.220538247628728096e-06,7.795326623897963231e-04,-3.229700671076663615e-02,1.992917015184878071e+00
8.754521365271400555e+02,-2.684866151822356365e-11,2.235656584730129449e-08,-7.819679519137856936e-06,1.315264617822878160e-03,-4.817609978470056148e-02,1.870304116823673368e+00
8.756336003549599809e+02,1.327589177025769982e-10,-9.347770297785945174e-08,2.329927699594402959e-05,-2.449095864600128562e-03,1.481461148330233679e-01,1.697352964006118459e+00
8.758150475074600081e+02,1.605644057333160235e-10,-8.598916920676436301e-08,1.470735102404125156e-05,-6.900986769448338391e-04,2.042099594193994352e-02,1.371034926644731478e+00
8.759964779846400234e+02,-2.879441199615909288e-13,1.352896652958375601e-09,-1.844501724970697838e-06,6.034185725084360461e-04,-1.871975493341828875e-02,1.800228122721284851e+00
8.761778917864999130e+02,1.103029939540011770e-10,-8.007323224215613129e-08,2.104999209385455212e-05,-2.459819704682172665e-03,1.746568739597319508e-01,3.842442123811415366e-01
8.763592889130400181e+02,6.144310069557418284e-12,3.348241612253105102e-10,-2.573985208720243514e-06,8.018328808635302729e-04,-3.249284467819550659e-02,1.885011369981226315e+00
8.765406693642599976e+02,-2.803052400593779999e-12,7.013082422965200926e-09,-4.469990468622931875e-06,1.037444718765940426e-03,-4.180355172728919544e-02,1.770003864531992654e+00
8.767220331401599651e+02,-2.191993147777230584e-11,1.870965370908985192e-08,-6.680332875670935801e-06,1.142808638744255553e-03,-3.705582869725446149e-02,1.569519090493400215e+00
8.769033802407400344e+02,-7.788720713043261332e-12,6.310914492212877318e-09,-2.962302973097673150e-06,6.852307754526236602e-04,-1.611356162274501722e-02,1.396169516750475958e+00
8.770847106659999781e+02,2.122538598197309419e-11,-9.912416678267566653e-09,1.081368938009015276e-07,4.585341417283444175e-04,-1.133441074334765215e-02,1.431575794863998441e+00
8.772660244159399099e+02,3.116351670797860593e-11,-1.582449416155694183e-08,1.150405322375672308e-06,4.305829286538165974e-04,-1.632683190453694533e-02,1.536688372743331144e+00
8.774473214905600571e+02,1.596404098942336382e-11,-6.431391503264920466e-09,-9.268665894976638339e-07,6.221800985564225270e-04,-2.221120189094445002e-02,1.572253821769375559e+00
8.776286018898600787e+02,-1.093503879400739184e-11,1.065697607906099290e-08,-4.760680407931759725e-06,9.738427185173291218e-04,-3.251047612566593942e-02,1.582319600524776160e+00
8.778098656138399747e+02,1.347605313689592703e-11,-5.539943229007843917e-09,-1.011898268965134823e-06,6.312897098134548053e-04,-2.325201419842696723e-02,1.588073288491464119e+00
8.779911126624999724e+02,1.757779060506309295e-10,-1.208325382865688211e-07,2.972491584728992179e-05,-3.137348601279964927e-03,1.808271542082972583e-01,1.099794326809966138e+00
8.781723430358400719e+02,4.600109631689904044e-12,2.263094079778811766e-09,-3.152760291277371281e-06,8.538378903642720877e-04,-3.278230645469795007e-02,1.835364607866979858e+00
8.783535567338600458e+02,1.909946330485399375e-11,-7.812680727441659919e-09,-7.726323186808191906e-07,6.324704060859769050e-04,-2.555592145042990745e-02,1.721204489081122668e+00
8.785347537565600078e+02,1.247670974678596848e-10,-8.593810802955372697e-08,2.104911344301336316e-05,-2.211257633498358265e-03,1.436033590435113749e-01,1.360881529262369494e+00
8.787159341039400715e+02,1.082371516929430763e-10,-7.601173410570979839e-08,1.908602138956988067e-05,-2.081239100182481153e-03,1.447146758851222959e-01,1.046366950647757976e+00
8.788970977760000096e+02,-2.158297858729422002e-11,1.882566173936106088e-08,-6.591552210959538182e-06,1.090682482760700926e-03,-3.203073428604154282e-02,1.518946188342886749e+00
8.790782447727399358e+02,-1.856345639715011408e-11,1.586583718131626535e-08,-5.602508487193438730e-06,9.576120973920851116e-04,-2.667619810476068096e-02,1.630992192451758527e+00
8.792593750941600774e+02,-8.976867784479192375e-12,9.614370064411190859e-09,-4.210430822686183674e-06,8.389478986510799175e-04,-2.425202513951347713e-02,1.690080128029166628e+00
8.794404887402599797e+02,4.841047004979906523e-12,-9.266954787665621836e-10,-1.523281667930995913e-06,5.795368303505013183e-04,-1.670873941796072876e-02,1.673390603100389118e+00
8.796215857110399838e+02,1.909870296890670817e-10,-1.312637264054461791e-07,3.261023662933917118e-05,-3.524625904682391047e-03,2.014577895211215608e-01,1.029009165872343479e+00
8.798026660064999760e+02,-4.353248805705316281e-12,5.500145624574338778e-09,-2.951712640195339933e-06,6.894499609143224690e-04,-2.003138460108649585e-02,1.874489558366106312e+00
8.799837296266399562e+02,2.948479340766866137e-11,-1.602870107815126801e-08,1.860858489441738825e-06,2.402110602538018880e-04,-4.550592090392483434e-03,1.814712883971886459e+00
8.801647765714599245e+02,3.650513185083893666e-12,2.454737618745071771e-09,-2.950241787360536401e-06,7.758585769677644019e-04,-2.599156528911292577e-02,1.854455453198320170e+00
8.803458068409599946e+02,1.030017228376433021e-10,-6.742240580755094814e-08,1.517642601025188069e-05,-1.354377417633838244e-03,8.578535548664721622e-02,2.906191192793062150e+00
8.805268204351400527e+02,1.721276554586334196e-10,-1.134969451259699850e-07,2.636468762082100082e-05,-2.569074251876550183e-03,1.465108640542825691e-01,1.460028431163879592e+00
8.807078173539998716e+02,1.048637718940429941e-11,-8.640430095460094319e-11,-3.116518305734181003e-06,9.046956999709495403e-04,-3.322855812306769324e-02,1.477108842415249201e+00
8.808887975975400195e+02,4.210155972551294571e-12,4.307114236549930887e-09,-3.889390617723287082e-06,9.070146214535123892e-04,-2.904626030091272265e-02,1.491983072813224620e+00
8.810697611657600419e+02,-1.027377318573095307e-13,4.214823884755498198e-09,-3.120307880462467925e-06,7.681360513409985023e-04,-2.410740461063402493e-02,1.557180244503964639e+00
8.812507080586600523e+02,-3.738156520065947285e-11,2.331861447826749677e-08,-6.224273600433573943e-06,9.261520647481832338e-04,-2.335905106644697166e-02,1.549492763491992386e+00
8.814316382762399371e+02,2.758139073180997996e-12,1.524728932708249665e-09,-2.291537185801659189e-06,6.614559671700564200e-04,-1.965615541979719161e-02,1.665229266481504711e+00
8.816125518185000374e+02,2.261312625468881196e-11,-1.096839166847713133e-08,4.395605784860439484e-07,4.125923742269054688e-04,-1.172555782298739975e-02,1.778050363578768556e+00
8.817934486854400120e+02,1.491527844849568658e-11,-5.269648841607027570e-09,-1.215777032219999423e-06,6.362788269951085655e-04,-2.346523435984892991e-02,1.814885533030846876e+00
8.819743288770599747e+02,2.352147089630593988e-11,-9.290721151704921711e-09,-8.558748312925466528e-07,6.869739189090092249e-04,-2.858194898032512601e-02,1.644162484234566346e+00
8.821551923933600392e+02,3.894213112278597842e-11,-1.889174079218905734e-08,1.295201206725057276e-06,4.742502316263295069e-04,-1.877956441712020849e-02,1.401056892539596532e+00
8.823360392343399781e+02,-3.029193244202718933e-11,1.652912113590589789e-08,-2.850125026782643595e-06,3.396472878710408570e-05,8.354909369709442868e-02,3.356842765826807962e-01
8.825168693999999050e+02,5.204660411931065735e-12,-4.551711067212528930e-10,-1.928893265019481646e-06,6.584583961825152916e-04,-2.100420423431256095e-02,1.683265424042766467e+00
8.826976828903400474e+02,2.070480856371572617e-11,-7.759621912717241741e-09,-9.345182614756675225e-07,6.349392724309919911e-04,-2.370599944685165480e-02,1.771478591616420628e+00
8.828784797053599505e+02,7.939607104857236096e-11,-4.544596676035240418e-08,7.446634672070361734e-06,-1.009418113447289856e-04,-3.609977314013771907e-03,1.698242699813761858e+00
8.830592598450599553e+02,2.065847581136090105e-11,-7.004693432943497302e-09,-1.395186648979230072e-06,7.340981927483004790e-04,-3.107862763038923143e-02,1.818616191123947123e+00
8.832400233094400619e+02,3.887200295752098952e-11,-2.017415005686906485e-08,2.058855275302849815e-06,3.438631714296162952e-04,-1.433314722009213643e-02,1.694482710431143291e+00
8.834207700985000429e+02,1.048424860370140613e-11,-1.767709979557211255e-09,-2.182946129789718710e-06,7.518894760320902083e-04,-2.826281451030330030e-02,1.763658454388996599e+00
8.836015002122398982e+02,2.466314947016683061e-11,-2.292328628266898440e-08,7.409602457573444781e-06,-1.100953941258028335e-03,1.286228158890394546e-01,2.807154929353783968e-01
8.837822136506599691e+02,9.495357173654125553e-11,-6.813289767484143486e-08,1.782548346345905511e-05,-2.120621319363550413e-03,1.654082413507926286e-01,1.044052452494136501e-01
8.839629104137600280e+02,9.864761037944925686e-12,-1.257715632471929635e-09,-2.212057432776661157e-06,7.089345435872683367e-04,-1.978961782273823064e-02,1.346413566697158837e+00
8.841435905015400749e+02,3.003016935594762358e-11,-1.556050264259699553e-08,1.412592707603163636e-06,3.231340382075253460e-04,-4.250349069558733393e-03,1.138945909119847055e+00
8.843242539139999963e+02,2.628834362042093807e-11,-1.224939840245980748e-08,4.813964982290371380e-07,4.265446386289931677e-04,-8.938587107460892189e-03,1.223943554076134754e+00
8.845049006511400194e+02,7.568288629254979700e-11,-4.896045087685394077e-08,1.081072066975772604e-05,-9.090318804989035292e-04,6.618786062030224127e-02,3.029780463142357938e+00
8.846855307129600305e+02,7.561275382269571421e-12,-1.256380151248311088e-10,-2.240958549919049490e-06,6.782867728652631654e-04,-1.835983256055286408e-02,1.424283885471908206e+00
8.848661440994599161e+02,1.900755292340058428e-11,-8.893371578881213692e-09,7.944503278087152597e-08,4.272420282935365538e-04,-8.842192947254618948e-03,1.437477904355707103e+00
8.850467408106400171e+02,1.180750885795829428e-10,-7.758618167192499112e-08,1.758416572015848524e-05,-1.559655802808868497e-03,8.604820802076007524e-02,3.206934548341575653e+00
8.852273208464999925e+02,1.806105666747206218e-11,-8.159914759366184341e-09,-2.274397383122167741e-07,5.080645348936618268e-04,-1.904576831404508619e-02,1.841001261076605111e+00
8.854078842070399560e+02,3.945170725962801898e-11,-2.089713807250578811e-08,2.342016785789162374e-06,3.120497064436406260e-04,-1.550616811681725105e-02,1.917061830476618489e+00
8.855884308922600212e+02,5.836617475988414735e-11,-3.551642556677361249e-08,6.456626951422972021e-06,-2.034624711323031307e-04,1.261771203491062789e-02,4.574062349377159720e+00
8.857689609021599608e+02,7.088183333102030713e-11,-3.995738190345343211e-08,6.252757059558254706e-06,6.634274483681256771e-06,-8.925978307384136584e-03,1.954772719043519569e+00
8.859494742367398885e+02,3.437070098191600692e-11,-1.744049120134838421e-08,1.419881092678200193e-06,4.204785086931575383e-04,-2.033523975422043759e-02,1.975976472067840328e+00
8.861299708960000316e+02,3.763716480973732813e-11,-1.774894828402605451e-08,9.013656291927565385e-07,5.471297281350550028e-04,-2.720049638051586643e-02,1.909002192557957001e+00
8.863104508799400492e+02,6.759161145767988795e-11,-4.853617932090096602e-08,1.261266987834748316e-05,-1.503738522792792687e-03,1.360324627338933556e-01,4.258629486469704961e-01
8.864909141885599411e+02,2.055628368268736973e-11,-7.964583349555369790e-09,-9.120709739411736412e-07,6.560250290541304883e-04,-2.658927095615313749e-02,1.787734141005885125e+00
8.866713608218600484e+02,5.364764088782463356e-11,-2.877400163628787807e-08,3.647080520675098651e-06,2.602788814857888932e-04,-1.622507299126444563e-02,1.734044729866034196e+00
8.868517907798400302e+02,-5.910544624470923305e-11,3.926791861462147132e-08,-9.297044848409195838e-06,8.277860155357490710e-04,4.294734801988027428e-02,9.890343316642138394e-01
8.870322040625000000e+02,4.999149798674609681e-11,-2.398995107315397337e-08,2.054493937175386546e-06,4.363320477429523283e-04,-2.248664030729101079e-02,2.015414452432707559e+00
8.872126006698399578e+02,1.852990693507142349e-10,-1.270870302989345581e-07,3.126487262490249675e-05,-3.324388469322727552e-03,1.918838846124663322e-01,8.877219884134036620e-01
8.873929806018600175e+02,6.179669420999223244e-11,-3.305878719074178770e-08,4.379616933803010822e-06,2.174651170821955478e-04,-1.773403455372742771e-02,2.108823289182117033e+00
8.875733438585600652e+02,1.264416471414702760e-10,-9.057263724318209364e-08,2.387161839695500052e-05,-2.890567468668136120e-03,2.119845384566453050e-01,2.159222317481192199e+00
8.877536904399399873e+02,1.340538331143622961e-10,-9.214919318686462551e-08,2.276708492203095930e-05,-2.468082778358426238e-03,1.626373376049772002e-01,9.556990269588084841e-01
8.879340203460000112e+02,5.461034707915682186e-11,-2.725676203075612107e-08,2.764923555954550641e-06,4.067140525419414153e-04,-2.724474580977180246e-02,2.332932465899278718e+00
8.881143335767400231e+02,1.401743971077274446e-10,-9.758970157580982416e-08,2.455698189904063152e-05,-2.719891182370043434e-03,1.756440389775881794e-01,8.399301502932111640e-01
8.882946301321599094e+02,3.007213307262352664e-10,-2.149259816309992444e-07,5.655835668105366665e-05,-6.718283945342675041e-03,3.989505230927689050e-01,-3.301352965011458140e-01
8.884749100122600112e+02,5.186529416643617268e-12,1.816887277262466029e-09,-3.097308056300979580e-06,8.609938913864268037e-04,-3.547894350605686892e-02,2.096199386418157395e+00
8.886551732170399873e+02,1.625505874979721442e-11,-2.124002119119369913e-09,-3.204371597323887998e-06,1.003872777416225199e-03,-4.607595677409775242e-02,2.070573114508070578e+00
8.888354197464999515e+02,-1.953270144918630287e-10,1.280546294746511066e-07,-2.921938838604413649e-05,2.445391382579039513e-03,4.225887977642997506e-02,5.651875400747780054e-01
8.890156496006400175e+02,-8.720008214177174100e-11,5.385943030425170430e-08,-1.068068500294039682e-05,4.309195701307865878e-04,1.281749120770818706e-01,2.899450955640631822e+00
8.891958627794600716e+02,-9.319622485936931209e-12,4.855644361397985258e-09,-5.118988449343696277e-07,-2.026804215273200792e-04,1.019574363365461089e-01,2.477157795802367168e+00
8.893760592829598863e+02,-8.283992452517029184e-11,5.478395662876558843e-08,-1.287576471951060507e-05,1.163141364270064981e-03,3.442285062522805472e-02,7.308012003517201371e-01
8.895562391111400302e+02,-1.933912563147544419e-10,1.345258529977790986e-07,-3.382649515164541827e-05,3.545824625286602381e-03,-6.970000085240350696e-02,1.565454452550249176e+00
8.897364022640000485e+02,1.607449205175281760e-11,-1.121388799090903797e-08,2.825149258298887882e-06,-4.011695286527859833e-04,8.881801503859330926e-02,7.570132633642564501e-01
8.899165487415400548e+02,-1.423578854893641480e-11,1.937736598218152667e-08,-8.731625189147916696e-06,1.618708034340703627e-03,-7.106078011744629275e-02,2.047850486043898854e+00
8.900966785437599356e+02,-1.484773834577767328e-11,2.058859714022282084e-08,-9.098621840775764481e-06,1.641460329688561141e-03,-6.963286615596421536e-02,1.941470787832918710e+00
8.902767916706600317e+02,-3.257550424638967319e-11,3.010371496010001133e-08,-1.060735453256898771e-05,1.675943727653238062e-03,-6.254806099627989446e-02,1.723433435256317203e+00
8.904568881222400023e+02,-5.369547573115583054e-11,4.358125428210552731e-08,-1.351041701766456052e-05,1.902147958715493577e-03,-6.504101432713649267e-02,1.586555039727743033e+00
8.906369678984999609e+02,-4.990237466605321310e-12,1.357557563703956028e-08,-7.213045067281684531e-06,1.403137957277629825e-03,-5.477629260898202873e-02,1.574768816393144810e+00
8.908170309994400213e+02,-3.967088342392152354e-11,3.243821936111928469e-08,-1.038636312382854428e-05,1.538694169553489260e-03,-4.944593615310870910e-02,1.483305032492679087e+00
8.909970774250599561e+02,1.191549761330949408e-12,-3.660783781873253619e-09,1.982942465273797354e-06,-4.903495426496641942e-04,1.067970285467553099e-01,2.380630229679435161e-01
8.911771071753599927e+02,-2.325533191725660873e-11,2.214568284392687392e-08,-8.135100477298391262e-06,1.347963688151561324e-03,-4.670345386842310320e-02,1.701856560600737645e+00
8.913571202503400173e+02,2.159121683124768259e-11,-5.824446293425023940e-09,-2.103964819438315898e-06,8.355345272744191948e-04,-3.303889239735480904e-02,1.610077928889786181e+00
8.915371166500000299e+02,-1.728038794411988329e-11,1.739579712079834699e-08,-6.747085141139829414e-06,1.188276736074768023e-03,-4.149089333652579425e-02,1.636159668266892853e+00
8.917170963743399170e+02,-1.471294503146188626e-11,1.029758258314610064e-08,-3.719069340822818662e-06,7.549625751712676826e-04,-2.183476958562600989e-02,1.610977604480679615e+00
8.918970594233600195e+02,3.020005254345619659e-13,4.690286314764582915e-09,-3.377408176433791897e-06,7.998706566687930697e-04,-2.539586842968897390e-02,1.671062863721131775e+00
8.920770057970601101e+02,1.626408364163517240e-11,-5.085128692903093294e-09,-1.371951931685130398e-06,6.368080082348789167e-04,-1.999931052839751255e-02,1.598383226748542052e+00
8.922569354954399614e+02,4.649482046453243391e-11,-2.428575264482888498e-08,2.846161436453023539e-06,2.700607197851562550e-04,-9.962306748423358643e-03,1.533825414454490943e+00
8.924368485185000281e+02,2.546964181555450814e-11,-9.224139911894000585e-09,-9.712699469658430333e-07,6.727871066417136833e-04,-2.567492636421789959e-02,1.709104408529177777e+00
8.926167448662400830e+02,8.047277828252018950e-12,2.541613170587594916e-09,-3.867228588755632958e-06,9.871805537897367696e-04,-3.997367814735693081e-02,1.919408704634738561e+00
8.927966245386600121e+02,7.079506440442925286e-11,-5.155819332639278687e-08,1.377156084397473411e-05,-1.688516797715953338e-03,1.446574781572584623e-01,5.562652303605826187e-01
8.929764875357600431e+02,-4.628875292242338319e-11,3.083964931263818743e-08,-7.322679458190017464e-06,6.458846350505291966e-04,4.715574351449855484e-02,1.027484550381101869e+00
8.931563338575400621e+02,-1.026559150957701940e-10,7.316368306799630512e-08,-1.855559927284462627e-05,1.867937388273781035e-03,2.991191339938374574e-03,9.752085615516088435e-01
8.933361635040000692e+02,8.876033323238427358e-11,-6.335468527573610046e-08,1.639462212184500918e-05,-1.901573013933947464e-03,1.482738854768989034e-01,5.947175099612193039e-01
8.935159764751399507e+02,4.571720276237737562e-11,-3.499456967750230217e-08,9.825195258771558842e-06,-1.277175185689266882e-03,1.274947961654691320e-01,6.592963569099906662e-01
8.936957727709600476e+02,4.393690969008932478e-11,-1.997120258710695651e-08,1.324868083394745900e-06,4.683593464332991003e-04,-2.311775735386229977e-02,2.096406736484631050e+00
8.938755523914600190e+02,4.631787196746440880e-11,-2.291746904634711165e-08,2.121343559220091408e-06,4.319659354510520981e-04,-2.789700018120963576e-02,2.250356984479046751e+00
8.940553153366399783e+02,-7.274033359514350404e-11,4.604955013408874429e-08,-1.000916302320795679e-05,7.360153863443235234e-04,6.053681302898231142e-02,3.651003119962909493e-01
8.942350616065000395e+02,2.079536728680876051e-10,-1.522834259984299959e-07,4.166813109093242231e-05,-5.291929944215554606e-03,3.590473928993447306e-01,-9.475342772203657615e-01
8.944147912010399750e+02,-1.652420302658759904e-11,8.640653492597360331e-09,-1.295460621007040866e-06,-6.679835816753993121e-05,8.040870944658630448e-02,7.143881097358411036e-01
8.945945041202598986e+02,-6.155071628728626950e-12,9.657921087808905447e-09,-4.938325589446017245e-06,1.034155098475478566e-03,-4.020876448518553165e-02,1.926829754760580826e+00
8.947742003641600377e+02,1.220869200612157607e-11,-4.955971436056549609e-10,-2.938644057347128668e-06,8.555800969562373003e-04,-3.381549481858684564e-02,1.990408830614063707e+00
8.949538799327400511e+02,2.372110903204361046e-11,-8.848816091789902841e-09,-9.369471554305278272e-07,6.761939923498136050e-04,-2.927472042746523048e-02,2.048705012522803237e+00
8.951335428259999389e+02,2.555671587558943911e-11,-9.543954930260293215e-09,-9.550624546654324038e-07,7.115881099465025091e-04,-3.324145689606553683e-02,2.067301166468965778e+00
8.953131890439400422e+02,4.159096723100282431e-11,-2.170883285785513857e-08,2.352710045429417176e-06,3.365076991030011792e-04,-1.821794240049589425e-02,1.969160083936982275e+00
8.954928185865600199e+02,1.849582162269171208e-11,-1.425410584435463586e-08,4.148543070775700837e-06,-6.239495618409414456e-04,1.004833779348720812e-01,7.625965290722785950e-01
8.956724314538599856e+02,2.243438604563776998e-10,-1.528945413270182149e-07,3.742099948592924621e-05,-3.946455981711812291e-03,2.134446531286365578e-01,9.172133983622672293e-01
8.958520276458399394e+02,1.112276080800077932e-10,-7.775087896572264491e-08,1.976590098205708017e-05,-2.249652993741932481e-03,1.611605809906755948e-01,6.385902608580075190e-01
8.960316071625001086e+02,-2.097394653916180053e-12,9.678423639169577919e-09,-5.565372670422698527e-06,1.141484036896379950e-03,-4.548054372217932156e-02,2.068550203620951766e+00
8.962111700038400386e+02,-7.342874319050842581e-12,1.239556473037687872e-08,-6.026155553971655236e-06,1.166088570977218868e-03,-4.420796751331241420e-02,1.939605018928653113e+00
8.963907161698599566e+02,8.691867714972066108e-12,8.399625120561076249e-10,-3.047221373613844932e-06,8.438597340391165713e-04,-3.135162510986998219e-02,1.824379162752498118e+00
8.965702456605600901e+02,1.460468595692244728e-11,-3.568482518245848247e-09,-1.932836047208386988e-06,7.420630222368305952e-04,-2.977736817362334684e-02,1.875840799527100922e+00
8.967497584759399842e+02,2.261667144605078573e-11,-9.873916615702289653e-09,-1.795710381859571824e-07,5.403801887302189799e-04,-2.191964415236690236e-02,1.877288779334522539e+00
8.969292546159999802e+02,1.150629383155624770e-11,-7.732937264883299180e-10,-2.817889588316056028e-06,8.566665584128995391e-04,-3.474625555260002496e-02,1.876498974409790188e+00
8.971087340807400778e+02,-1.991410094867769633e-11,9.678441941880413439e-09,-8.915182904163383154e-07,-2.436696137764675450e-04,9.775902758932940306e-02,4.354022676066328645e-01
8.972881968701599362e+02,2.029453511341455011e-10,-1.105942880774544695e-07,1.932205160296796429e-05,-1.004034805725963382e-03,2.618317113211703767e-02,1.178698829267679216e+00
8.974676429842598964e+02,3.048915102401599089e-11,-1.246699074945381389e-08,-3.854603306025357666e-07,6.707952926908153412e-04,-3.080963457741703673e-02,1.715791373097043326e+00
8.976470724230400720e+02,-1.512597892413748157e-11,5.411769038759285413e-09,5.048992096826433512e-07,-4.381097265834377869e-04,1.070293032134250616e-01,3.893382281692062130e-01
8.978264851865001219e+02,2.638388017459066046e-11,-9.195431808729658156e-09,-1.179241884920801015e-06,7.267621122103044623e-04,-3.026394439215910823e-02,1.721714529891656298e+00
8.980058812746399326e+02,-4.010073566940146528e-12,1.133632250775647588e-08,-5.942374584409207736e-06,1.167472510914017384e-03,-4.445874121241000926e-02,1.791943405818695156e+00
8.981852606874599587e+02,-4.979989806039087116e-11,3.684544881858594849e-08,-1.072525276085482839e-05,1.519913249543615062e-03,-5.430997519593135092e-02,1.998969816659587284e+00
8.983646234249600866e+02,8.970744212712542413e-13,6.474741051248707967e-09,-4.347151090126841380e-06,9.696590299648977446e-04,-3.934009146245991129e-02,2.166490590995468590e+00
8.985439694871399752e+02,1.256189289450599114e-11,-4.627988992876202229e-10,-2.896689832880055909e-06,8.404304099213517204e-04,-3.549469075161292009e-02,2.229436772894473506e+00
8.987232988739999655e+02,-3.116276154084654059e-11,2.466227143163078765e-08,-7.949425259303728128e-06,1.263559119986921477e-03,-4.791622669609519464e-02,2.173886620729279961e+00
8.989026115855400576e+02,-3.732913175967687569e-11,2.947475682967248012e-08,-9.223565630459172460e-06,1.387363267444291504e-03,-4.953131465367192204e-02,1.974555811179353304e+00
8.990819076217600241e+02,-2.121584512850874216e-11,1.973796473413636228e-08,-7.134444501681272200e-06,1.193933193182129468e-03,-4.189962772326793344e-02,1.864198104873601602e+00
8.992611869826599786e+02,-3.625972367443952274e-11,2.788823921105944926e-08,-8.678270279828680138e-06,1.322699171319565619e-03,-4.660340299479289600e-02,1.935734772748847865e+00
8.994404496682400350e+02,-3.055238488972436572e-11,2.430574180492501333e-08,-7.950886639226598993e-06,1.274467986595722050e-03,-4.609667904906627339e-02,1.865963341862078684e+00
8.996196956784999657e+02,-4.934397781116794951e-11,3.606902933659517968e-08,-1.044856182370161635e-05,1.469668800083626234e-03,-4.865393843405423080e-02,1.719637164974280763e+00
8.997989250134399981e+02,-2.310337241649903952e-11,2.206350200787274936e-08,-8.029405935346301562e-06,1.320919629804221188e-03,-4.541270438307381391e-02,1.662330357379647072e+00
8.999781376730600186e+02,-2.402725686935990834e-11,2.001308286464237339e-08,-6.680418726804323830e-06,1.072611620600039464e-03,-3.205842404882203872e-02,1.659410527463389240e+00
9.001573336573600272e+02,-2.489625692932497464e-11,2.079761682492112772e-08,-6.908631874150815506e-06,1.105512639061014294e-03,-3.510005192552188152e-02,1.773560778007237770e+00
9.003365129663399102e+02,-2.744673385892065451e-11,2.348900670478562688e-08,-7.881623709525395464e-06,1.246388768014790403e-03,-4.198328141848694378e-02,1.820494275932138084e+00
9.005156756000000087e+02,4.386318575366513692e-11,-2.642344370672932464e-08,4.763042708096208003e-06,-1.499534221537208404e-04,2.173824967593751892e-02,3.982823862353200628e+00
9.006948215583400952e+02,-6.251538141770062198e-12,8.572393867039638958e-09,-4.242893391362352989e-06,8.855473768882327372e-04,-2.898831134046991886e-02,1.624860059806118251e+00
9.008739508413599424e+02,-1.623944817342674043e-11,1.432516842320047394e-08,-5.417976992486401914e-06,9.874143565136868882e-04,-3.243943886661220660e-02,1.671255342019476231e+00
9.010530634490600050e+02,-3.584316467512899614e-11,2.741033968806796204e-08,-8.419259441138697995e-06,1.250497765454302961e-03,-3.860201842322598387e-02,1.682375327506433704e+00
9.012321593814400558e+02,-3.577452611666200410e-11,3.038423669417925276e-08,-9.922217976513614986e-06,1.486399663799760611e-03,-5.046816146915224927e-02,1.767304332003444722e+00
9.014112386384999809e+02,5.602509776978592797e-13,6.919258212882980899e-09,-4.818577135897535251e-06,1.076503920872651492e-03,-4.193601641631396204e-02,1.650518651478775967e+00
9.015903012202400078e+02,-4.452139162425410575e-11,3.652744877865900249e-08,-1.155612031326710812e-05,1.676369696662326388e-03,-5.769801524883039906e-02,1.682811742720440984e+00
9.017693471266600227e+02,-8.117422425142989463e-11,5.935747033809858518e-08,-1.646968948063157233e-05,2.096720246361326572e-03,-6.928823141038085998e-02,1.735679922208569037e+00
9.019483763577600257e+02,-6.783057897210058550e-11,5.156414393327589670e-08,-1.491833991667119432e-05,1.982488465627702326e-03,-6.803599927777966017e-02,1.828048837115717751e+00
9.021273889135400168e+02,-4.614343131593095753e-11,3.613023940761999457e-08,-1.104947454964811461e-05,1.589204650520364016e-03,-5.468801398277373799e-02,1.744579622723278156e+00
9.023063847939999960e+02,-3.562678586600201729e-11,3.012337828552184215e-08,-9.923546498452470442e-06,1.520359697856320897e-03,-5.463712453177890782e-02,1.737519962382746641e+00
9.024853639991399632e+02,2.310042475503293293e-11,-1.234999493820053719e-08,1.242306530216654429e-06,2.374322538839484912e-04,5.597429017129123760e-03,4.045388268645093710e+00
9.026643265289599185e+02,-3.418495664678696742e-11,2.790689887652264773e-08,-9.168959106793432174e-06,1.443402819529945738e-03,-5.443344106354134487e-02,1.851193909300947515e+00
9.028432723834600893e+02,-1.456740763847724389e-11,-1.550072070322520329e-08,1.002303520747535481e-05,-1.649776379766057944e-03,1.512723590524336914e-01,1.098410592839372951e-01
9.030222015626400207e+02,-2.013726655820291901e-11,2.019134641476745350e-08,-7.580396592828611472e-06,1.292335009955221901e-03,-5.030136481146733896e-02,1.953165434529266609e+00
9.032011140664999402e+02,-1.818826359903903903e-11,1.718486297078564905e-08,-6.467241346016442973e-06,1.146765969646117633e-03,-4.384264212091069229e-02,1.840620696847853344e+00
9.033800098950400752e+02,-4.767080810599146933e-11,3.479525375355722294e-08,-1.012906708533751305e-05,1.448633175095409261e-03,-5.048969569044366168e-02,1.739907198785715092e+00
9.035588890482600846e+02,-4.672853382838307742e-11,3.297117439694751882e-08,-9.376912105207615538e-06,1.338887100268000042e-03,-4.493635981454349726e-02,1.664671583301560398e+00
9.037377515261599683e+02,-4.132701642074328343e-11,3.162942556210123946e-08,-9.506990722467421371e-06,1.374248049143807953e-03,-4.588401770600165214e-02,1.738897560812897369e+00
9.039165973287399538e+02,-4.191839755540317263e-11,3.031439632160155197e-08,-8.850370711363063895e-06,1.284813448771739055e-03,-4.239061689881441081e-02,1.776783109364392876e+00
9.040954264560000411e+02,5.127881960362626769e-12,2.354191440125942713e-09,-3.247323190007770543e-06,8.657298883379895178e-04,-3.432614242340441268e-02,1.753780878496432161e+00
9.042742389079400027e+02,-2.291632014992866892e-11,2.084829850184408999e-08,-7.558151452198576266e-06,1.279759463342690275e-03,-4.824580230039839102e-02,1.843048100693927660e+00
9.044530346845599524e+02,9.473069943545295004e-11,-6.631221803386862743e-08,1.660337811208210072e-05,-1.794148238143290428e-03,1.260014273829453413e-01,1.653536792114458365e+00
9.046318137858600039e+02,3.762276474844598273e-11,-2.494402616327298225e-08,5.976595181244166430e-06,-6.898454344586812904e-04,9.287651836020928420e-02,1.057077574813745757e+00
9.048105762118400435e+02,-7.107349605994039761e-11,5.107360296870851226e-08,-1.409320620192367499e-05,1.820386912709267982e-03,-5.889100416345038197e-02,1.645474520785753070e+00
9.049893219624999574e+02,-2.727820234698195355e-11,2.263766575983194067e-08,-7.617809503913557640e-06,1.227184110652548192e-03,-4.168843987820424618e-02,1.600940907244696509e+00
9.051680510378400868e+02,-1.019156523933061051e-11,1.172311414688127529e-08,-5.117497207668259290e-06,9.803022208446190208e-04,-3.196439068061570493e-02,1.526423124505101647e+00
9.053467634378599769e+02,-4.205829291099419461e-11,3.080325173365024708e-08,-9.040720931455707447e-06,1.300627675381885997e-03,-4.025687571983574409e-02,1.490243076009378775e+00
9.055254591625599687e+02,-2.414641090829813819e-11,1.801797851703532914e-08,-5.895723480139646708e-06,9.941065721981328686e-04,-2.988488705241869325e-02,1.339271786890652072e+00
9.057041382119400623e+02,-8.901614362110530982e-12,1.002455832481323818e-08,-4.410155874300642017e-06,8.554820460829185881e-04,-2.226952582798620919e-02,1.207327140523375641e+00
9.058828005860000303e+02,-1.172659216485828996e-11,1.103856715217729053e-08,-4.415040956689598316e-06,8.379277440933003513e-04,-2.280350371310137930e-02,1.305202426577105834e+00
9.060614462847399864e+02,4.059849934464303977e-12,3.930245595895607341e-10,-1.911530126343544756e-06,6.032831533733226453e-04,-1.621073545636506075e-02,1.341140657985725237e+00
9.062400753081600442e+02,-7.450932268460840130e-12,7.743046368146705783e-09,-3.551270596263305962e-06,7.549368959545332174e-04,-2.223748635443481558e-02,1.532540881203949157e+00
9.064186876562600901e+02,-3.710340560951681110e-11,2.505959409162859013e-08,-6.933583150642200962e-06,1.002339926275522307e-03,-2.770143781596712956e-02,1.599097045953382645e+00
9.065972833290398967e+02,-1.429566189126933641e-11,1.055853662484402556e-08,-3.612238504696308759e-06,6.675956643087051527e-04,-1.383133687460009510e-02,1.483019962729362096e+00
9.067758623265000324e+02,-1.833478764648356144e-12,3.083058317501773375e-09,-2.109018192602222612e-06,5.539154502430538706e-04,-1.157163907183509158e-02,1.510421397962697698e+00
9.069544246486400425e+02,-5.399888057709163781e-12,6.231036646012908993e-09,-3.098615792100641461e-06,6.874832072820261965e-04,-1.853125712113226284e-02,1.581818602379023053e+00
9.071329702954600407e+02,-7.578562074575447084e-12,6.379361699613101061e-09,-2.855925827224122622e-06,6.473425773803687458e-04,-1.755089703386383121e-02,1.582682885690658958e+00
9.073114992669600269e+02,-2.088909896240337307e-11,1.498029561661267263e-08,-4.777790714517174818e-06,8.213026013618708815e-04,-2.363408372512720845e-02,1.679804855578519440e+00
9.074900115631401150e+02,-5.553190372846713463e-12,3.962123290370488342e-09,-1.993496575153066921e-06,5.251042511693346584e-04,-1.183391618626944072e-02,1.663051012844678267e+00
9.076685071839999637e+02,1.276615148627908640e-11,-3.919304545885680254e-09,-1.292009291320734328e-06,5.978883563834303406e-04,-2.224753883459323206e-02,1.825451470318615987e+00
9.078469861295400278e+02,2.121267314895010154e-11,-8.273144100681410188e-09,-7.258546578703904732e-07,6.134235846265594962e-04,-2.694748325625771421e-02,1.886959834667911506e+00
9.080254483997600801e+02,-2.043542819392594821e-11,7.205575560682587291e-09,3.650828576882789865e-07,-4.230695497680035124e-04,1.025576789994297744e-01,5.177368551990487733e-01
9.082038939946600067e+02,4.876665138834679829e-11,-3.710165197779094688e-08,1.030548499835791023e-05,-1.327563747502172277e-03,1.304666712802410589e-01,3.479305501596803296e-01
9.083823229142399214e+02,-7.631562750949285456e-11,5.509227978784105490e-08,-1.536820042812486446e-05,2.019274748173364997e-03,-7.249034164608225694e-02,1.814531996839095607e+00
9.085607351585000515e+02,1.679071679776198128e-10,-1.146719666021805957e-07,2.821558472770249257e-05,-3.032063908213640351e-03,1.832891946579699449e-01,3.767737781744329606e+00
9.087391307274399423e+02,-5.913753859492025444e-11,4.693390483234923185e-08,-1.429796318544867326e-05,2.000874807184884613e-03,-7.338111640121230961e-02,1.627388721038278030e+00
9.089175096210599349e+02,-6.259382077169061839e-11,4.817889829141998290e-08,-1.437380580169029427e-05,1.992013555050940049e-03,-7.248334639212866692e-02,1.572018773249561185e+00
9.090958718393600293e+02,-8.076460397762883176e-11,5.769907771471771957e-08,-1.581361864260306645e-05,2.026629104224735023e-03,-6.898058934097126005e-02,1.600668365119670034e+00
9.092742173823401117e+02,-2.033118084918083340e-11,1.917964832092733440e-08,-7.192559266578333566e-06,1.245147995436714228e-03,-4.572570930510595766e-02,1.494911751195984406e+00
9.094525462499999549e+02,1.020666408960147980e-10,-7.000927198086791704e-08,1.691304892823245308e-05,-1.705916145892695090e-03,1.122089240812680078e-01,1.856405871320004675e+00
9.096308584423400134e+02,6.689184144351193402e-11,-4.806181272564386493e-08,1.197094362781020733e-05,-1.203143998469688057e-03,8.738344066966148571e-02,2.433532890703273832e+00
9.098091539593600601e+02,7.787981113790221150e-12,1.013516905442911788e-09,-2.954713227135471987e-06,8.188928073528208744e-04,-2.901201306834697360e-02,1.271656469890957819e+00
9.099874328010599811e+02,5.964780037326724702e-11,-1.908808046274276227e-08,-3.427659554338961674e-06,1.630998192138879066e-03,-7.947529275461762133e-02,1.691752608113102685e+00
9.101656949674400039e+02,-1.915421833933077586e-11,1.453016636146398313e-08,-4.975617745853671727e-06,8.873452482536140591e-04,-2.515031946435731733e-02,1.125760400399617556e+00
9.103439404585000148e+02,-3.331704085005937329e-11,2.279423611228535559e-08,-6.616181714687292505e-06,1.019315511008363033e-03,-3.007804276299489224e-02,1.310031041134262608e+00
9.105221692742400137e+02,1.152576387687800147e-11,-2.701520163547820953e-09,-1.713552697872834448e-06,6.510737562070198058e-04,-2.209146078095155369e-02,1.423697308968915554e+00
9.107003814146600007e+02,-8.121442737656278713e-12,9.599896403355327459e-09,-4.506656797193679448e-06,9.313060804910832172e-04,-3.401797911896849158e-02,1.533808634535478221e+00
9.108785768797600895e+02,-4.181746685683086450e-11,3.303238782557031875e-08,-1.037447247684310700e-05,1.552232151364068159e-03,-5.757745206867945220e-02,1.671856411350568505e+00
9.110567556695400526e+02,-1.305775984322092106e-11,1.669664549041958261e-08,-7.224050367980017179e-06,1.311355140835372387e-03,-5.059375906957834512e-02,1.546388997909903473e+00
9.112349177840000038e+02,-5.816546384501958575e-11,4.143498121798374106e-08,-1.178692375475908398e-05,1.639369558473046133e-03,-5.798365257840980974e-02,1.514174293156443918e+00
9.114130632231400568e+02,-3.456887088178050126e-11,2.857800059426640063e-08,-9.330569097080033706e-06,1.432560496482489275e-03,-5.017239127870149612e-02,1.419239208078746151e+00
9.115911919869599842e+02,7.813715205097400850e-11,-5.168562068179202120e-08,1.158517069689651667e-05,-9.797027758446175474e-04,6.693843191152043515e-02,2.755330690931394599e+00
9.117693040754598997e+02,-3.262582171133502051e-11,2.470434829319851163e-08,-7.878137380133285372e-06,1.254736020404970684e-03,-4.414224773640283706e-02,1.449910640079776547e+00
9.119473994886400305e+02,-5.607303291355302747e-11,4.074136623511134366e-08,-1.170940751308576686e-05,1.622544746260521330e-03,-5.564035815506653687e-02,1.488964411964533108e+00
9.121254782265000358e+02,-2.512383310240461299e-11,2.217068668168266257e-08,-7.961787233007984457e-06,1.348925906659770649e-03,-5.178931293046902529e-02,1.507448553344926223e+00
9.123035402890399155e+02,-3.685841007695402992e-11,2.704776434521799135e-08,-8.366541105559958862e-06,1.310410972794337839e-03,-4.776631588312797022e-02,1.545248056839318540e+00
9.124815856762600106e+02,6.686333956667808510e-12,-7.567507790649290395e-10,-2.010147869243993276e-06,6.959133267707933021e-04,-2.580282087492822771e-02,1.324024473559061388e+00
9.126596143881600938e+02,1.947746457127349300e-10,-1.356727455888129165e-07,3.382353823763124741e-05,-3.604734133763968281e-03,1.987161627361229421e-01,6.362461300953222709e-01
9.128376264247400513e+02,4.879778859112091913e-11,-2.830297116328421487e-08,4.512322432159300675e-06,2.599613719998054986e-05,4.681240035193920727e-05,1.213396566749364025e+00
9.130156217859999970e+02,2.984612975190087400e-12,5.159750836636627703e-10,-1.909732933576992108e-06,6.289519303223591777e-04,-2.122405550764214222e-02,1.383026030057591393e+00
9.131936004719400444e+02,1.274672168452585631e-10,-9.795701236197718624e-08,2.812064818092499516e-05,-3.729765970356291750e-03,2.731300054033262703e-01,5.364529715545920396e-01
9.133715624825599662e+02,-2.865057237717020620e-11,2.197242041094318739e-08,-6.924813859557550699e-06,1.095432245192710452e-03,-3.621244137837108940e-02,1.532940993020267095e+00
9.135495078178599897e+02,4.164090629213611106e-11,-2.133967316510249360e-08,2.382874351716861251e-06,2.743746648588859627e-04,-1.029544391182121363e-02,1.362066575751656128e+00
9.137274364778400013e+02,1.111240530998130477e-10,-7.974714277201899966e-08,2.030647586327445276e-05,-2.182731898708454264e-03,1.357095655929501932e-01,1.724866920331171505e+00
9.139053484625000010e+02,3.899202012497165751e-11,-1.996322755407188299e-08,1.981508572886547214e-06,3.458098530594541664e-04,-1.518149568317079222e-02,1.450756335215741100e+00
9.140832437718399888e+02,2.356621620026350141e-11,-2.995522356752233915e-08,1.214912077761462294e-05,-2.179146990140250033e-03,2.277477139608264645e-01,-1.258781987234413036e-01
9.142611224058600783e+02,-4.622266124197000807e-11,3.282430133436257991e-08,-9.480037644178239921e-06,1.376204126608467863e-03,-4.924541850538135396e-02,1.697708243935474259e+00
9.144389843645600422e+02,1.159762612980902403e-10,-7.861007332163380284e-08,1.848143973463630568e-05,-1.736999715735144468e-03,9.838982633803465550e-02,2.534209960269300677e+00
9.146168296479399942e+02,1.302317595676663049e-10,-8.245288612281771331e-08,1.778685323235152426e-05,-1.469576314728055682e-03,7.818835855476637120e-02,2.798634339778486080e+00
9.147946582560000479e+02,-1.118048191872999391e-12,6.530624769911261600e-09,-4.305473918586129168e-06,9.842995720317259181e-04,-3.798233609715190306e-02,1.262185751403408940e+00
9.149724701887400897e+02,4.073720351466042344e-11,-1.875166451290990247e-08,1.096882689533166608e-06,4.764264379284812475e-04,-1.623557775764595049e-02,9.420843057217019867e-01
9.151502654461598922e+02,-1.817614876604293568e-11,1.509615253990723497e-08,-5.531306343257978832e-06,9.942702888387732179e-04,-3.165641676531668475e-02,1.180640473036634663e+00
9.153280440282600239e+02,3.968337154153619271e-11,-2.082618295536794087e-08,2.217971196521183500e-06,3.262493808979809347e-04,-1.402639029677396967e-02,1.278847627041872714e+00
9.155058059350400299e+02,2.968488332428069631e-12,7.211290730272488770e-10,-2.184073400902545839e-06,7.020205393974536003e-04,-2.685080582221209891e-02,1.407201817934844668e+00
9.156835511665000240e+02,1.778450677845256103e-10,-9.787854320439726482e-08,1.737005058965919254e-05,-9.254618214002124227e-04,2.710456778013555987e-02,7.601523830945661198e-01
9.158612797226400062e+02,-2.156210495424909717e-11,1.634588334194193202e-08,-5.392977207577197772e-06,9.140983947337120953e-04,-2.457588771693838131e-02,9.493860445714280560e-01
9.160389916034600901e+02,6.707633438098658772e-11,-3.658652483319602461e-08,5.668847467309828736e-06,-4.130852829673366212e-05,4.716572288596612358e-03,8.821683682705404594e-01
9.162166868089600484e+02,2.223875410971344004e-11,-7.851063564782625658e-09,-8.210054598864037362e-07,5.809613794117618382e-04,-1.991486011264121184e-02,1.264460567548562064e+00
9.163943653391399948e+02,1.108165977474096973e-10,-8.321929032111489404e-08,2.314442005941963864e-05,-2.909153677589544629e-03,2.067704001263021563e-01,2.497413030385404742e+00
9.165720271940000430e+02,6.769447400884745792e-11,-3.389961664357912981e-08,4.168943374415150346e-06,2.231206002286178851e-04,-1.342252162707501320e-02,1.335965772059988899e+00
9.167496723735399655e+02,4.484625871436674516e-11,-2.215264871027086221e-08,2.256344393334272971e-06,3.177474504718260794e-04,-1.238390797029972901e-02,1.269206879405585076e+00
9.169273008777599898e+02,5.429168291403549684e-11,-2.952762046844184656e-08,4.196592568780168078e-06,1.099390319909210941e-04,-4.125464814315466314e-03,1.199974892005205351e+00
9.171049127066600022e+02,2.592798349044197361e-11,-1.186262130860788478e-08,1.505546331370476075e-07,5.318698095987415891e-04,-2.296772937265476044e-02,1.418971884507253645e+00
9.172825078602400026e+02,1.280452169626791212e-10,-8.853814252348099328e-08,2.171973074981978582e-05,-2.264115682213972951e-03,1.404013440634968579e-01,1.203063204424869914e+00
9.174600863384999911e+02,1.168115078154355066e-10,-7.955971335111127364e-08,1.903072847685933962e-05,-1.889340963694903161e-03,1.167190655247296177e-01,1.747215750854860472e+00
9.176376481414399677e+02,4.405447405753220175e-12,2.724566569840663977e-09,-3.312094427537244860e-06,8.530817912107643321e-04,-3.065009960342373121e-02,1.299103131131732924e+00
9.178151932690600461e+02,4.282887456244164989e-11,-2.194565658934518231e-08,2.264786878696409681e-06,3.417366310679211005e-04,-1.389219743483219478e-02,9.967185077874305410e-01
9.179927217213598851e+02,2.137468778444626503e-10,-1.173251714949441664e-07,1.876029315328735066e-05,-4.609381708110380947e-04,-8.538646383908003040e-03,1.106007852324530916e+00
9.181702334983400533e+02,2.031049438230609611e-10,-1.377668430100298015e-07,3.334266005112887960e-05,-3.424940356255042843e-03,1.812441802700739679e-01,1.143221444220112959e+00
9.183477286000000959e+02,2.128105267841785359e-10,-1.429552685076901789e-07,3.396603308448447223e-05,-3.356441707212600919e-03,1.652535907555443273e-01,1.788414091258304195e+00
9.185252070263400128e+02,6.247431493399705673e-11,-3.559847179546165740e-08,5.763790654306520009e-06,-4.237163162635389918e-05,-1.296601877799545164e-03,1.281374442503331545e+00
9.187026687773600315e+02,-1.264350838073776415e-12,2.863916319155523782e-09,-2.317741488307312869e-06,6.640537096983503869e-04,-2.493729807048396252e-02,1.508298879398720427e+00
9.188801138530600383e+02,8.299465597753605113e-11,-5.950042330793966435e-08,1.499059909169927935e-05,-1.522763308751714194e-03,9.523198986864526983e-02,2.556556088513034730e+00
9.190575422534400332e+02,5.193977253814583295e-11,-2.633633968612706523e-08,3.339802398312154721e-06,1.875967533543557836e-04,-9.442812155691253373e-03,1.503797336457694644e+00
9.192349539785000161e+02,1.412040562213982382e-11,-5.228161798957848404e-09,-6.913104405937707535e-07,4.974949522641493880e-04,-1.769185373992813656e-02,1.586408860171514057e+00
9.194123490282399871e+02,4.082340505979290508e-10,-2.693582430799851660e-07,6.457717958997895768e-05,-6.746874139890894802e-03,3.296029773377571748e-01,2.429888983810889691e+00
9.195897274026599462e+02,1.021480319371153699e-10,-5.932493726504234646e-08,1.079348709486502738e-05,-4.867687416580773448e-04,1.136340844906661394e-02,1.408970629795191831e+00
9.197670891017600070e+02,-1.146914247726173510e-10,6.234322471719144849e-08,-1.204737658767577213e-05,1.237916503662319029e-03,-3.522482337858854479e-02,1.604494550610148895e+00
9.199444341255400559e+02,5.375591371104714593e-11,-2.861762626730298328e-08,3.975639354336274544e-06,1.232548496588859691e-04,-4.590003878751216376e-03,1.144458334343055661e+00
9.201217624739999792e+02,9.920569274892270298e-11,-5.276735182366911968e-08,8.488874767129235839e-06,-2.312395114860705658e-04,7.789269101594811263e-03,8.791960858667250411e-01
9.202990741471398906e+02,3.307389661297980386e-11,-1.470408108131345880e-08,5.602851260474789474e-07,4.856882195428867074e-04,-1.871954946577539247e-02,1.139255702382570012e+00
9.204763691449600174e+02,3.793400268353415838e-10,-2.605132914083363941e-07,6.531064268540624632e-05,-7.272400503208565140e-03,3.926994439486954369e-01,-1.673852341946483607e-02
9.206536474674601322e+02,4.823037432495927803e-10,-3.151239249850347038e-07,7.150540757592418312e-05,-6.473673834527056067e-03,2.509954946870797676e-01,1.250461032346239287e+00
9.208309091146398941e+02,2.313423581095278672e-10,-1.485275911629757204e-07,3.363808212641441217e-05,-3.162858909915382787e-03,1.528975299712602431e-01,1.832136391523979446e+00
9.210081540864999852e+02,1.670612298865218207e-10,-1.168084362191203456e-07,2.941130970826856281e-05,-3.187758032424925329e-03,1.838293316363010799e-01,7.039685042609641341e-01
9.211853823830400643e+02,7.635928483086423728e-11,-3.919768771481528723e-08,5.437213024999584460e-06,7.376823934699459180e-05,-5.686655148055485068e-03,1.153358573093572925e+00
9.213625940042600178e+02,6.933680472832660323e-11,-3.458643011666022082e-08,4.364549891626835004e-06,1.895902492973551990e-04,-1.262490810304045356e-02,1.408822812595053486e+00
9.215397889501599593e+02,2.762470500608831741e-10,-1.705099948847689939e-07,3.861901452976256976e-05,-4.008174489955121378e-03,2.418755465136390448e-01,1.571974738714461584e+00
9.217169672207401163e+02,2.604031794102567750e-10,-1.716915649725908709e-07,4.082543641543212245e-05,-4.223420212470470336e-03,2.235532800434339162e-01,3.391349017335436034e-01
9.218941288160000340e+02,1.658345555145874145e-10,-1.130543730460043091e-07,2.777975034149299239e-05,-2.931022097635645803e-03,1.652612628243232129e-01,1.395927496642532573e+00
9.220712737359399398e+02,6.263523040899860314e-11,-3.448624743161335212e-08,5.467952519333966690e-06,-4.436974718138559872e-05,6.074981462340639645e-04,1.368214073783535545e+00
9.222484019805600610e+02,-3.523370603764230950e-10,2.335827431510513081e-07,-5.432768528477499484e-05,4.961207595932191211e-03,-5.542568812474073930e-02,9.319309284865057164e-01
9.224255135498600566e+02,1.211906452373418228e-10,-6.986033379075088535e-08,1.277307107450602811e-05,-6.396050723820633551e-04,1.684300649828842159e-02,1.217720543406931144e+00
9.226026084438399266e+02,2.766944675722069741e-10,-1.767301409827700564e-07,4.049841315707851342e-05,-3.988706795502523945e-03,2.032556481509499025e-01,5.478398777347617266e-01
9.227796866625000121e+02,-3.228519023973625877e-11,1.999463475636174013e-08,-3.893625984659408058e-06,1.440018866084678958e-04,7.449392588193635978e-02,3.345422506510468685e-01
9.229567482058399719e+02,1.965898786066119366e-11,-8.303863056371125037e-09,-2.499855862643228843e-07,4.997147860447718679e-04,-1.982438407472201722e-02,1.509627146726723490e+00
9.231337930738599198e+02,1.024849035575954693e-10,-5.844677809614311250e-08,1.037034291824296260e-05,-4.388047493733529167e-04,1.107580670661403172e-02,1.325236192763415977e+00
9.233108212665599694e+02,7.071129281331519468e-11,-4.017100013563123954e-08,6.670299333659920321e-06,-1.263307497905089688e-04,2.355189126789661823e-03,1.287859215552624503e+00
9.234878327839401209e+02,7.637144951947400640e-11,-4.384932997154427596e-08,7.514983238509828724e-06,-2.125605709920484407e-04,6.808333921279269632e-03,1.118446287015677720e+00
9.236648276259999193e+02,1.038119105744273228e-10,-5.988436082051875569e-08,1.067092304507802214e-05,-4.465065224234003268e-04,1.169527166217350540e-02,1.123067387317071564e+00
9.238418057927400469e+02,1.112629992497289723e-10,-6.416435457698488587e-08,1.159548961235337134e-05,-5.372610186142657597e-04,1.474326072077659054e-02,1.121982466829368974e+00
9.240187672841600488e+02,6.316561581703058495e-11,-6.442101256335398542e-08,2.141933194381240242e-05,-2.774469628395084559e-03,1.782984517934474156e-01,8.252879703921464083e-01
9.241957121002600388e+02,1.365041997905886183e-10,-7.830256398956458363e-08,1.449600639958996757e-05,-8.309397439643530616e-04,3.061502966333269626e-02,8.040957725306421278e-01
9.243726402410400169e+02,1.083888832064377027e-10,-6.252205708919676870e-08,1.150130570256605013e-05,-5.981328316558916398e-04,2.210151139082726715e-02,1.018254298335971697e+00
9.245495517065000968e+02,2.327090819152498696e-11,-1.036977949444100589e-08,2.262742308920721696e-07,4.320737081713550481e-04,-1.451180026749675396e-02,1.434735812023619106e+00
9.247264464966400510e+02,8.416762412453319501e-11,-4.876116405199257803e-08,8.640551687398486321e-06,-3.271374295907905887e-04,1.040053137129552663e-02,1.255306409306000681e+00
9.249033246114599933e+02,3.924653805075068275e-10,-2.506439126383693215e-07,5.716060201204687020e-05,-5.533928835662371357e-03,2.507016683081276787e-01,7.719722805771241925e-01
9.250801860509600374e+02,7.147211998303841173e-11,-3.967718178750371656e-08,6.350325228571492741e-06,-8.523433689533704404e-05,2.033569409767965047e-03,1.195735301067101686e+00
9.252570308151399558e+02,7.145293048423438145e-11,-4.114941238838213499e-08,7.068739556486728528e-06,-1.911098540880177470e-04,6.581299750028469543e-03,1.173557851335996771e+00
9.254338589039999761e+02,1.041652146979090757e-10,-5.906244600445831123e-08,1.026824475003112351e-05,-3.917066588009977704e-04,8.602971131208652505e-03,1.281085928157502885e+00
9.256106703175399844e+02,1.739190753974636137e-10,-9.973302750018788673e-08,1.881651011451397474e-05,-1.141335862375979704e-03,3.077404763969471962e-02,1.253105283277346160e+00
9.257874650557599807e+02,1.854865522399341320e-11,-1.081837226251801045e-08,2.477150781707094896e-06,-3.617453557980078232e-04,8.490948637947300093e-02,4.887816159909232905e-01
9.259642431186599651e+02,-1.577813283948956765e-10,8.275901841831601481e-08,-1.293944092727812249e-05,4.349129866707610709e-04,9.006394389205332751e-02,2.908939086483822933e+00
9.261410045062400513e+02,1.713149381952194535e-10,-7.863386804678901359e-08,9.657097401148452304e-06,-1.924434647597245618e-04,7.992472612090359418e-02,2.827650004604406409e+00
9.263177492185001256e+02,3.593515156839562612e-11,-2.006955124659406441e-08,3.850230003430777761e-06,-4.110415527892726461e-04,8.754874234835739732e-02,3.299295320748177218e+00
9.264944772554399606e+02,9.692259038235248526e-11,-6.254823098130111523e-08,1.431267932128194851e-05,-1.441347261214851339e-03,1.145699246163024293e-01,8.770670247211691528e-01
9.266711886170600110e+02,6.396052322687173405e-11,-6.799457647759867190e-08,2.389699478808782144e-05,-3.389450040105031724e-03,2.366485716023168651e-01,2.238413609272862814e+00
9.268478833033600495e+02,2.719244518419671837e-10,-1.809446254309948741e-07,4.295058857534800583e-05,-4.339238845058089079e-03,2.161775092610486171e-01,3.948172422031630546e+00
9.270245613143400760e+02,8.394012866398367377e-11,-4.360281359703492499e-08,5.936679124795858953e-06,1.229957805472550421e-04,-1.244403775633352860e-02,1.318347058710081399e+00
9.272012226499999770e+02,4.084728023225975320e-10,-2.419170296859534404e-07,4.556663953925083911e-05,-2.590921084828670066e-03,4.688850488154323870e-02,9.757901872885116346e-01
9.273778673103400934e+02,2.267316208326186077e-10,-1.418164208651451246e-07,3.073613940166530588e-05,-2.684935894236029682e-03,1.261295216047915446e-01,2.152075779911467812e+00
9.275544952953599704e+02,1.991753156738425436e-10,-1.267231960518608484e-07,2.783876722943685278e-05,-2.436784708881286135e-03,1.148877264371814116e-01,2.463240529521795175e+00
9.277311066050599493e+02,7.144156422067450616e-11,-4.566887274399937887e-08,1.052147320688657962e-05,-1.174754897642450897e-03,1.242083177262954391e-01,2.823280854648664739e+00
9.279077012394400299e+02,2.829776736631390866e-11,-1.886657609617895662e-08,4.990077737664969895e-06,-8.034329824621000383e-04,1.333760992609320239e-01,1.408794728229792126e+00
9.280842791984999849e+02,1.156226063879115463e-10,-7.799382484126553989e-08,1.920529512372852875e-05,-2.237468338375875766e-03,1.848221404238885590e-01,1.370943307704330039e+00
9.282608404822399280e+02,1.450732645695494399e-10,-1.022380433504228135e-07,2.664945857806602522e-05,-3.234163835514981822e-03,2.360747701564890610e-01,9.296618578288069479e-01
9.284373850906600865e+02,5.131871983085473627e-11,-3.751859086633757092e-08,1.057848773141219089e-05,-1.541484539955721277e-03,1.714408581577763213e-01,1.144950381559564079e+00
9.286139130237600057e+02,2.784744787189776166e-10,-1.679998637248011711e-07,3.504702752791752520e-05,-2.886016559188504891e-03,1.184151507008155690e-01,2.603921770962749793e+00
9.287904242815399130e+02,1.617053063231791433e-11,1.222614125058388127e-08,-8.322564959715417787e-06,1.252135896285014663e-03,1.255185163247128470e-02,5.173622256944822029e-01
9.289669188640000357e+02,1.373690530343826434e-10,-8.639509377443959679e-08,1.833798858757779740e-05,-1.442699928030989924e-03,6.901025992745560278e-02,6.357905189599816431e+00
9.291433967711400328e+02,-2.466945142440819330e-10,1.672488428452699278e-07,-3.989860834582553397e-05,3.668119282852313253e-03,-9.905198027214177567e-03,5.516871270160441654e-01
9.293198580029599043e+02,3.003256144261193006e-10,-1.757531149506026722e-07,3.304620320242183007e-05,-1.983983321972814656e-03,5.689865080012992959e-02,3.640191024818132615e+00
9.294963025594599912e+02,5.186439435276194737e-12,-6.515489836937971674e-09,2.543470743182708547e-06,-4.808700199482913865e-04,9.611734019783173266e-02,2.810231980081035474e-01
9.296727304406400663e+02,6.226913605298398207e-11,-3.531372740633803344e-08,6.850593472257700599e-06,-6.438646833635052824e-04,9.366768575280290388e-02,1.631008769985867746e-01
9.298491416465000157e+02,1.007112415068641545e-10,-5.648776527131247864e-08,9.485485689533850281e-06,-2.859108009726764820e-04,4.077395101485818164e-03,1.256375824446558820e+00
9.300255361770399531e+02,5.305692641167961945e-10,-3.214805624699397732e-07,6.619419830843011228e-05,-5.109438936530280410e-03,1.530832247785353650e-01,1.040197416879404813e-01
9.302019140322601061e+02,3.383705703472282389e-10,-2.005431553610850145e-07,3.940397144875585809e-05,-2.828986064895795682e-03,1.141619031501645704e-01,2.331337821620143025e+00
9.303782752121600197e+02,2.666627058634484927e-10,-1.901548334055146420e-07,5.031430305501783442e-05,-6.108325043740618285e-03,3.839493390594083677e-01,-1.245335791373218148e+00
9.305546197167400351e+02,1.935278555195625718e-10,-1.276092632293406183e-07,2.968970544249453653e-05,-2.879786465564143291e-03,1.491311051312651237e-01,1.765854961680775048e+00
9.307309475460000385e+02,3.185483358967410507e-10,-1.928001093124358095e-07,4.062439688522931450e-05,-3.447594169077190188e-03,1.417448104652671570e-01,5.610263214518727004e+00
9.309072586999400301e+02,2.716644430518703584e-10,-1.701691400312937893e-07,3.784737337070127818e-05,-3.590075938904448410e-03,1.842810660934972311e-01,6.836196261048550493e-01
9.310835531785600097e+02,-4.413089470816530326e-11,3.849499589952054489e-08,-1.226961667639243645e-05,1.620391549511219619e-03,-2.237725248028794162e-02,1.851247597594184446e+00
9.312598309818599773e+02,-3.390681907471613837e-10,1.918974656064152197e-07,-3.637998099740276186e-05,2.784480641057446044e-03,-2.884466625319863711e-02,2.523969738601039570e+00
9.314360921098400468e+02,1.263420174677817722e-10,-6.012300315016759866e-08,7.355935991426549659e-06,1.831163340289939311e-04,-1.551161881268510456e-02,9.603678222984453061e-01
9.316123365624999906e+02,1.186204871961107227e-10,-7.214374528674378934e-08,1.471755676214346873e-05,-1.151405169573188050e-03,7.653755867618554365e-02,2.002568907621259608e+00
9.317885643398400362e+02,9.042536534084232846e-11,-4.700911191640983585e-08,6.287904236878082724e-06,1.664428355915368435e-04,-1.733602785151328388e-02,1.179203787668323455e+00
9.319647754418600698e+02,-1.189040256956759700e-10,7.182569645422689038e-08,-1.640273952965976267e-05,1.927617589247527250e-03,-6.772801820812091034e-02,1.553506410484918554e+00
9.321409698685599778e+02,2.913886114056026053e-10,-1.977872438009790025e-07,4.877425412623517586e-05,-5.348834072637598420e-03,3.034051741307949301e-01,1.098751650041751349e+00
9.323171476199399876e+02,-1.169916324476386758e-10,8.570432642597318916e-08,-2.231797515202303092e-05,2.249000228033052207e-03,1.044106071692267948e-02,1.464467853412126264e+00
9.324933086960000992e+02,5.836565356185190302e-11,-3.338364460367120513e-08,6.134633453684627728e-06,-4.249608371686664724e-04,6.453646692257436479e-02,1.344670429931767774e+00
9.326694530967399714e+02,1.495606945343976033e-10,-9.228296137008776352e-08,1.963156688115144508e-05,-1.661982310572362315e-03,9.323234531047393248e-02,2.145673039673027471e+00
9.328455808221599455e+02,1.403575963805417029e-10,-8.205456233141830522e-08,1.631276406989754397e-05,-1.235406374366940750e-03,6.942932451993390208e-02,2.728085950496617063e+00
9.330216918722600212e+02,-1.372883902183800886e-10,6.293095567585092882e-08,-4.567969170036277476e-06,-1.213354780882815696e-03,2.262315386865007272e-01,-4.483197479706060307e-01
9.331977862470398577e+02,1.374679258154765003e-10,-7.222145140844341991e-08,1.207493414524082066e-05,-5.331815218363818078e-04,1.692207809826635698e-02,1.151277686352119245e+00
9.333738639465000233e+02,-2.378186354098058835e-10,1.368546906100061070e-07,-2.681244443254138403e-05,2.086155223139109314e-03,8.113450742228583631e-03,8.758861945249492020e-01
9.335499249706400633e+02,1.658145865417673882e-10,-1.014390761346689580e-07,2.091554780713853414e-05,-1.580215427654493030e-03,6.538268958694254396e-02,3.613268961774011689e+00
9.337259693194600914e+02,1.452916370941196649e-10,-9.054517638107632224e-08,1.902784615605095019e-05,-1.478690503215782364e-03,6.877025952129095510e-02,3.285327760456421942e+00
9.339019969929599938e+02,-9.216094648913691672e-11,4.400149345162297869e-08,-5.941727812436398884e-06,1.103505458647197030e-04,8.159697338035826197e-02,1.680723667000076638e-01
9.340780079911399980e+02,-1.888164872785746766e-11,1.002823671763765279e-08,-1.144958760206550630e-06,-2.660105161701625570e-04,1.153603235473001087e-01,1.709630974308479434e+00
9.342540023140001040e+02,6.568357941468929623e-13,9.009410677212089016e-09,-5.693905908389681388e-06,1.168793289843870478e-03,-4.083904758718645556e-02,9.969341302034621100e-01
9.344299799615399706e+02,4.370679421148400795e-11,-2.505230169736282924e-08,4.373204558315871849e-06,-1.598717782443933959e-04,3.130131522292796398e-02,3.051860106980886833e+00
9.346059409337600528e+02,-1.763934153088361904e-10,1.254275994553049099e-07,-3.194093637546247466e-05,3.359665347912355569e-03,-6.158449173771808616e-02,4.061133607919964916e+00
9.347818852306601229e+02,1.472353907721817241e-11,-1.437393938758969751e-08,4.607033420285150041e-06,-5.778504163059130063e-04,7.056703605098905985e-02,2.469802672270814625e+00
9.349578128522399538e+02,7.006697448390026551e-11,-4.806822921492791441e-08,1.113323124193901195e-05,-9.430221204163153313e-04,6.081596999674468429e-02,3.169238767994609685e+00
9.351337237985000002e+02,2.562816337220382262e-10,-1.576279889295580139e-07,3.274305005620335149e-05,-2.825181156135456954e-03,2.188824796001249406e-01,1.956507814826796920e+00
9.353096180694400346e+02,3.414205029213816349e-10,-2.341818315749384836e-07,5.734107368957908204e-05,-6.096090318813239019e-03,3.483528590252495949e-01,-8.358869221284267459e-01
9.354854956650599433e+02,3.235544015517664696e-10,-2.109291255831541254e-07,4.918185160025597314e-05,-4.944518565181982989e-03,2.499863800152970217e-01,3.031227922773813699e+00
9.356613565853599539e+02,2.424781172593187870e-10,-1.679816657175856705e-07,4.312867517535808439e-05,-5.101413332996370883e-03,3.248234076865562092e-01,9.180764457790135946e-02
9.358372008303400662e+02,6.961375667070219948e-11,-2.453809576568065873e-08,-8.092490126197489535e-07,7.728488027589553626e-04,3.382213757428534362e-02,3.739622263069429131e+00
9.360130283999999392e+02,-7.064986394651447121e-11,2.366026546967566962e-08,1.805916974466191154e-06,-1.289134986343300378e-03,1.938333811832102516e-01,3.398150754126795015e+00
9.361888392943400277e+02,1.980056967112575635e-11,-3.648461545632534705e-08,1.565902144154427338e-05,-2.500493055478679276e-03,2.111459133644394415e-01,1.658705503434238615e+00
9.363646335133601042e+02,-8.576347570081018094e-11,6.647430333242896337e-08,-1.791144323091908120e-05,1.795264176384386455e-03,2.506841227032123240e-02,2.147887441185489354e+00
9.365404110570601688e+02,1.362290051296656454e-10,-8.532582813896616155e-08,1.889309726627488891e-05,-1.833135598138809592e-03,1.295979796234861536e-01,8.051513449639302600e-01
9.367161719254399941e+02,-3.170918466273602785e-10,2.148935033625854122e-07,-5.273956742397988408e-05,5.513508105322329281e-03,-1.336365055807212099e-01,2.595379317467111147e+00
9.368919161185000348e+02,2.599800921052455933e-10,-1.653662512969011256e-07,3.571283603793596955e-05,-2.961346993645409559e-03,1.420568429908600494e-01,6.112616848120274726e-01
9.370676436362400636e+02,1.255635742732687691e-10,-7.439361486825989767e-08,1.636355139990465735e-05,-1.941430982273420654e-03,2.131377787857408612e-01,9.937517952997845239e-01
9.372433544786599668e+02,-3.469466406874985003e-10,2.164309601755194688e-07,-4.676797800566987926e-05,4.230245640215229454e-03,-7.893366807212762182e-02,1.326626052558944391e+00
9.374190486457599718e+02,-3.292833091197370333e-11,3.738368055960024729e-08,-1.231294112120693425e-05,1.353128791087755516e-03,4.718026636109912825e-02,6.976739491712098395e-01
9.375947261375400785e+02,-1.033182966994871099e-10,6.241070366764544774e-08,-1.274319907040490847e-05,1.122691828094595379e-03,-9.263041386719836454e-05,3.378238373829425711e+00
9.377703869539999459e+02,1.522820915657234662e-10,-8.913911487357324725e-08,1.749099946023690671e-05,-1.270172583960715038e-03,6.547302449468736518e-02,3.133868834293183081e+00
9.379460310951400288e+02,3.771101335174493944e-10,-2.475950909390169105e-07,5.782172124953764079e-05,-5.885473990997400900e-03,3.370679880167001263e-01,-9.482498737896593033e-01
9.381216585609600997e+02,2.055953123886759634e-10,-1.326614047162277757e-07,3.045170495380681989e-05,-2.985028086416384712e-03,1.625058890615903862e-01,1.468457462689733095e+00
9.382972693514599314e+02,1.788227614363635517e-11,-3.562873696028778322e-09,-2.286543968901803242e-06,7.739569677769315243e-04,-2.695681228306892954e-02,1.390677721226899033e+00
9.384728634666399785e+02,-1.252276562730275962e-11,3.152856391437833357e-08,-1.374499136575434089e-05,1.778588692351820624e-03,5.470033804204903899e-02,2.302458830668729917e+00
9.386484409065000136e+02,6.397798475357820551e-11,-3.152041379171350636e-08,3.648336137769254127e-06,2.627594820527066671e-04,-1.415341831718046686e-02,1.622169444323574794e+00
9.388240016710399232e+02,-5.304231869111597942e-11,2.939192677886400266e-08,-5.561273218782772430e-06,6.218722991702715485e-04,-4.849353105768976734e-03,4.484142437379837531e+00
9.389995457602599345e+02,-8.117545278277049650e-11,3.319903794096563232e-08,-2.113813434476804391e-06,-5.206118181179091725e-04,1.340657625878778902e-01,1.604211901276152874e+00
9.391750731741600475e+02,4.902352159732421251e-11,-3.332292705462819208e-08,5.253567795456584793e-06,3.549636057252462972e-04,-2.747659813256747227e-02,2.066796766375081251e+00
9.393505839127401487e+02,-2.351454862927865252e-10,1.358014137125434139e-07,-2.562066600294828165e-05,1.719297557203286822e-03,3.396359502309252709e-02,1.224965668089614379e+00
9.395260779760000105e+02,2.504438068860931426e-10,-1.708434871472580904e-07,4.232319772572041427e-05,-4.748935530965035963e-03,3.152772500552640800e-01,1.393414073341932846e-01
9.397015553639400878e+02,6.282839767364563689e-10,-3.796174656796394075e-07,7.920670379231297558e-05,-6.744978775300501314e-03,3.153188393355031427e-01,3.988514212012273519e-01
9.398770160765601531e+02,3.345108075142097167e-10,-2.041787962170168218e-07,4.314873936478956767e-05,-3.715025643535515513e-03,1.900011811801350647e-01,5.159858491693455722e-03
9.400524601138599792e+02,-3.780232983222447846e-10,2.725107502263487140e-07,-7.065786460712571995e-05,7.535253687511322615e-03,-1.771217228734298099e-01,2.347892860217758670e+00
9.402278874758400207e+02,-1.092990114091214866e-11,-2.104459883764925330e-08,1.058113751985839298e-05,-1.083618470601305055e-03,6.091760026832616221e-02,3.606670162612588104e+00
9.404032981625000502e+02,1.248640560576587129e-10,-9.200911448398675477e-08,2.615641887627755433e-05,-3.592437762228859431e-03,2.833113037896770603e-01,-7.716345642562257023e-02
9.405786921738399542e+02,-7.201644978016986957e-11,4.022279193832835378e-08,-6.156501260453164496e-06,-1.296933763811231066e-04,1.351046850045556913e-01,1.118951277216425400e+00
9.407540695098599599e+02,1.918125326650169934e-10,-1.144448762062605466e-07,2.286828094386172990e-05,-1.763227953821500105e-03,1.194709594397976860e-01,4.032052122362480562e-01
9.409294301705600674e+02,-3.028384890783557157e-11,2.109900873357216112e-08,-7.609084798745576016e-06,1.573130835734897794e-03,-6.799207775984211777e-02,2.141211525536612204e+00
9.411047741559399356e+02,-1.423835608622502178e-10,5.378427151282592434e-08,-3.381337542531281669e-06,-2.207390130018892129e-04,4.910287358876062880e-02,3.467482939926355812e+00
9.412801014660000192e+02,-9.707264246718624036e-11,5.492279814322386468e-08,-7.625885000491605981e-06,-3.875642617572191626e-04,1.854733028217270263e-01,2.209175022752333017e+00
9.414554121007400909e+02,7.748198714140093276e-12,-4.376353249763522185e-08,2.258107819712628763e-05,-3.974906467445255519e-03,3.171879888255594859e-01,1.547813081496889065e-01
9.416307060601599233e+02,2.375263941221637507e-10,-1.728100098796036171e-07,4.734185512729257726e-05,-6.013744295102066602e-03,3.908903539799420956e-01,-8.451893049537974045e-01
9.418059833442599711e+02,-3.608567120932042915e-11,1.934264718090169660e-08,-2.193788901011263781e-06,-4.329141505886284361e-04,1.514702665656516012e-01,3.504249748385452001e+00
9.419812439530400070e+02,7.110050591830774873e-10,-4.543556965283271704e-07,1.037048589587114314e-04,-1.013951134315816544e-02,4.644768884893589744e-01,5.547110964416140932e-01
9.421564878865001447e+02,5.269355967809913728e-10,-3.510180481440176660e-07,8.360125225701409320e-05,-8.604517056294813324e-03,4.346340338827086036e-01,-1.084058223944349558e-01
9.423317151446399293e+02,3.707009335764203566e-10,-2.326798945985261354e-07,5.086782038149805153e-05,-4.567183845080521019e-03,2.242243620910133739e-01,-3.229850366849297272e-01
9.425069257274600432e+02,-3.575539913724938593e-10,2.272139147845072958e-07,-5.145656351484405056e-05,5.113627342264850072e-03,-1.426957430033548579e-01,2.691351048888327213e+00
9.426821196349601450e+02,-6.675467389867436513e-10,4.078063320194896249e-07,-8.600421506930634318e-05,7.240450789255678879e-03,-1.172896582747785660e-01,2.037313450098537704e+00
9.428572968671398939e+02,-2.140825698725221839e-10,1.200776819991575293e-07,-2.176078709003884796e-05,1.157117230193594479e-03,1.073632357777999924e-01,3.566253386600946929e+00
9.430324574239999720e+02,-2.725310958924432049e-10,1.739326423886842271e-07,-3.931448057120946467e-05,3.582908425611367863e-03,-6.631988748374873475e-03,1.758540845109113349e+00
9.432076013055400381e+02,-5.370263676229176489e-10,3.181377804397893090e-07,-6.491977595316786927e-05,5.203649421089991296e-03,-2.391484426399727997e-02,5.527938098686600021e+00
9.433827285117599786e+02,-2.482738217983835229e-10,1.650107357330762705e-07,-3.863177597368990239e-05,3.587126131587573246e-03,-3.574876846980033079e-02,3.254896161353821427e+00
9.435578390426600208e+02,-3.703605914163005504e-10,2.023376574784452846e-07,-3.637575386456485182e-05,2.391288478512225164e-03,4.415066910153706697e-02,1.977495479914362697e+00
9.437329328982400511e+02,-1.923676896623542587e-10,1.474386362308124852e-07,-4.053429717009459802e-05,4.544806981562995139e-03,-9.154071387016342320e-02,1.441194407925175058e+00
9.439080100784999559e+02,-1.549262828164041173e-10,9.749373678712071333e-08,-2.130726103103314090e-05,1.779575425706818575e-03,2.175341183302327563e-02,8.113726842092198188e-01
9.440830705834399623e+02,-2.059809624846762649e-10,1.171923357294481568e-07,-1.982051608075141659e-05,6.030527587611555487e-04,1.493416041168501573e-01,-3.762958811249394325e-02
9.442581144130600705e+02,1.344283587132632019e-10,-8.514871271563884515e-08,1.916113278167194407e-05,-1.991067602422894132e-03,1.820909770063387501e-01,1.789961779443790757e+00
9.444331415673599395e+02,4.056114016984931099e-11,-4.424048923098325574e-08,1.707858748617482165e-05,-2.941116303951489108e-03,3.003143489395654342e-01,-2.315893572848453930e-01
9.446081520463400238e+02,2.996018658496281896e-10,-1.896174072810252996e-07,4.156800785256979658e-05,-3.683835891528592591e-03,1.854670485975465355e-01,6.436155378577155250e-01
9.447831458500000963e+02,-2.801446076258318799e-10,1.458390832663598829e-07,-2.393307095128615293e-05,1.439643299405614883e-03,1.970599174444007465e-02,3.049003816472096062e+00
9.449581229783401568e+02,-3.920179156920799679e-10,2.292512121881604223e-07,-4.603353076908409759e-05,3.571245763737729111e-03,3.856062879763108575e-02,3.089881954386727969e+00
9.451330834313599780e+02,5.715763671741996699e-11,-1.135617176670558768e-08,-4.580762491574182282e-06,1.139088425110714982e-03,3.007995160727914077e-02,3.131641798787592634e+00
9.453080272090600147e+02,-1.872682885544437426e-10,1.281902931098883528e-07,-3.027055137360105291e-05,2.585841207817270084e-03,3.956678079723566221e-02,4.649915565829620956e-01
9.454829543114401531e+02,-1.357354904064138509e-10,7.100363807091700184e-08,-9.393361681964693390e-06,-4.668111425863853258e-04,2.213412740829806546e-01,-8.069529077639544731e-03
9.456578647384999385e+02,-9.766739216046988910e-11,5.805099024635166285e-08,-1.061812175007988235e-05,2.509687084475105759e-04,1.431729302658521497e-01,-1.635259272789644225e-01
9.458327584902400531e+02,3.913986146512930646e-10,-2.313100774500027830e-07,4.547479817898033341e-05,-3.179068051630584962e-03,9.792210063184086932e-02,4.364926193591161518e-01
9.460076355666600421e+02,-2.689473178000090298e-10,1.367403350867492397e-07,-2.134868712727782918e-05,1.138040686833989741e-03,3.004132987677470695e-02,3.252018829278026324e+00
9.461824959677599054e+02,-1.998651153594703616e-11,-2.090245543515478932e-08,1.599100157363944928e-05,-3.195692671524899033e-03,2.825810045308863594e-01,5.448603061485801646e-01
9.463573396935399842e+02,-1.165176777219626427e-10,5.851691154899076810e-08,-8.860535337115347130e-06,2.411039617424198323e-04,1.444392840020471969e-01,-1.510206436306222588e-01
9.465321667440000510e+02,2.202748301946152437e-10,-1.296602348389522127e-07,2.545247569820803762e-05,-1.986657946953387412e-03,1.475589182120578269e-01,1.586618455339565470e+00
9.467069771191398786e+02,-1.263552273002274858e-10,9.109295345548292339e-08,-2.299391137904500463e-05,2.077539956802930063e-03,6.676390316864176666e-02,5.806793177519917748e-01
9.468817708189600353e+02,-1.917996802426536093e-10,1.177741319469751109e-07,-2.347398874146988706e-05,1.275699512034169985e-03,1.309169980653130116e-01,1.859460388779383466e+00
9.470565478434600664e+02,-8.000596922994157596e-11,5.309833487359685074e-08,-1.188786501884022797e-05,9.112919033450301264e-04,5.318685560505199278e-02,5.433386726862731164e-01
9.472313081926398581e+02,3.660608037003339442e-11,-4.372325931917329760e-08,1.626794855331563833e-05,-2.361001065696165246e-03,1.820669949850920455e-01,3.551667257241108433e-01
9.474060518664999790e+02,-2.498842690078627359e-10,1.217460121485504952e-07,-1.618414048123325717e-05,2.032747941213917248e-04,1.134999401452688184e-01,4.437885940045247501e-01
9.475807788650400880e+02,-3.669913660457670931e-10,2.187094090429205668e-07,-4.439648657155918039e-05,3.480338021310284188e-03,-1.131550607281167110e-02,3.274342606593649840e+00
9.477554891882600714e+02,-8.601691464951774555e-11,4.463925697926020581e-08,-8.352371650002831773e-06,9.126681943888151002e-04,-1.780504769884605487e-02,1.548500421919138281e+00
9.479301828361599291e+02,-4.964844821184948797e-10,2.996263840287687882e-07,-6.098490049662177260e-05,4.540522399908789204e-03,1.315722087885142118e-02,3.462309965733570749e+00
9.481048598087400023e+02,3.314163508009979720e-10,-2.412626940791218865e-07,6.317050553303490100e-05,-7.091796016167469310e-03,3.957152827498048309e-01,-2.074986610711407886e-01
9.482795201060000636e+02,2.562929144933604669e-10,-1.525931802480317476e-07,3.326303511400460951e-05,-3.358044423524822551e-03,2.094805237599754733e-01,-3.057846204088929820e-01
9.484541637279399993e+02,1.791432992269419246e-10,-1.139719341983697911e-07,2.687018410432039336e-05,-2.923617188346665403e-03,1.930374724789353791e-01,1.328880092842120719e-01
9.486287906745600367e+02,2.297851860425509094e-10,-1.253696900921732029e-07,2.162873456622176714e-05,-1.191578215794777658e-03,6.936776333530937644e-02,2.764212626998141076e+00
9.488034009458600622e+02,-1.027536016917863183e-10,6.356446219706316245e-08,-1.519179964057133763e-05,1.794374222353397035e-03,-2.448301025241946677e-02,3.608390440643296504e+00
9.489779945418399620e+02,-2.594126601899279031e-10,1.542483927997918404e-07,-3.161840318617549408e-05,2.746642448163067515e-03,-5.430259124816560340e-02,4.170606173101796266e+00
9.491525714624999637e+02,-3.825143911552104778e-10,2.036854211898062719e-07,-3.361758501234972049e-05,1.476384052609502331e-03,1.401373579438853489e-01,2.127490004985344463e+00
9.493271317078400671e+02,-3.716906024464555974e-10,2.170109680672377929e-07,-4.146640920809415310e-05,2.577287191682194143e-03,9.124770392598978430e-02,2.672947022554593932e+00
9.495016752778599312e+02,-1.920023281111796424e-11,2.836912821904805901e-08,-1.262639393756675172e-05,2.149037434061552235e-03,-1.953807406198016308e-02,3.434152410559187629e+00
9.496762021725600107e+02,-2.138626880597499434e-10,1.018779493075757232e-07,-1.280284165273567898e-05,1.200608212300968236e-04,8.661404477809848956e-02,2.085189998492963603e+00
9.498507123919400783e+02,3.205107527065144334e-11,-2.399109129202010645e-08,9.180107980068044840e-06,-1.937716851514765300e-03,2.454753676033398224e-01,1.700539503166008215e+00
9.500252059359999066e+02,2.997297543542730023e-12,-1.476078716637453631e-08,9.545992479562105559e-06,-2.180388088763821498e-03,2.658875287996143588e-01,9.282419323646668996e-01
9.501996828047399504e+02,6.527972248602043871e-11,-5.366047138360130992e-08,1.432452081763064594e-05,-1.444194213008276155e-03,1.278309204485757744e-01,1.184358475973422142e-01
9.503741429981600959e+02,2.154896899732169443e-11,-2.127187661759763940e-08,5.427217098442124388e-06,-4.098621312337921577e-04,9.469755969110013605e-02,2.224758192129433709e+00
9.505485865162601158e+02,1.117822832340864979e-10,-7.056523798935370906e-08,1.420910331900735893e-05,-1.119853790673031903e-03,1.640908528624341056e-01,2.982542102972740139e+00
9.507230133590400101e+02,-1.176021858541731971e-10,4.336571785432855961e-08,1.051649233010908084e-06,-1.822221813989860929e-03,2.532435265951748504e-01,-5.382751172517653560e-01
9.508974235265000061e+02,-3.552338011112211423e-10,2.122479265011247610e-07,-4.189671518647079584e-05,2.803437050178718588e-03,7.042564699792690230e-02,2.129429626076631832e-01
9.510718170186401039e+02,-2.252000154560313641e-10,1.320091479731736016e-07,-2.468320612676656550e-05,1.297874814915515136e-03,1.166245024853525408e-01,8.076695547490561622e-02
9.512461938354599624e+02,1.402576762983423770e-10,-8.782518840302828286e-08,2.025311286281981563e-05,-2.366896641615820647e-03,2.292622125031610059e-01,7.552426151165819723e-01
9.514205539769600364e+02,1.397551680085730483e-10,-8.413143089185050490e-08,1.676086176546193028e-05,-1.285683433927961843e-03,1.100282687067243997e-01,4.187348620627602269e-01
9.515948974431400984e+02,8.041823317042448654e-11,-5.793197859742895259e-08,1.666267899210562391e-05,-2.443266497336038165e-03,2.264505777452092972e-01,8.839229403254572626e-01
9.517692242339999211e+02,3.057851553551555402e-11,-3.746960324934904271e-08,1.605145400831530335e-05,-2.805006687315821957e-03,2.512462878985554093e-01,9.244302331977447551e-01
9.519435343495399593e+02,1.013258253289756759e-10,-6.782742777205937732e-08,1.694034887659965792e-05,-1.935815950354826970e-03,1.390210793315688753e-01,1.838470799657146548e+00
9.521178277897600992e+02,-1.373597239450030101e-10,7.148016542893993805e-08,-1.102129072587019503e-05,4.521591865003541603e-04,5.330823320761761408e-02,2.832235002757435893e+00
9.522921045546598862e+02,4.918717129815230375e-10,-3.184369495166333812e-07,7.401893719860831960e-05,-7.531051673259609065e-03,3.952511734886416939e-01,3.761210149263865543e-01
9.524663646442400022e+02,2.103989611632081953e-10,-1.502371998214100198e-07,3.928016948853912618e-05,-4.424862725515760209e-03,2.505405152171629735e-01,1.786826512515710952e-01
9.526406080585001064e+02,2.357347804188616340e-10,-1.783706693062106888e-07,5.077817633362042188e-05,-6.478244644032767410e-03,4.006487630298213309e-01,-1.222984291891536096e-01
9.528148347974398575e+02,-1.982492669546612069e-10,1.190366978186907568e-07,-2.395761275316136312e-05,1.584321789630745419e-03,1.067878225035933104e-01,7.783312444379628658e-01
9.529890448610599378e+02,9.855788159157759066e-12,2.863981184810955806e-09,-3.667391453176936338e-06,6.063648017929282449e-04,5.638995910284613083e-02,1.383631087049220554e+00
9.531632382493600062e+02,4.414122708032604193e-11,-8.199358892090151324e-08,3.468490493698023804e-05,-5.321817328197722859e-03,3.647204858140619121e-01,3.744590943033779956e-02
9.533374149623401763e+02,-1.422124949247172246e-10,6.239269443102337921e-08,-4.977001365916676558e-06,-9.425064422021127821e-04,2.086372439872936635e-01,2.534745276115875967e+00
9.535115749999999935e+02,1.148436723225872568e-10,-9.081443271947006383e-08,2.697204528818820672e-05,-3.541401922391474409e-03,2.457625652115505710e-01,2.248041604800821158e+00
9.536857183623400260e+02,-1.828712962344440878e-10,1.141224544652744438e-07,-2.471059264625120541e-05,2.131797171776540420e-03,1.027393866697007795e-02,3.442625813403923374e+00
9.538598450493601604e+02,5.191125026708116444e-11,-3.568223357276183894e-08,9.667319686816130020e-06,-1.319771035941776863e-03,1.842360659579161675e-01,-7.358639835935176787e-02
9.540339550610599417e+02,3.548860467747552048e-10,-2.232006148203838257e-07,5.080000991455236881e-05,-5.289245294839027035e-03,3.468324030901329680e-01,7.690545643238688722e-01
9.542080483974400522e+02,1.851250211641651075e-10,-1.162573008622978803e-07,2.793165882455670847e-05,-3.231329197453766677e-03,2.696687382205444905e-01,1.735259330729977956e+00
9.543821250585001508e+02,3.011524417144881065e-11,-3.186629783810738487e-08,1.302981272738245005e-05,-2.539987198514158297e-03,2.737865600320465997e-01,-1.134295468349073799e+00
9.545561850442398963e+02,2.601084933233261055e-10,-1.538038387239492265e-07,3.154419514238929618e-05,-2.759783151285292047e-03,1.862014620391172215e-01,1.799888314044792770e+00
9.547302283546599710e+02,1.772609986699606535e-10,-1.437582823798015530e-07,4.352150654881087777e-05,-5.787176968625987357e-03,3.691954854410050002e-01,3.046233935535919701e-01
9.549042549897600338e+02,1.765135483361974780e-10,-1.250546226093540819e-07,3.311572499946134173e-05,-3.999739391968600358e-03,2.545029310729500782e-01,2.822856536895097079e+00
9.550782649495399710e+02,7.175143687105548674e-11,-4.707049227666450077e-08,1.157995528442958047e-05,-1.277112269608646775e-03,1.014033510946180244e-01,2.581082054515665636e+00
9.552522582340000099e+02,1.726182303381045372e-10,-1.390736187492518435e-07,3.963520235222860367e-05,-4.914931648688074597e-03,3.463304018524639982e-01,-6.384715877635284142e-01
9.554262348431400369e+02,-6.243594627223919404e-11,2.568941428445836551e-08,2.513629289893929302e-08,-1.224736837811225484e-03,2.189750678377795079e-01,2.389250393474757317e+00
9.556001947769599383e+02,2.449532345199086679e-10,-1.360862149518351432e-07,2.494249302247584442e-05,-1.530571818595479481e-03,7.106482304850432474e-02,3.398412987234129545e+00
9.557741380354599414e+02,-1.612101815870631341e-10,9.996115448576031290e-08,-1.968534020327241898e-05,9.724319734237796796e-04,1.231428244046740006e-01,3.967389855007124599e-01
9.559480646186400463e+02,3.496650602329621435e-10,-2.398661329624255569e-07,6.136185815100625343e-05,-7.227516789709079181e-03,4.257428414781671000e-01,-5.453142518702331909e-01
9.561219745265001393e+02,-1.211802093362776665e-11,-2.892008565323368251e-08,1.830950947181893341e-05,-3.419003839590822966e-03,3.178846717524516086e-01,-8.067845039968803977e-01
9.562958677590399930e+02,1.238990639556480321e-10,-9.721527863381172896e-08,2.929455969486321082e-05,-4.225509450846474425e-03,3.307802436499476251e-01,-7.422306444053987651e-01
9.564697443162600621e+02,1.137835692270560301e-10,-7.505288872216211386e-08,1.971590009936917764e-05,-2.670587579938242702e-03,2.342780805956612977e-01,7.802577913884157779e-01
9.566436041981601193e+02,-1.315898246632698982e-10,7.641888952674570101e-08,-1.492942806674144744e-05,9.809415956976872894e-04,9.103890288952289078e-02,2.256130571518610850e+00
9.568174474047399372e+02,3.519989892597777554e-10,-2.518681064424432163e-07,6.496929088779480270e-05,-7.224288486838089524e-03,4.004929349116269077e-01,3.065059320675352916e-01
9.569912739359999705e+02,2.342688352120628868e-10,-1.873154711767591478e-07,5.461656440717471749e-05,-6.942878590981647717e-03,4.132490247935050598e-01,2.663885489947416252e-01
9.571650837919401056e+02,4.647603233399811242e-10,-2.812827550928583984e-07,5.902535007673496672e-05,-5.075249463279774345e-03,2.285291207509238531e-01,1.128012487491662830e+00
9.573388769725598877e+02,2.156175787616744078e-10,-1.894529684966420577e-07,5.784089432939565047e-05,-7.332168485398082858e-03,4.451982856705208325e-01,-1.072128249105001041e+00
9.575126534778599989e+02,2.120618046689582385e-11,-5.798939667819600516e-08,2.787205001433852653e-05,-4.886957084858377202e-03,3.885104334199762088e-01,-1.679868291535798530e+00
9.576864133078400982e+02,-1.201560808167803809e-10,5.456280514828882491e-08,-4.733741710055161318e-06,-7.030424043269734545e-04,1.629901527598805744e-01,1.962276654729758096e+00
9.578601564624999583e+02,-1.937315366010389400e-10,8.166144510783533310e-08,-6.413488098248015807e-06,-6.924193400998018355e-04,1.251523849788493403e-01,1.927646329607775044e+00
9.580338829418400337e+02,2.411562876379736518e-10,-1.733282859656475007e-07,4.620898334180370434e-05,-5.621203729601097383e-03,3.495779739315616474e-01,5.154000176544041301e-01
9.582075927458600972e+02,2.965089607702654290e-10,-2.000457911002505841e-07,4.942798799822322532e-05,-5.493341445167429504e-03,3.116310961345378217e-01,1.976803343831455395e+00
9.583812858745599215e+02,2.641252616230432112e-10,-1.807138829137796281e-07,4.685957439932450448e-05,-5.767821988734944845e-03,3.830072101865733547e-01,-1.265763857486102539e+00
9.585549623279399611e+02,-1.037948579147581177e-10,3.587642689049285112e-08,-5.843530989971891013e-07,-6.717493759467863109e-04,1.418467205218250926e-01,2.762385896455605394e+00
9.587286221060001026e+02,-2.509184786436670893e-10,1.634409814019153317e-07,-3.735614418761071666e-05,3.372081378530779501e-03,-3.372041855085237266e-02,1.355693301433260611e+00
9.589022652087401184e+02,1.555717401890236253e-10,-8.392781673982249465e-08,1.443628087187888469e-05,-9.124662257087071647e-04,1.398916449125346129e-01,9.758683279123264720e-01
9.590758916361600086e+02,1.171389304607874080e-10,-4.261346040128265306e-08,-6.401405565344111573e-07,1.238823735970001096e-03,1.790780870779041037e-02,3.823648571839654231e+00
9.592495013882600006e+02,5.185288318224802320e-10,-3.493374542148672241e-07,8.493365611689906037e-05,-8.929368913704261584e-03,4.531537614113435031e-01,3.824246132823811983e-01
9.594230944650400943e+02,-7.226227725344009449e-11,3.164801716652969700e-08,-1.549004700871431324e-06,-7.190518699717135488e-04,1.286717294266749856e-01,1.114258614528778057e+00
9.595966708664999487e+02,2.185908016661118051e-10,-1.729583207643078207e-07,5.069311043280246015e-05,-6.596244591394721628e-03,4.089212689642788834e-01,1.916519772266977572e-03
9.597702305926400186e+02,2.295750970238885146e-10,-1.124288463075191539e-07,1.505786754512906471e-05,-3.177671788574770555e-04,9.129423590992664928e-02,1.429156719956108823e+00
9.599437736434600765e+02,1.746830446220495763e-10,-1.210276137193236615e-07,3.186705113575107479e-05,-3.912618713223525897e-03,2.984351147409959326e-01,-3.610082240960889310e-02
9.601173000189598952e+02,2.391914578508877489e-10,-1.524464377029138757e-07,3.548852234520748244e-05,-3.724591959527341449e-03,2.182583088730008503e-01,3.730276922566095887e-01
9.602908097191400429e+02,1.128586916983798660e-10,-8.305673912363894428e-08,2.057355514504926520e-05,-1.944796985589426633e-03,1.294026410011984152e-01,5.017639611130823241e+00
9.604643027440000651e+02,2.128821932991867154e-10,-1.574847308554116751e-07,4.379225902325882541e-05,-5.686609174079256673e-03,3.835019739011284456e-01,-7.191863459664492586e-01
9.606377790935399617e+02,1.785155144967049001e-10,-1.312101569661545838e-07,3.656975817173137831e-05,-4.814752319765347281e-03,3.386562786255390978e-01,-5.595569252656396736e-02
9.608112387677599600e+02,-1.639766279430017279e-10,1.051236010187418785e-07,-2.228417480394693392e-05,1.414985123299162010e-03,1.022745316857473219e-01,2.299662645646252668e-01
9.609846817666600600e+02,-3.330920765474243875e-11,3.120353234491751612e-08,-1.042198789258483817e-05,1.474974159069711386e-03,-3.969673809492895583e-02,1.534723240955927936e+00
9.611581080902399208e+02,-1.582410079474293130e-10,7.925168735390826226e-08,-1.097018750873130667e-05,5.020537708917366615e-05,1.199175948203035774e-01,2.835135257170660505e+00
9.613315177384999970e+02,5.728555464162424806e-11,-1.067974541098927997e-08,-6.692103716370642331e-06,1.972526975916617971e-03,-8.606071403027194811e-02,2.271477178456761781e+00
9.615049107114400613e+02,-1.377315915491477019e-10,8.905611830640296343e-08,-1.895406663482239722e-05,1.171614758716919445e-03,1.030625484042889811e-01,4.682803313180623483e-01
9.616782870090601136e+02,9.345691282491361484e-12,1.643254634777018821e-08,-1.054226373656733124e-05,1.689245278241834980e-03,1.104896998351027025e-02,3.171233833276603686e+00
9.618516466313599267e+02,4.383339372203342043e-10,-2.678210359851798067e-07,5.777788032525307571e-05,-5.320805933775181809e-03,2.717621730798890911e-01,2.566440437253869167e+00
9.620249895783400689e+02,3.166623818039675138e-10,-2.099612027749794822e-07,5.183082063070945346e-05,-5.896454996903448438e-03,3.496198996701754824e-01,5.752485500345663194e-01
9.621983158500000854e+02,1.207017286495513790e-10,-8.888078594760248055e-08,2.567726222827559782e-05,-3.727411043986152746e-03,3.200755763430431777e-01,1.169568775025716656e+00
9.623716254463399764e+02,4.555993014098785007e-11,-3.467476436956968837e-08,1.081139746758600679e-05,-1.783390230703737946e-03,1.961696004055144271e-01,4.432220335287428981e+00
9.625449183673599691e+02,3.861969278733287716e-10,-2.559416297105299687e-07,6.177315749527592832e-05,-6.548787887933242048e-03,3.255796894296686395e-01,3.350536272039680963e+00
9.627181946130600636e+02,4.205121903226166348e-10,-2.806968439977796673e-07,6.680967606667378446e-05,-6.844680231848031780e-03,3.529859056708039566e-01,1.783390396220860818e+00
9.628914541834399188e+02,-1.575727764956638435e-10,7.065574913759152597e-08,-4.558033243827767835e-06,-1.385456957564699379e-03,2.504811889929591251e-01,1.603958712198061853e+00
9.630646970784999894e+02,7.694678274932248959e-11,-7.554953558552660483e-08,2.714676958216883214e-05,-4.187686030788585582e-03,3.134348253562835862e-01,7.223250422574453156e-01
9.632379232982400481e+02,4.089407207368199589e-10,-2.301636171820319952e-07,4.123836632333658091e-05,-2.376438710987993554e-03,8.696025321386482987e-02,3.024667739178064085e+00
9.634111328426599812e+02,5.835074140023408208e-10,-3.373524824475267247e-07,6.575832138010738459e-05,-5.027349668807864526e-03,2.279483054064832259e-01,3.116357274232898433e+00
9.635843257117600160e+02,1.655421181332500070e-10,-8.794545271860003759e-08,1.545096466098566353e-05,-9.266774713067253005e-04,3.981952264951260645e-02,1.263218567917502755e+00
9.637575019055400389e+02,5.286769995159125575e-10,-3.229432501085310088e-07,6.780066923591169105e-05,-5.804419159018185670e-03,2.779714988939934739e-01,2.944187000552926481e+00
9.639306614239999362e+02,-1.218983656147371278e-10,7.906887696974159620e-08,-2.012206578330413912e-05,2.545771111508878144e-03,-8.085120505803451707e-02,2.313260005379129680e+00
9.641038042671399353e+02,1.015359825713305597e-11,8.368943317640268940e-09,-6.893433905402934841e-06,1.527626073395490884e-03,-5.240758641555903763e-02,2.055111881402682972e+00
9.642769304349600361e+02,2.001630678306075991e-10,-1.230022503713843871e-07,2.701999937924600467e-05,-2.524927853112199101e-03,1.324352994928281180e-01,2.772907045560725425e+00
9.644500399274598976e+02,1.849346822238187140e-10,-1.406559079157394085e-07,4.000696969681242674e-05,-5.277067495956282855e-03,3.648562216480417120e-01,-9.469572699573832741e-01
9.646231327446399746e+02,-1.111120751084362217e-11,2.622176212778613010e-09,1.408497387564999871e-06,-6.428432097874924294e-04,1.328846764700878369e-01,2.216453672634418393e+00
9.647962088865000396e+02,2.424664989132750426e-10,-1.331453177060972302e-07,2.407411430433013431e-05,-1.698663845140539579e-03,1.248034425536126979e-01,4.036801964899531248e-01
9.649692683530400927e+02,6.133627844055260127e-10,-3.654693767206731703e-07,7.379200245157918310e-05,-5.798660384826552321e-03,2.357927423989951421e-01,8.624248267196333861e-01
9.651423111442599065e+02,4.305169198297208473e-10,-2.913912068742409140e-07,7.327009413243357281e-05,-8.414777708796426087e-03,4.708223901843935355e-01,-7.369484359336112567e-01
9.653153372601600495e+02,2.380526411468081063e-10,-1.733396052255378868e-07,4.731442770009527829e-05,-6.005717045973964045e-03,3.903655715530546244e-01,-4.246487769036144111e-01
9.654883467007400668e+02,4.036729208144660639e-11,-1.985332400289246850e-08,4.182198398087622031e-06,-7.820349549266344307e-04,1.533110251209243158e-01,3.809266626789122867e+00
9.656613394659999585e+02,-2.131473912051338982e-10,1.442074137489437839e-07,-3.412065902135355284e-05,3.026967490634407433e-03,1.905816083608121922e-02,4.124597786052513482e-01
9.658343155559400657e+02,-2.949517672090683413e-10,1.500679350569739970e-07,-2.276390054036571295e-05,8.054798089643820311e-04,1.105167969553802199e-01,2.012748205046993810e+00
9.660072749705600472e+02,-8.673412849853620945e-11,6.423752734953659020e-08,-1.689931805306757489e-05,1.713437928853945745e-03,1.647826281125979245e-02,3.120371221564062658e+00
9.661802177098599032e+02,1.139532145360039238e-10,-7.932378913904463227e-08,1.975159921986188540e-05,-2.115353206183610488e-03,1.332279172185040494e-01,2.273177566697293983e+00
9.663531437738399745e+02,-1.185604226903436395e-10,9.446452245139302176e-08,-2.925197400143280299e-05,4.170521038375638555e-03,-1.580125335248321328e-01,2.773044568711000579e+00
9.665260531625000340e+02,2.631750447908878286e-10,-1.576420398503380025e-07,3.239553029625606218e-05,-2.969088080427764644e-03,2.513749620921763572e-01,2.008825598216677832e+00
9.666989458758398541e+02,-4.151929500097574223e-10,2.364433717755167553e-07,-4.340770844484938772e-05,2.598633593583851275e-03,7.849114022181982731e-02,6.851537573235652046e-01
9.668718219138600034e+02,-3.903544238005458900e-11,2.154894987445717438e-08,-2.402598495189008441e-06,-5.313156090385941655e-04,1.642679269745255244e-01,3.249384038061221558e-01
9.670446812765600271e+02,1.313434425447312027e-10,-1.192193178968737312e-07,3.875581772363640044e-05,-5.424792584024303206e-03,3.612048052891784211e-01,3.159192738482612950e-01
9.672175239639399251e+02,-2.752177981932016185e-10,1.434339588849420315e-07,-2.169532221831787914e-05,4.213886322343936611e-04,1.612289263034347164e-01,4.506659630031576991e-01
9.673903499759999249e+02,-4.891590522587278682e-11,1.163227603718866044e-08,4.175310004127873115e-06,-1.381912164035491251e-03,1.934616790376291473e-01,1.591348423628734743e+00
9.675631593127400265e+02,3.339619012867365580e-10,-1.979811899567603234e-07,4.153700166390712946e-05,-3.953820777149803095e-03,2.705199064209781734e-01,2.526872180859837336e+00
9.677359519741601162e+02,3.539942825178268124e-10,-2.273237456429134713e-07,5.179803823042329733e-05,-5.136789205665326895e-03,2.882301009492257982e-01,2.013427533808259895e+00
9.679087279602599665e+02,2.987739337557213146e-10,-1.912707011816333181e-07,4.250311169974715155e-05,-3.892297118981207123e-03,2.054225189399855878e-01,1.011701865652698956e-01
9.680814872710400323e+02,-3.026451072813959708e-10,1.781970194405681537e-07,-3.541447352842196219e-05,2.645970949289345574e-03,1.620413757781301659e-02,3.165690903567723868e+00
9.682542299065000861e+02,2.500825352961740349e-10,-1.844332642434126779e-07,5.064098609995495661e-05,-6.354022949740567409e-03,3.980147858073496692e-01,-5.378615314761460153e-01
9.684269558666399007e+02,-9.034741488316303008e-11,6.632097756863886476e-08,-1.483778725967408925e-05,8.334400434206532112e-04,1.131599851482549546e-01,3.976191680428344810e-01
9.685996651514600444e+02,1.235756723063121765e-12,-3.472823423884958656e-08,2.016135125146214295e-05,-3.671518583238335583e-03,2.921241554931263695e-01,1.064247963122989526e+00
9.687723577609600625e+02,1.790166659036705207e-10,-1.423534894864986189e-07,4.291224257213387990e-05,-5.865382885418570641e-03,3.998133769374766500e-01,-1.316174967772452797e+00
9.689450336951399549e+02,-1.563028639012330239e-10,1.182741257416484772e-07,-3.196772182087449598e-05,3.583663284024547323e-03,-8.754150810159866403e-02,2.185485634278412359e+00
9.691176929539999492e+02,-3.977297458185566674e-10,2.120559596841520452e-07,-3.440558351580038954e-05,1.333903373234826724e-03,1.478326566833716993e-01,2.835019431537021628e+00
9.692903355375400452e+02,-7.969722055024544633e-11,4.878396597854070255e-08,-9.232948770914703077e-06,2.151029586089604415e-04,1.344733865823958263e-01,5.501727365450269636e-01
9.694629614457599018e+02,1.581303414467399674e-10,-8.723211695169752012e-08,1.762044874013060579e-05,-1.856514247222713953e-03,1.783296510668517521e-01,1.021906770088525596e+00
9.696355706786599740e+02,-5.398676565684869166e-11,2.615450810468362101e-08,-4.325194936021942341e-06,3.204728214765008407e-04,6.400840589346949716e-02,1.784710657782896615e+00
9.698081632362400342e+02,-1.842135364357481504e-10,9.325693596642982642e-08,-1.393287889670790242e-05,4.247169105541088964e-04,8.937780453784960333e-02,7.541606857443140521e-01
9.699807391184998551e+02,3.679868187090920488e-10,-2.461396568982509934e-07,5.813428908910971593e-05,-5.809320365381257130e-03,3.314131151126948338e-01,5.731332756668187089e-01
9.701532983254400051e+02,5.104070447285093889e-11,-5.262692435974286104e-08,1.797213858883080386e-05,-2.389003068574926340e-03,1.951350684435107508e-01,2.842160432261426894e+00
9.703258408570600295e+02,4.200357090458208323e-11,-3.394925855297769535e-08,1.093930520602071086e-05,-1.757887830400793779e-03,2.209282012999927436e-01,-2.360126363211723644e-01
9.704983667133601557e+02,2.020261896386386372e-10,-1.573936070445940515e-07,4.518201122041734502e-05,-5.691862666478184930e-03,3.441505265306933348e-01,1.188876878750979360e+00
9.706708758943399289e+02,-2.169474660735430341e-10,9.789936060709819019e-08,-9.990807110492256457e-06,-4.951407072483311137e-04,1.416336208101726390e-01,2.604642701554449880e-01
9.708433684000000312e+02,4.215152368860376394e-10,-2.817076058770472886e-07,6.987197418744820832e-05,-7.962161506507669725e-03,4.575771498038265772e-01,-1.546628259380173676e+00
9.710158442303401216e+02,3.665606497939563654e-10,-2.337866618062045981e-07,5.322972616068925915e-05,-5.386528682874128574e-03,3.156581734496620717e-01,1.158188358245818339e+00
9.711883033853599727e+02,-3.262263064169982848e-10,1.678749674001402954e-07,-2.507334907153191547e-05,5.449963902200694304e-04,1.756832549835429802e-01,2.088844681711368167e+00
9.713607458650600393e+02,-1.436724138401762632e-10,9.146770122454663059e-08,-1.943535674822870196e-05,1.315878019746333618e-03,1.083028249560226003e-01,2.621532638853547037e-01
9.715331716694400939e+02,1.433210404992389151e-11,-4.111704673486221200e-08,2.024293162442285338e-05,-3.360895326660764439e-03,2.546527712773884455e-01,1.963274899886925384e+00
9.717055807984999092e+02,4.765881915094322617e-10,-2.952516200511702666e-07,6.391029260876816462e-05,-5.946661499375271824e-03,3.432624633853079699e-01,-1.037620378031013368e+00
9.718779732522400536e+02,3.998976201869816760e-10,-2.518265929887309430e-07,5.674521531363926598e-05,-5.523586157182039554e-03,2.626683485977570620e-01,4.711035739076281925e-01
9.720503490306600725e+02,4.941517450597996913e-10,-3.038189675491040255e-07,6.745131041617674660e-05,-6.703627657117397151e-03,3.734779374702421606e-01,-4.419492176946056006e-01
9.722227081337599657e+02,1.386204878082449348e-10,-8.932947258296282610e-08,2.132706184727722594e-05,-2.400495704893333259e-03,1.767051300571516881e-01,-6.392615965286310709e-02
9.723950505615399607e+02,5.382184328184342664e-10,-3.073304045691004429e-07,5.655219128626783471e-05,-3.340464579014256266e-03,7.062161880783165979e-02,1.186444349923290176e+00
9.725673763140000574e+02,1.236066633220276870e-10,-5.262135368471823565e-08,5.546767089941520669e-06,1.679947475312135404e-06,5.134043204182025394e-02,8.134346056952052040e-01
9.727396853911399148e+02,-2.502662982077972575e-10,1.482309514111947184e-07,-2.887428368661141480e-05,1.831920212314117362e-03,8.230559542352292035e-02,7.350701603836620190e-01
9.729119777929599877e+02,3.460455142771341383e-10,-2.309011807386703831e-07,5.652492451006911622e-05,-6.167365537711060747e-03,3.682310552044577578e-01,-1.913348199288991691e-01
9.730842535194600487e+02,3.721737031704028682e-10,-2.480661895847370885e-07,6.138114087956182826e-05,-6.856250390588954774e-03,3.742099308279659975e-01,1.249485012833579267e+00
9.732565125706400977e+02,2.557297445459032860e-10,-1.953798328676299754e-07,5.639819091880832116e-05,-7.357742042116972685e-03,4.657431250773221287e-01,-2.017576321649720672e+00
9.734287549464999074e+02,-7.059949742588654733e-11,1.984079322336034717e-08,2.919733047350421231e-06,-1.185100346058370023e-03,1.703628760045144963e-01,2.684516338657686241e+00
9.736009806470400463e+02,3.128459623409687012e-10,-2.020931988040504312e-07,4.887671080246320501e-05,-5.575172392862147094e-03,3.534314863438064447e-01,-8.134015057162830020e-01
9.737731896722600595e+02,-1.797481172440835940e-10,8.239984282373998384e-08,-6.789366500481912390e-06,-1.136805380866609365e-03,2.279380981912204895e-01,-6.012458770444008005e-01
9.739453820221599472e+02,2.129799893884813787e-10,-1.563996148877774293e-07,4.350072531630757802e-05,-5.521505577099215974e-03,3.670720421402692835e-01,-1.089972345091316797e+00
9.741175576967400502e+02,2.156794650348410994e-10,-1.148410470952309887e-07,2.043013212975887147e-05,-1.514571028986799218e-03,1.350821917173470055e-01,3.019346822510106776e+00
9.742897166960001414e+02,1.538010500626862543e-10,-1.327632835288726583e-07,4.184053612473994559e-05,-5.524370010033296044e-03,3.356493078469218738e-01,1.474247214408655360e+00
9.744618590199398795e+02,-1.072690416719788731e-11,2.028176979730355777e-09,4.054857536203019440e-06,-1.477833498378610961e-03,2.213149801940065831e-01,2.242798758554514826e+00
9.746339846685599468e+02,1.921814381580667110e-10,-1.398032148785356444e-07,3.902553620341472456e-05,-4.965346758076596978e-03,3.234290073936442744e-01,7.157098010762086293e-01
9.748060936418601159e+02,2.536891275826435848e-10,-1.848911524672987132e-07,5.012216586363885563e-05,-6.241033789669022877e-03,3.962194391434445961e-01,-9.574572545852141348e-01
9.749781859398399320e+02,4.696222404771712630e-10,-2.968390981740074740e-07,6.698686232849869948e-05,-6.639964043169178237e-03,3.733175770710723262e-01,9.762700271732792645e-01
9.751502615624999635e+02,-3.004438863016206241e-11,-1.234329402726806299e-08,1.306763745309981887e-05,-2.708321063447001204e-03,2.440132390842637000e-01,1.556324780357278614e+00
9.753223205098400967e+02,1.391291401150108400e-10,-1.016698206151931660e-07,2.920152379195640297e-05,-3.987627564606427248e-03,2.999805623864552628e-01,-1.000417366306954187e-01
9.754943627818598770e+02,1.463506879101139279e-10,-9.872268548295518312e-08,2.520536755352084611e-05,-2.929218059554631551e-03,1.970442162800928321e-01,5.443713072851658757e-02
9.756663883785599864e+02,3.106007040570369836e-10,-1.752185965991075872e-07,3.418496451386571086e-05,-2.799363861273558574e-03,1.667473026954851278e-01,7.932642119903924316e-01
9.758383972999400839e+02,4.095309825330909615e-10,-2.753437197112959375e-07,6.739751468180459992e-05,-7.281147039730853122e-03,4.060635157138771656e-01,1.391226442532884633e-01
9.760103895460001695e+02,-1.165865313645213083e-10,7.674073423112936415e-08,-1.663439248522944692e-05,9.847027603331808075e-04,1.153800173432016213e-01,-2.863638767590400702e-01
9.761823651167399021e+02,-3.800808580707459130e-11,4.255900563722417239e-08,-1.299397907806921629e-05,1.176840325148754453e-03,9.775400542412708560e-02,4.064006974280679474e-01
9.763543240121600775e+02,4.649154695479015971e-11,-1.183511186360482964e-08,-3.002741835379921692e-06,8.635769085816181589e-04,3.885960591227986122e-02,4.964326152633510292e-01
9.765262662322601273e+02,8.280565091197543258e-11,-3.680565262506226621e-08,5.143094661946559264e-06,-4.121310316867292920e-04,9.423223191820297162e-02,4.200570038071708805e-04
9.766981917770399377e+02,4.193792635498431330e-10,-2.618469255330655687e-07,5.919017207794101528e-05,-5.893175058240870089e-03,2.911000160981044305e-01,-1.698293324993529196e-01
9.768701006464999637e+02,5.621119451903828717e-10,-3.603433814750353916e-07,8.394363270465246996e-05,-8.684441287939605528e-03,4.592620103924786035e-01,-1.251766611683246211e+00
9.770419928406400913e+02,-2.959401382371852034e-11,-3.449066442695221103e-08,2.456383117142303099e-05,-4.544100365429183143e-03,3.428694512266104444e-01,6.290484700754152003e-01
9.772138683594599797e+02,5.396663696442514556e-10,-3.333516815674544371e-07,7.403084479552145486e-05,-7.330536905447991233e-03,4.020141400871320991e-01,-9.420803800144162965e-01
9.773857272029599699e+02,3.325552627235806271e-11,-1.728250283620360129e-08,4.919062440696091001e-06,-8.772483373552694393e-04,1.233291838919707700e-01,5.580521878959707749e-01
9.775575693711400618e+02,-3.605659848714870786e-10,1.993156386830257362e-07,-3.584076615004003945e-05,2.340485935597738393e-03,2.110466813994945137e-02,1.359621228811280336e+00
9.777293948639999144e+02,5.244971381769787822e-11,-4.503488637730372847e-08,1.262965415014677586e-05,-1.252583649189002724e-03,7.053171506565802940e-02,4.078653085387756505e+00
9.779012036815399824e+02,3.749741736986196302e-10,-2.595611699971438961e-07,6.668371752817995040e-05,-7.557332925052608237e-03,3.957570134221176650e-01,1.821789012039798150e+00
9.780729958237600385e+02,5.820029081810852473e-10,-3.372780169668008280e-07,6.597295922291942182e-05,-4.992234069836838477e-03,2.084223856143423703e-01,1.564073183595592775e+00
9.782447712906598554e+02,-3.384266557499911964e-10,1.906073560952889584e-07,-3.584328706924884043e-05,2.456315939862004343e-03,6.619260479745291137e-02,1.402717479620512409e+00
9.784165300822400013e+02,2.732284779987695784e-10,-1.645524402161373025e-07,3.479492227658881863e-05,-3.246694919400675006e-03,2.123962244224631146e-01,2.852518546741796168e+00
9.785882721985000217e+02,1.890155227689483094e-11,-4.268809180960732989e-08,2.046751947139082198e-05,-3.712026835984847534e-03,3.213647440576227754e-01,-6.087743912740886110e-01
9.787599976394401438e+02,1.886050711221034519e-10,-1.146129441323360377e-07,2.650137172681622149e-05,-3.189915735342506702e-03,2.732565949699525265e-01,1.595066223811611339e+00
9.789317064050599129e+02,-2.166250153695650695e-10,1.159657950952796046e-07,-1.811743388244847964e-05,2.676016211258075948e-04,1.810449554509507841e-01,1.916416356368277452e+00
9.791033984953600111e+02,2.192906672997745742e-10,-1.540037823267003005e-07,4.009131108517999497e-05,-4.805952043655450402e-03,3.089355680731011300e-01,8.982173418032959322e-01
9.792750739103400974e+02,8.012030094371803939e-11,-5.856337028376110483e-08,1.676971480992139944e-05,-2.207594687345504087e-03,1.788841396058183097e-01,-3.420872310734716232e-02
9.794467326499999444e+02,1.649227237056569165e-11,-2.909743947260270135e-08,1.184942551737262729e-05,-1.715429623118156768e-03,1.359376264513257049e-01,1.871969939757724299e+00
9.796183747143400069e+02,-6.234771644291371332e-11,1.020560170496894603e-08,6.352764565926290322e-06,-1.678684115576162305e-03,2.010593208033475132e-01,2.306401826206323502e+00
9.797900001033600574e+02,3.518073670767534007e-10,-1.974619310481255925e-07,3.518079447332668377e-05,-1.913532058311927676e-03,4.377462367238844215e-02,1.251484982924369938e+00
9.799616088170599824e+02,3.836047374311811677e-11,-1.722769490551239199e-08,9.029742363672614211e-07,4.384999649597825068e-04,-1.169137814995518769e-02,1.507946686114235879e+00
9.801332008554400090e+02,-4.352032918117639048e-10,2.420384010549654357e-07,-4.265992766329063871e-05,2.159491772917871560e-03,1.437333379616588247e-01,7.267607257105244134e-01
9.803047762185000238e+02,-1.858854104065099412e-10,9.423193473399956869e-08,-1.487096045530627168e-05,9.085626554197259990e-04,1.794148947057654098e-02,3.527478389388183810e+00
9.804763349062399129e+02,1.600853504005822036e-11,-2.301078641947369257e-08,9.363487249335149785e-06,-1.569968895957463964e-03,1.580528621946553636e-01,1.787706039242138722e-01
9.806478769186600175e+02,-1.909951912364338963e-10,8.823199657858101280e-08,-9.653437668104673401e-06,-3.221067472234873043e-04,1.264838375708778329e-01,5.696360263366072596e-01
9.808194022557601102e+02,2.754997017593250034e-10,-1.933312511903219338e-07,4.533044617109070919e-05,-3.790540495168410844e-03,1.335092618333673653e-01,3.670943413630288976e+00
9.809909109175398498e+02,-1.175831957517294481e-10,8.689173020461832619e-08,-2.303471387581139352e-05,2.458221463115457892e-03,-2.805119842307320435e-02,1.515857556905030767e+00
9.811624029039999186e+02,1.374350914351844111e-11,-2.113093408667818635e-08,8.748322251174017931e-06,-1.615156628751265215e-03,2.234235855837390095e-01,2.724067881983002870e+00
9.813338782151400892e+02,4.039225461587035402e-10,-2.728910078613607251e-07,6.933592873259626643e-05,-8.149865677225214336e-03,4.768324249160796890e-01,-1.728387425929314380e+00
9.815053368509601341e+02,7.153253499782176889e-11,-5.653758463332761943e-08,1.883537860533299269e-05,-3.090409509232949336e-03,2.878984870471019142e-01,2.121382641515285883e+00
9.816767788114599398e+02,4.095224679210851613e-10,-2.592686826727295561e-07,5.754569086644413663e-05,-5.364747179890897756e-03,2.608853458980409656e-01,3.884985990425484648e+00
9.818482040966400746e+02,-2.700267435161394386e-10,1.580650106017358481e-07,-2.899444417109260357e-05,1.649044451227837981e-03,8.075034248547716120e-02,5.125524462471894083e+00
9.820196127065000837e+02,5.172559089393248186e-10,-3.445314553025700810e-07,8.207148803874916442e-05,-8.464969505095358906e-03,4.323036632834406645e-01,-6.035068482819483382e-01
9.821910046410399673e+02,4.059074070936996655e-10,-2.727723607041250006e-07,6.502209895608429546e-05,-6.470847646237111624e-03,3.509336163283421905e-01,9.898531567237452977e-01
9.823623799002600663e+02,-1.395337794800026204e-10,6.070737606017235004e-08,-4.750994009958089652e-06,-6.189609955116971620e-04,1.179926913618481038e-01,1.929676126325484020e+00
9.825337384841600397e+02,5.940654488272406923e-10,-3.893765792095571039e-07,9.307244723016732096e-05,-9.905049517120722083e-03,4.967298140866295841e-01,-4.771187775307464962e-01
9.827050803927398874e+02,2.468079180621962777e-10,-1.514887909051285482e-07,3.463715998247582844e-05,-3.616419865749700285e-03,2.086005176223574287e-01,8.760374712304707101e-01
9.828764056259999506e+02,3.790387958104822266e-11,-3.493228959806413041e-08,1.112530994676971440e-05,-1.382562811210223284e-03,1.035108223326429572e-01,2.699290470091136651e+00
9.830477141839401156e+02,6.370929259984370581e-11,-2.916738387866105035e-08,4.029015040681290850e-06,-8.763613404431195848e-05,2.782318598709247054e-02,3.923300061213822243e+00
9.832190060665599276e+02,8.042504762884666807e-11,-6.060465798139716717e-08,1.639709286654955609e-05,-1.995236954737602837e-03,1.899070556261586162e-01,1.976778171334801382e+00
9.833902812738599550e+02,3.488680691160044776e-10,-2.089213953239951832e-07,4.055041118080967969e-05,-2.591354116471211288e-03,7.952142785133772818e-02,3.759996319214462090e+00
9.835615398058400842e+02,-1.387156525649695291e-11,3.757739458493133976e-08,-1.757177430110848872e-05,2.736848737841535758e-03,-5.890132989180037887e-02,1.723116448303251280e+00
9.837327816624998604e+02,-2.186638148132474423e-10,1.175403000293114779e-07,-1.876129775765357112e-05,7.362284864716925857e-04,8.672856045891423615e-02,6.095910728573428194e-01
9.839040068438399658e+02,5.051707198293187132e-11,-2.991593054988126140e-08,6.264885710028655952e-06,-3.830023944332931730e-04,2.998060011837459099e-02,1.281572235253781722e+00
9.840752153498600592e+02,3.792856639897882170e-10,-2.334281454666666753e-07,5.080995064314208759e-05,-4.657115083255664381e-03,2.054210015715426663e-01,2.061996770214561181e+00
9.842464071805601407e+02,2.095782404953340071e-10,-1.168613417393563153e-07,2.053094078289421622e-05,-1.130229618490523726e-03,6.082931683928181898e-02,3.507393036109603734e+00
9.844175823359399828e+02,2.547578192505305400e-10,-1.686061294159735254e-07,4.024122286826256471e-05,-4.186049772361664922e-03,2.185902909207092515e-01,1.532685293288744255e+00
9.845887408160000405e+02,2.273746759243373471e-10,-1.523765463434018569e-07,3.705934253527461153e-05,-3.805777182725897118e-03,1.913002716467948061e-01,1.824617128550111156e+00
9.847598826207400862e+02,-6.530174803227215207e-11,2.296739025787873249e-08,2.017906073941439524e-06,-1.187710307225116032e-03,1.520745921432499481e-01,3.013112447378649139e-01
9.849310077501598926e+02,1.854007726600155087e-10,-1.070318035977368855e-07,2.010601937988560552e-05,-1.254989065754440929e-03,4.108911705458970914e-02,1.274439690111540679e+00
9.851021162042600281e+02,1.004372436462869231e-10,-6.735671338151748651e-08,1.455666631270515121e-05,-8.003841175744226500e-04,2.698318184687528015e-02,1.394361958781007216e+00
9.852732079830400380e+02,-3.631064473525662694e-10,2.074316034460542105e-07,-3.685301169198606445e-05,1.771153307141345480e-03,1.479914323714150159e-01,1.115849284954069320e+00
9.854442830864999223e+02,-3.561500709227592717e-10,2.188745702794082252e-07,-4.597309192116398065e-05,3.896494573184572634e-03,-4.969017931206178018e-02,4.187738390989649062e+00
9.856153415146400221e+02,7.784018527655059271e-11,-5.610432388475172579e-08,1.508830785170050707e-05,-1.716900273947693676e-03,1.161053265285723335e-01,2.603253545140238323e+00
9.857863832674601099e+02,3.599886818791047270e-10,-2.528075260575471777e-07,6.631261241003850451e-05,-7.827029196819218146e-03,4.437972342878168663e-01,-4.024189831353173763e-01
9.859574083449599584e+02,5.001924970919754989e-10,-3.289475682327183415e-07,7.871536589889262703e-05,-8.208334029990238881e-03,4.238127313141835106e-01,-1.226830121528873774e-01
9.861284167471400224e+02,4.951926766866527514e-10,-3.145249993313630629e-07,7.238856438400465834e-05,-7.415821699989139960e-03,4.066265328337765883e-01,-8.484564085644764608e-01
9.862994084740000744e+02,3.075409450937964666e-10,-2.099029210174376571e-07,5.276795816190973671e-05,-6.055036279234389703e-03,3.595642698584369801e-01,2.154079537634897012e-01
9.864703835255398872e+02,1.890774924356213906e-10,-1.269663094175261071e-07,3.185045985903216226e-05,-3.745397829776899237e-03,2.898878632222944840e-01,-1.512186467256054490e-01
9.866413419017599153e+02,4.160704852461575569e-11,-2.796512364885761376e-08,7.389790470441252824e-06,-1.008230976685228070e-03,1.713814755316132310e-01,2.571481398254417350e+00
9.868122836026600453e+02,4.341965610160843550e-10,-2.783848460399517763e-07,6.541127143286965776e-05,-6.982991985161923418e-03,3.852349975355938150e-01,-1.304724531573979163e-01
9.869832086282401633e+02,-2.379725342441553688e-10,1.455790406182208889e-07,-3.083805521445454154e-05,2.534413266735014401e-03,1.614758510265964023e-02,2.304770520975512937e+00
9.871541169784999283e+02,5.405145856253809907e-10,-3.037229978291867985e-07,5.444708422293692915e-05,-3.046335589684564474e-03,6.415994507679446957e-02,1.043772033309773750e+00
9.873250086534400225e+02,3.985794689475931504e-10,-2.436653831080424850e-07,5.190225919722408717e-05,-4.639502636678277149e-03,2.376641068920847810e-01,-2.114135234799586482e-01
9.874958836530601047e+02,-1.822133458799690776e-10,9.713886312579795827e-08,-1.468083486123381693e-05,5.389207415538952312e-05,1.780331054293027848e-01,2.361646091292248784e+00
9.876667419773599477e+02,-1.372485377682364134e-10,8.199377996172281493e-08,-1.501397866373961895e-05,5.465056772777498063e-04,1.418597287781244998e-01,2.301244914614357651e+00
9.878375836263400060e+02,1.402833849574615019e-10,-8.595343631767689658e-08,1.997076228079464549e-05,-2.423921573817139959e-03,2.203132186311546337e-01,3.400237185522207550e+00
9.880084086000000525e+02,2.008119626210353754e-10,-1.440459947383914919e-07,3.756684089149320212e-05,-4.376342383637857672e-03,3.026430052405735260e-01,2.970736021926865256e-01
9.881792168983399733e+02,2.290116362430644965e-10,-1.627332943702598195e-07,4.331766513500517088e-05,-5.183235351953151965e-03,3.177310426488789141e-01,1.190447605088163607e+00
9.883500085213599959e+02,2.659275323661800777e-11,-1.712666652708683285e-08,5.575871834139915816e-06,-1.301420222914877927e-03,2.134451581063872283e-01,1.530395369981246256e+00
9.885207834690601203e+02,7.392387977059840688e-11,-8.005794749741978817e-08,2.858280084915788881e-05,-3.991659291141879534e-03,2.567800964922918872e-01,3.002476163932708442e+00
9.886915417414398917e+02,-1.464692871924201771e-11,4.954455773530844688e-09,-1.572771459957893856e-07,-1.607418654660756213e-04,1.099656843283126628e-01,2.788691567611428113e+00
9.888622833384999922e+02,2.637949960784140237e-10,-1.905868499885485610e-07,5.197412148870981971e-05,-6.355721443750541461e-03,3.784488606174378211e-01,2.529677311838350318e-01
9.890330082602400807e+02,4.956669059108296360e-10,-3.035798535758601324e-07,6.620773178788113102e-05,-6.352542154559240491e-03,3.457272560075588252e-01,1.362684013937926764e-01
9.892037165066599300e+02,2.426345407604153274e-10,-1.498322604667549692e-07,3.374067314449165724e-05,-3.456777024893287805e-03,2.095269214736572572e-01,-2.031336225316399957e-01
9.893744080777599947e+02,-6.352879667030679387e-11,4.433151974689645255e-08,-1.167351020782791074e-05,1.334548496765421621e-03,2.533431552333995779e-02,1.072263268861531893e+00
9.895450829735400475e+02,3.531945643178401778e-11,-3.813838129538487273e-08,1.452561436187942793e-05,-2.110563051417063078e-03,1.596695968685883094e-01,1.147747747940201180e+00
9.897157411940000884e+02,-1.727146802132354563e-10,8.274155592001935544e-08,-8.976574804860142721e-06,-5.222783449594579604e-04,1.527862324208101308e-01,2.897749589931664094e+00
9.898863827391400037e+02,1.623944496669187863e-10,-1.097105517262483598e-07,2.730822135561519683e-05,-3.158442221334571351e-03,2.495374285059494546e-01,9.629434390124639309e-01
9.900570076089600207e+02,2.080446995365863164e-11,-1.636723693185170253e-08,7.906097158371376999e-06,-1.861162184830433483e-03,2.383532492400482483e-01,2.193214963803850281e+00
9.902276158034601394e+02,7.457832118071143040e-10,-4.731089731134919456e-07,1.074731042621071461e-04,-1.062392027866103893e-02,5.099332690274468449e-01,-1.078680387041292210e+00
9.903982073226399052e+02,4.247098091873948847e-10,-2.817655116847238417e-07,7.022555357943827017e-05,-8.093392953631779047e-03,4.637964821286150729e-01,-1.155527832537374788e+00
9.905687821665000001e+02,4.017701884800937448e-10,-2.558888778612083081e-07,5.894397706546824090e-05,-5.953446804046590851e-03,2.911953636616413932e-01,3.402986273417115681e-01
9.907393403350400831e+02,5.132358305956428457e-10,-3.325276410029096570e-07,7.969855251022174591e-05,-8.659088363713634412e-03,4.548844131219292874e-01,4.658127833149798558e-02
9.909098818282599268e+02,2.398736210555458495e-12,-1.896600582430411927e-08,1.025995330213660972e-05,-1.827611999486462597e-03,1.630608326428741872e-01,1.108496728738253223e+00
9.910804066461599859e+02,7.908784900844742765e-11,-6.525779280991747324e-08,2.180132628753301001e-05,-3.411961102690606699e-03,2.898310297796186097e-01,-9.130207636620116252e-02
9.912509147887400331e+02,-1.163382034788928929e-10,7.858088923165009259e-08,-1.769694981929466869e-05,1.173402054608835504e-03,1.063650907830026443e-01,2.647552415426122074e+00
9.914214062559999547e+02,6.987257193855534243e-11,-6.371389160243680376e-08,2.177306485366181844e-05,-3.354437664251167135e-03,2.840114235018276201e-01,2.546177313546009735e+00
9.915918810479399781e+02,-9.475168828853728444e-11,2.428441870271571375e-08,7.243862146806149967e-06,-2.568901831715830492e-03,2.786505695906780766e-01,-3.945624790047006503e-01
9.917623391645601032e+02,3.229045001268290871e-11,-4.753026409279328743e-08,1.990148109648355162e-05,-3.249648710231303837e-03,2.872141478301954987e-01,6.468077720465369440e-01
9.919327806058598753e+02,5.529732733230746463e-10,-3.457398253996626740e-07,7.788828479887886726e-05,-7.832430810914850494e-03,4.226155137864358036e-01,-5.644415550395679437e-01
9.921032053718399766e+02,9.176375081927512611e-11,-4.587054915389991702e-08,9.825345533305233908e-06,-1.485471125456253602e-03,1.953097457529431868e-01,2.209123166674808181e-01
9.922736134625000659e+02,3.180993599415848260e-10,-2.336837079790326684e-07,6.335992650568544654e-05,-7.601587907715364606e-03,4.307589327457929662e-01,9.523545367226241010e-02
9.924440048778401433e+02,4.234154524476421865e-10,-2.916248464109896666e-07,7.510146938178823678e-05,-8.714077183845786445e-03,4.801892608135086005e-01,-6.828369238218021664e-01
9.926143796178599814e+02,1.475812779034435143e-10,-1.307972950450436384e-07,4.264088152376838793e-05,-5.891961348648966715e-03,3.758262030577785295e-01,5.858511951789672212e-01
9.927847376825600350e+02,4.234916084095363591e-11,-3.298012597345931644e-08,1.133623975095264141e-05,-1.888776994419450860e-03,2.310276859855566745e-01,2.442926403165543547e+00
9.929550790719400766e+02,3.019593061455078522e-10,-2.087507782480925651e-07,5.130222440150262656e-05,-5.081830492920436093e-03,2.414661115819666526e-01,9.800986050648617942e-01
9.931254037859999926e+02,1.497607809349318470e-11,-6.125947270346955081e-09,1.318369983970802047e-06,-1.250019581317067237e-04,4.186817956689318360e-02,3.623627348307823848e+00
9.932957118247400103e+02,1.627998841554869042e-10,-9.718075889485879395e-08,2.241670966008968207e-05,-2.461946476424957658e-03,1.727429123254470289e-01,5.025252666050684658e-01
9.934660031881601299e+02,5.347276425087264104e-10,-3.607121257594601541e-07,8.892799832711387263e-05,-9.761966332081909239e-03,4.985295086373650042e-01,-1.894987033419035516e-01
9.936362778762598964e+02,3.305723122887822119e-10,-2.131497953125241849e-07,5.188979744011867608e-05,-6.077635344801736277e-03,3.985456518295724671e-01,8.472832694505911810e-01
9.938065358890399921e+02,8.184159464871151100e-11,-6.186654126035942227e-08,2.011195048256573547e-05,-3.266773081190528852e-03,3.019799289123614727e-01,1.705804121447852761e+00
9.939767772265000758e+02,4.371849311881195016e-10,-3.028061266472428878e-07,7.549785034003692215e-05,-8.071150175604144966e-03,4.472318804891426969e-01,-1.066510345592979858e+00
9.941470018886399203e+02,-1.597063672681718456e-12,5.273724974808340801e-09,-1.575367328340210200e-06,-3.143855933974859670e-05,8.270652692485110091e-02,8.609886266948592048e-01
9.943172098754599801e+02,3.046962484595193523e-10,-1.835221004715327987e-07,3.854550857155987644e-05,-3.271017100382690203e-03,1.660226197462808806e-01,1.883229163133381290e+00
9.944874011869600281e+02,3.775799775240428896e-10,-2.370275259136725968e-07,5.341905646563885069e-05,-5.484133850990519782e-03,3.464874342028319565e-01,1.894205206286234011e+00
9.946575758231399504e+02,2.424511314215119958e-10,-1.483579545458631328e-07,3.306235558355754243e-05,-3.594228167309958515e-03,2.887473667968312729e-01,2.127973650506361114e+00
9.948277337839999745e+02,3.735844095380132854e-11,-2.493564350045545186e-08,7.425409266464088962e-06,-1.319452099468725395e-03,1.686737223326227053e-01,2.063554122723163076e+00
9.949978750695399867e+02,5.416104080970500324e-10,-3.514478216363772535e-07,8.391286610804745620e-05,-9.019710243229225183e-03,4.626244116496574521e-01,3.268278976384228485e-01
9.951679996797601007e+02,-1.494419958852651814e-10,1.017056804549873755e-07,-2.222171868789019850e-05,1.596299755992953160e-03,9.489715616778829355e-02,3.875631872198636252e+00
9.953381076146599753e+02,3.103590040708622577e-10,-2.159020936553417843e-07,5.349910433310710593e-05,-5.550037527943261877e-03,3.186933672833333064e-01,1.459956077096727700e+00
9.955081988742400654e+02,-3.497113538992372196e-10,2.155196502189520491e-07,-4.562212610507378245e-05,3.767398174094935010e-03,6.148341034457262440e-03,4.864866895187419438e+00
9.956782734585001435e+02,3.111524824236242956e-10,-2.017553919335879466e-07,4.752980912774647823e-05,-4.947365825164169208e-03,2.962361778712942484e-01,1.582294594933491005e+00
9.958483313674399824e+02,3.229768362731481324e-10,-1.935993555569438061e-07,4.262425535987378041e-05,-4.397595513348301170e-03,2.891954182766040549e-01,1.480990836905706320e+00
9.960183726010600367e+02,2.432404596525205651e-10,-1.426235765542891667e-07,3.009041874027220138e-05,-3.089580868229536634e-03,2.565355697906347987e-01,2.775549467359449185e+00
9.961883971593600791e+02,5.199009373354303694e-12,-1.018726819931055319e-08,5.427502603755845127e-06,-1.283601519009014468e-03,2.135133306305688206e-01,2.749769636075227730e+00
9.963584050423398821e+02,6.283686724962688241e-11,-3.000050728954314191e-08,5.304071507931335432e-06,-6.209476499581257887e-04,1.444366655943455646e-01,4.530220515586623087e+00
9.965283962500000143e+02,1.268333378928365974e-10,-1.065106362206554012e-07,3.243690888519452892e-05,-4.239477937482612549e-03,3.076028664151650993e-01,1.074532174479265079e+00
9.966983707823401346e+02,1.209709081651242278e-10,-6.899049283956064332e-08,1.560666279260265095e-05,-1.957982571976735545e-03,2.258342253301797720e-01,2.733669620704342051e+00
9.968683286393599019e+02,5.649468848779365530e-10,-3.741958481434495582e-07,9.060403723594227744e-05,-9.752120711982876708e-03,4.869614978846736331e-01,3.944855932883195582e-01
9.970382698210599983e+02,-1.764945370689733225e-10,1.003155807617195190e-07,-1.770051057393171877e-05,7.255818452619161151e-04,1.247480742539354565e-01,4.741953848252109527e-01
9.972081943274400828e+02,9.341023036345797260e-11,-7.005670960171513914e-08,2.049769203914907344e-05,-2.617746545947278493e-03,1.746553413125356558e-01,4.971942388039794380e+00
9.973781021584999280e+02,-1.004550253721146419e-10,5.497034352554721236e-08,-7.110043177631278339e-06,-5.298971075786037795e-04,2.017838315446626452e-01,1.730327822069208210e+00
9.975479933142399886e+02,2.493253216567506846e-10,-1.723278378809312296e-07,4.162875899589862390e-05,-4.136141633461972410e-03,2.902435032624113842e-01,2.189263117827273231e+00
9.977178677946600374e+02,-5.174950154367079408e-12,-1.673845446098662365e-08,1.063033295371831708e-05,-2.056237703298376390e-03,2.013955896883994345e-01,2.066983931769327487e+00
9.978877255997600741e+02,-7.488972058150625093e-12,-1.548640689524219228e-08,1.091508332060804383e-05,-2.278442493152791921e-03,2.759013330961901933e-01,4.361224316651993727e-01
9.980575667295399853e+02,2.132156628991579709e-10,-1.495962716060298544e-07,3.941283123931760025e-05,-4.631071966306242113e-03,2.730543514134745609e-01,2.906965310703492733e+00
9.982273911839999982e+02,1.044683174760247809e-10,-5.440769900086480068e-08,9.550984658903643283e-06,-7.121124340804684981e-04,1.134451529883528653e-01,5.565746644727340708e+00
9.983971989631401129e+02,-4.469483976280244244e-11,-2.163313940404867917e-08,2.142471009915607465e-05,-4.347632768551060178e-03,3.519587232984038305e-01,-2.252623338026630076e-02
9.985669900669599883e+02,1.650142991736751395e-10,-1.389520155280590937e-07,4.294400054605357998e-05,-5.871205061219434904e-03,3.945968404198620383e-01,-8.699472952519409219e-01
9.987367644954599655e+02,3.032198187335789216e-10,-2.236232666046260165e-07,5.939071346692739598e-05,-6.656140669852783111e-03,3.712448051069469068e-01,7.793758176487201039e-01
9.989065222486400444e+02,2.338421726300372263e-11,-6.508954671929245447e-08,3.156023206873828630e-05,-5.397769768164637980e-03,4.075391068201613121e-01,-1.635130589159493608e+00
9.990762633264998840e+02,4.338124378728805356e-10,-2.834097606990737061e-07,6.836889005489069071e-05,-7.490466430329711413e-03,4.061673958587559974e-01,5.149282099090668474e-01
9.992459877290400527e+02,3.464570825943732987e-11,-3.745572793864332949e-08,1.232094373277990547e-05,-1.596551482746692537e-03,1.901635081108236092e-01,1.787575092364334317e+00
9.994156954562600959e+02,8.975104911621913938e-11,-7.503634964403414925e-08,2.493765982552531498e-05,-3.573638806801252617e-03,2.524776119314998679e-01,-5.595546677493270504e-01
9.995853865081598997e+02,3.396549203286063466e-10,-2.051031230571825621e-07,4.339139796057805038e-05,-4.011387095540751464e-03,2.521628297221606974e-01,3.315760514950941040e+00
9.997550608847400326e+02,2.435052779024480529e-10,-1.837270538310820679e-07,5.258017368527326415e-05,-6.865678382974978178e-03,4.399470917401465675e-01,-1.325876823085769374e+00
9.999247185860000400e+02,1.547061773575169068e-10,-8.167090650758729319e-08,1.381552217240598085e-05,-6.747164686547605164e-04,5.456351915427874733e-02,3.360379601345514722e+00
1.000094359611939922e+03,7.103303881788106852e-11,-6.461243487757697768e-08,2.028350113464173752e-05,-2.586751033857619814e-03,1.701655451272479913e-01,1.712187198300769042e+00
1.000263983962560019e+03,3.305962260177750840e-10,-2.149499101012111399e-07,4.940608131666053229e-05,-4.687959571180155480e-03,2.280179366857111867e-01,4.459333591811323494e+00
1.000433591637859990e+03,5.713400000785521872e-10,-3.590255936083748574e-07,8.090734596668518067e-05,-8.003057819572440348e-03,4.062869423589497431e-01,9.355077723510720755e-01
1.000603182637840064e+03,-2.275315046472782489e-11,-1.444204645752764827e-08,1.286863682597692374e-05,-2.624368417837094972e-03,2.688613185865806332e-01,4.712113599157064514e-01
1.000772756962499898e+03,-9.497943562759176784e-13,-6.389443768641759358e-09,6.356147574584096983e-06,-1.646007976810712073e-03,2.306962020550432091e-01,4.608638332700792373e-01
1.000942314611840061e+03,9.739481853386516074e-11,-6.232789562897464178e-08,1.197449198848347246e-05,-6.172341115254609918e-04,1.011793863108685215e-01,2.523313423243974535e-02
1.001111855585860098e+03,-3.186393931221439089e-11,1.876084891931547035e-09,4.447559669222494075e-06,-1.019596529896393041e-03,1.861873428521192975e-01,6.036589103740452877e-01
1.001281379884560010e+03,4.264819106853553794e-11,-1.374277816355328879e-08,1.710611106596460516e-06,-3.531353487281121148e-04,1.339110434247599568e-01,1.968879192090609687e+00
1.001450887507940024e+03,-1.063620213220437126e-10,6.599825086977906420e-08,-1.181083238405356405e-05,3.201803292974542549e-04,1.557413315358368022e-01,4.167702872494318256e-01
1.001620378456000026e+03,8.639539661105835286e-10,-5.376603226543193083e-07,1.174272833348683295e-04,-1.078411353246585928e-02,4.817564154617025585e-01,1.803283014519093397e-01
1.001789852728739902e+03,2.704550813663951155e-10,-1.970611981146683529e-07,5.476328191509402933e-05,-7.027540925364161688e-03,4.525792014863974644e-01,-2.115527022073166563e+00
1.001959310326159994e+03,2.154881375885592986e-10,-1.440013081348963222e-07,3.627691056630076902e-05,-4.320724498640934712e-03,3.166102844009295314e-01,-2.644617044250799701e-02
1.002128751248260073e+03,-6.158126001137675707e-11,4.905270587502475689e-08,-1.266924087467744129e-05,1.290710522646935747e-03,2.808662713031368288e-02,2.392206559068034810e+00
1.002298175495039914e+03,-3.769951660136264612e-10,2.362955625149466788e-07,-5.246190291128778794e-05,4.921034852430605615e-03,-8.295249752521591247e-02,4.221420990872122303e+00
1.002467583066499969e+03,1.721855051940885331e-10,-1.121344713920702081e-07,2.845393058013613257e-05,-3.349123696560563426e-03,2.153899545414533767e-01,5.223462289832386807e-01
1.002636973962640013e+03,4.876259242737831341e-11,-4.323347720123126230e-08,1.527994747535477252e-05,-2.496501476999552632e-03,2.738307510290614588e-01,1.213026788485562335e+00
1.002806348183459932e+03,2.317021198736687580e-10,-1.575540157843929656e-07,3.897304702601322508e-05,-4.279973486694022174e-03,2.754641309798540605e-01,2.001893455705711311e+00
1.002975705728959952e+03,2.816780359529144825e-10,-1.771668059403090309e-07,4.246820693239958142e-05,-4.948606366689206268e-03,3.721379031195918841e-01,-2.791456801032149992e-01
1.003145046599140073e+03,4.756059612699872163e-10,-2.893707154427101370e-07,6.198025691400161480e-05,-5.562759760942446660e-03,2.891235708313334984e-01,2.588745592861081857e+00
1.003314370794000070e+03,1.136920513977231066e-10,-7.606150268819874826e-08,2.108132193155010312e-05,-3.004509288020484458e-03,2.623159450641572854e-01,3.157881477801856462e+00
1.003483678313539940e+03,4.293642698152152446e-10,-3.021048477192874005e-07,7.499199180932295743e-05,-7.903146664056550849e-03,4.534604589184734191e-01,-1.923557892270086445e+00
1.003652969157760026e+03,3.610433383690523454e-10,-2.387439073804286657e-07,5.728750239047121327e-05,-6.024740141901786979e-03,3.341940611140051809e-01,1.619329358343246428e+00
1.003822243326660100e+03,-1.381221125780596499e-10,6.509952141701995933e-08,-7.111824158831333192e-06,-5.241199915849409753e-04,2.052433001634406118e-01,1.892001572010097998e+00
1.003991500820239935e+03,-4.241642810348324673e-10,2.676335656893826290e-07,-5.750059846762739236e-05,4.746613572197903863e-03,-6.024886905061826829e-03,4.187105879027200217e+00
1.004160741638499985e+03,2.039853939895202696e-10,-1.520935243808905521e-07,4.424794666694016929e-05,-6.040706707279019927e-03,4.197617499236504512e-01,-1.923650794751026183e+00
1.004329965781440137e+03,1.493024069871692308e-10,-1.006692050103526109e-07,2.555338398407260716e-05,-2.786536390878867515e-03,1.564458659399930729e-01,2.512510337328114574e+00
1.004499173249059936e+03,-9.360175804859538642e-11,5.397724120827547714e-08,-1.005033981827122796e-05,7.161342582821625825e-04,6.827565522111270213e-02,3.361392140709667409e+00
1.004668364041360064e+03,5.709469400363310079e-10,-3.628229139234709420e-07,8.301531507746680652e-05,-8.398296079779767401e-03,4.361522283683015866e-01,2.906989023144609940e-02
1.004837538158340067e+03,-1.295231584072678382e-10,7.480858998332153751e-08,-1.435319838285773639e-05,1.214154855096234980e-03,2.180068180839392702e-02,3.156158237625274143e+00
1.005006695599999944e+03,5.421181660024723643e-10,-3.275062648984390586e-07,7.017390142962500268e-05,-6.453047121172739327e-03,3.119262827199457688e-01,2.440476911190622822e+00
1.005175836366340036e+03,1.327052704086519052e-10,-9.443108913172634095e-08,2.544216922408587333e-05,-3.282365841538026525e-03,2.872514119756190976e-01,1.710418066268317716e+00
1.005344960457360003e+03,2.107657907562549083e-11,-2.480072464412455325e-08,8.912947983056520738e-06,-1.039196338404256700e-03,9.632728493454109642e-02,2.699218088692012074e+00
1.005514067873059957e+03,1.527772124627764634e-10,-1.003319845320476485e-07,2.543283578680876638e-05,-3.198555761792986393e-03,2.872082975260178972e-01,1.545445266907778059e+00
1.005683158613440014e+03,4.458975146238211338e-10,-3.184982286647024656e-07,8.347256511144098944e-05,-9.478281848608957269e-03,4.857847420010164008e-01,3.185458585140874543e-01
1.005852232678500059e+03,1.986943739002605448e-10,-1.425609403521422441e-07,3.784068639983318859e-05,-4.230847984146911787e-03,2.225721844024391438e-01,4.915078676165022920e+00
1.006021290068240091e+03,5.146489568583768177e-10,-3.199736574273275960e-07,7.059859455421731882e-05,-6.765105649234670789e-03,3.743165809184201276e-01,1.839466404830685020e+00
1.006190330782659998e+03,-1.004131062150710194e-11,-1.051169642197339050e-08,9.977451305971107650e-06,-2.252025392589384559e-03,2.579393290576364461e-01,6.226408869092409093e-01
1.006359354821760007e+03,9.829068830565583827e-11,-6.330029366375699579e-08,1.911755730031084610e-05,-3.203836833711032339e-03,3.156611159262505684e-01,6.808951465902062239e-01
1.006528362185540118e+03,1.419651448702478650e-10,-9.325359626382615879e-08,2.335581099094052285e-05,-2.897088481194133938e-03,2.694601745540884941e-01,1.792368367565969400e+00
1.006697352873999989e+03,-2.839164775784212902e-11,1.747111550945953508e-08,-1.572594239994595139e-06,-5.513624819328856452e-04,1.802789711967091035e-01,2.689211906791923568e+00
1.006866326887140076e+03,3.034984242604043735e-11,-2.286765474111185662e-08,7.472791711049714853e-06,-1.406980976153987669e-03,2.236680542727772225e-01,1.165516048948670669e+00
1.007035284224960151e+03,2.041380183849663790e-10,-1.427353814049318491e-07,3.829021661762853254e-05,-4.615512999522456555e-03,2.735713286278687595e-01,3.233184547278945331e+00
1.007204224887459986e+03,-9.084667211885294449e-13,2.460085064806280886e-10,3.395055939791135815e-06,-1.421047991370373098e-03,2.302983858910322423e-01,1.862678553821560890e+00
1.007373148874640037e+03,-1.392819655218310613e-12,7.989988306148686929e-09,-4.171413034287342424e-06,9.551375495203977186e-04,-1.676477470193220298e-02,4.592754726432371370e+00
1.007542056186500076e+03,2.060293620016891982e-10,-1.539485467165892300e-07,4.189307558119752370e-05,-4.811599102165067809e-03,2.842529850073140518e-01,2.442299853750309779e+00
1.007710946823039876e+03,1.884612784636912293e-10,-1.575608632042819500e-07,4.851974546158396937e-05,-6.240087589748207798e-03,3.591948984679635415e-01,2.015176039994296620e+00
1.007879820784260005e+03,1.752945096557381198e-11,-6.796230532493872096e-09,2.231936191428578197e-06,-8.226871732930541746e-04,2.106792312213281171e-01,9.156469504163602391e-01
1.008048678070160122e+03,3.399594205028812830e-10,-2.016898958215974919e-07,4.187739888596717693e-05,-3.840985694435653831e-03,2.831406278566048207e-01,1.043615047360348491e+00
1.008217518680739886e+03,1.362864987586116403e-10,-9.644970681552005161e-08,2.510765924777662021e-05,-2.904873249329065731e-03,2.523387334523340964e-01,8.486082606910730353e-02
1.008386342615999979e+03,2.172419506789415674e-10,-1.495636586930745235e-07,4.056558295523108682e-05,-5.290488097536908546e-03,3.641192093264327689e-01,-6.098013111449374080e-01
1.008555149875940060e+03,-3.467691054148857507e-11,8.880941809548396960e-10,8.947792441012817423e-06,-2.356323187687530026e-03,2.510373779980044073e-01,2.510654851700729329e-01
1.008723940460560129e+03,-2.206855329294329529e-10,1.478063522082712932e-07,-3.380644848042268819e-05,3.061791948686102671e-03,8.678568155003280396e-03,1.673196834520254139e+00
1.008892714369859959e+03,-1.147165960787756848e-10,6.903618455992918690e-08,-1.199757601993772186e-05,2.219295278521573244e-04,1.859697360583188464e-01,-2.475562995845688452e-01
1.009061471603840005e+03,5.583583022652279802e-11,-7.525252958025087216e-08,2.971134856243088588e-05,-4.609328062935610926e-03,3.436929399666697194e-01,-6.809221560247529226e-01
1.009230212162500152e+03,-1.545349441588537998e-10,7.343871585388208065e-08,-7.768578145222459081e-06,-3.515108802160749686e-04,1.127964039799128210e-01,1.472086832123159716e+00
1.009398936045839946e+03,4.635682501835908430e-11,-3.929640480271310604e-08,1.429999097151173988e-05,-2.388129352374376759e-03,2.496230354548695518e-01,4.498672047086020309e-01
1.009567643253860069e+03,5.829173344672436844e-10,-3.445374912930158985e-07,7.051909318610251819e-05,-6.098522859478294408e-03,3.344214684808676785e-01,1.576210835452577008e+00
1.009736333786560067e+03,1.140592616516682264e-10,-6.652271280991832628e-08,1.505749674912669093e-05,-1.767984565620672917e-03,2.316742008108003126e-01,1.166956706085726436e+00
1.009905007643939939e+03,-1.415022758987128306e-11,-6.586662071757614870e-09,7.952633283550815811e-06,-1.900594107014608788e-03,2.487313762633225900e-01,1.905995436228232975e+00
1.010073664826000027e+03,-1.254942034730961034e-10,7.448784193534544007e-08,-1.559647778299619859e-05,1.283500372218071388e-03,9.112142068274470263e-02,4.316175822596454381e+00
1.010242305332740102e+03,-4.486164112472687259e-11,1.879462472786373612e-08,-1.987847911658154865e-06,-2.604254992675413477e-06,1.334817856351138698e-01,3.811902688742844436e+00
1.010410929164159938e+03,1.444663205672915679e-10,-1.110940992232910310e-07,3.282668749108601274e-05,-4.367118724505146543e-03,3.259042468148015126e-01,-2.137001100158490707e-01
1.010579536320259990e+03,3.169397517362917757e-10,-2.096456447824307526e-07,4.799242846193011038e-05,-4.439190311139925432e-03,2.644180997083433460e-01,3.303351678636420985e+00
1.010748126801040030e+03,-2.815969230860212032e-10,1.751361146721204888e-07,-3.647382724514291915e-05,2.793552129267518058e-03,5.885297150528841920e-02,3.333131814217199729e+00
1.010916700606499944e+03,2.782094742549984909e-10,-1.532246095817194195e-07,2.818500702508161236e-05,-2.120470908665439067e-03,1.902458148714193109e-01,2.691143682074687682e+00
1.011085257736639960e+03,1.445563725145921503e-10,-8.383514261757562106e-08,1.681728659676940999e-05,-1.316034818739941293e-03,1.450137573613796138e-01,4.601713558525343473e+00
1.011253798191460078e+03,1.696394775697979337e-10,-1.095678517034535381e-07,2.341626490513126874e-05,-1.644819595797979584e-03,8.879379721656538438e-02,2.742294950438024959e+00
1.011422321970960070e+03,2.726107314844789526e-10,-1.747583087885049437e-07,3.956655293218341130e-05,-3.665894028401161468e-03,2.185342426253182591e-01,2.735667419190799698e+00
1.011590829075139936e+03,-2.675075061448567578e-11,1.897083508212315820e-09,5.989541146690691807e-06,-1.459602255384355755e-03,1.434105403657618127e-01,1.497813730607208349e+00
1.011759319504000018e+03,1.742236738859462773e-10,-9.590303272933047196e-08,1.869101603863367912e-05,-1.668923496205885083e-03,1.966242729146380763e-01,2.218324648603643201e+00
1.011927793257540088e+03,1.697784405315414909e-10,-1.346931206492919533e-07,3.835344652208044975e-05,-4.815289634808239336e-03,3.631179103727737445e-01,6.717323027357501031e-02
1.012096250335759919e+03,1.365950002976761246e-10,-7.275481740867607578e-08,1.307558570249541922e-05,-9.535066017787270165e-04,1.456142955988349030e-01,3.653270838290892275e+00
1.012264690738659965e+03,-1.137700725940510414e-10,7.910500128985460467e-08,-1.808973854702190508e-05,1.584481885099667600e-03,4.689833431404950154e-02,2.475197320616698171e+00
1.012433114466240113e+03,-3.857648731570927358e-11,1.749230517842938294e-08,-1.402935632771848369e-07,-4.754336741596873711e-04,7.684764087936449273e-02,3.019839483639178646e+00
1.012601521518499908e+03,1.844753669006830735e-10,-1.217174710993816265e-07,2.923959552577657943e-05,-2.807648462235546542e-03,1.476850677528964706e-01,2.317231325506396544e+00
1.012769911895440032e+03,2.158668751094513874e-10,-1.686395697382771245e-07,4.674314699916634847e-05,-5.305234951179942787e-03,2.695741624691969651e-01,4.276359085424878081e+00
1.012938285597060030e+03,1.684488506201985868e-10,-9.553300866613810465e-08,1.784355958767618955e-05,-1.084013151469306923e-03,9.094027982652200248e-02,1.243429169905176712e+00
1.013106642623359903e+03,-1.841840810645912845e-12,-5.828503493277948354e-09,3.437867897231974009e-06,-7.018244522449633557e-04,1.732158039289232176e-01,3.034934477895994132e+00
1.013274982974339991e+03,2.730067911293825620e-10,-2.004756099117950076e-07,5.589083404424201139e-05,-7.102761917368772930e-03,4.384995777637172854e-01,-1.055852232940594382e+00
1.013443306650000068e+03,-2.676668130049436517e-10,1.644139439337276536e-07,-3.364770050222743689e-05,2.518200619754884951e-03,6.132821229801709711e-02,3.154279185417185882e+00
1.013611613650339905e+03,-1.740920579446102822e-10,1.132629647783638687e-07,-2.493693753440308778e-05,1.828408342634058178e-03,1.031781245237418654e-01,2.423067592013126603e+00
1.013779903975359957e+03,4.369502721013467141e-10,-2.791688077193050288e-07,6.472517826082049397e-05,-6.472566448294221966e-03,3.601501616011708040e-01,7.279930737789609696e-02
1.013948177625059998e+03,2.093931896324370279e-10,-1.427440307448062355e-07,3.713271685484461189e-05,-4.314436998616568396e-03,2.816649632148247040e-01,1.681782816605478903e+00
1.014116434599440140e+03,1.015792660808644554e-11,-1.489700062414813295e-08,7.164429187339516706e-06,-1.262541597269945795e-03,1.629997477222010493e-01,2.469302505011615523e+00
1.014284674898499929e+03,3.668490179162974197e-11,-2.606210358343949207e-08,8.543527164357967441e-06,-1.327764764568683045e-03,1.672224151394542391e-01,2.130325025744326695e+00
1.014452898522240048e+03,3.132638649079518722e-10,-2.033986711440602979e-07,4.831467547190374407e-05,-4.830041614047947234e-03,2.472725671666062552e-01,2.328282341427849178e-01
1.014621105470660154e+03,5.441179093787718239e-10,-3.469908105710598050e-07,7.857938590507581981e-05,-7.601335440316429881e-03,3.956280629388334580e-01,-3.425389235458732736e-04
1.014789295743759908e+03,2.134135467224800275e-10,-1.298154916472633062e-07,2.882748954107420918e-05,-2.970467800685266425e-03,2.636405255416348070e-01,7.811387289669422529e-01
1.014957469341539991e+03,-2.175659990483242746e-11,2.117273167229949732e-08,-4.571507423698509651e-06,1.475392787500669450e-04,1.114246313070869632e-01,2.309390973015519322e+00
1.015125626264000061e+03,9.276795329323725346e-11,-6.287222417593320401e-08,1.692416375452414072e-05,-2.258634976167084914e-03,2.471954472908120815e-01,1.470171708374132136e+00
1.015293766511139893e+03,5.371954914833601783e-10,-3.395247676897633801e-07,7.568419846108098627e-05,-6.923228001907532313e-03,3.178130602322158937e-01,2.534171908468021428e+00
1.015461890082960053e+03,5.202444388991606879e-11,-2.469081513728482018e-08,3.897227714148736534e-06,-3.912242003200468122e-04,1.578297422194167576e-01,2.010181318769215686e+00
1.015629996979460088e+03,2.371912854381232642e-10,-1.612110081992386690e-07,3.811901989186808581e-05,-3.645521798643696840e-03,2.470373338261419027e-01,3.249939805649805891e+00
1.015798087200639884e+03,2.477775007764492903e-10,-1.582305461104826665e-07,3.721897464219304461e-05,-3.934764692715550169e-03,2.846242026849726825e-01,-1.246823386482910911e-01
1.015966160746500009e+03,1.365776377761813682e-10,-9.094903390916497445e-08,2.196116353134632367e-05,-2.372779853553624255e-03,2.338370182479835302e-01,1.960575893257151092e+00
1.016134217617040122e+03,1.509093474219029190e-10,-8.394065288223487416e-08,1.656039755840107657e-05,-1.467925390461687638e-03,1.819342021289538924e-01,2.712348361278474229e+00
1.016302257812259882e+03,3.301077248201592604e-10,-2.128386954685453767e-07,5.056546864941557456e-05,-5.269445549550735852e-03,3.285524755016648313e-01,4.862499712358414605e-01
1.016470281332159971e+03,-2.382933487751584022e-10,1.552484345837738641e-07,-3.339387665576942467e-05,2.482313930429537983e-03,8.810919217205998022e-02,2.087698717438724927e+00
1.016638288176740048e+03,-2.959325873609360791e-11,-1.030963261664028288e-08,1.106034585343611271e-05,-2.162116872868415085e-03,2.197787734598591891e-01,1.807976401811459244e+00
1.016806278346000113e+03,-1.796810146503304290e-10,1.083436134439849119e-07,-2.057361034408289921e-05,1.057914655032151209e-03,1.332037071962715036e-01,3.110274238124822954e+00
1.016974251839939939e+03,-6.042701895924010316e-11,3.186501464135696183e-08,-3.396477260966692124e-06,-4.718476210302093650e-04,1.776382985277746296e-01,2.892937738255568991e+00
1.017142208658560094e+03,-4.190592310030608013e-10,2.814897235651046109e-07,-6.570049347637387036e-05,6.162895099931674746e-03,-9.158240786932680955e-02,1.915477181023007347e+00
1.017310148801860123e+03,1.199730990535796540e-10,-6.866125624633074425e-08,1.457884073112351151e-05,-1.562286957550183429e-03,2.079426064076188019e-01,2.203418420451197512e+00
1.017478072269839913e+03,4.110324255757039274e-10,-2.421274960049731761e-07,4.900405091579915158e-05,-3.830429720959068699e-03,1.821280297774507118e-01,6.217612083113752686e-01
1.017645979062500032e+03,2.356808435868798974e-10,-1.356562688559232462e-07,2.599723714531373026e-05,-1.725626084695942170e-03,1.031458430568158863e-01,2.015243433581276111e+00
1.017813869179840140e+03,-1.001813881161403036e-10,7.285817831146192932e-08,-1.841485043414585490e-05,1.783954463141952879e-03,7.218297547283550331e-02,3.379879560324542176e+00
1.017981742621859894e+03,4.575889741287392973e-10,-2.847710926393568987e-07,6.364870379184383881e-05,-6.062453928200838005e-03,3.209853422351354180e-01,1.494878599873388003e+00
1.018149599388559977e+03,8.856113899283017359e-11,-5.644316604618776484e-08,1.346753076472157510e-05,-1.572822600411036406e-03,2.073590838113616441e-01,2.166461932944185875e+00
1.018317439479940049e+03,2.349248852997012852e-10,-1.470079495180686594e-07,3.290362485026346334e-05,-3.111103465127148648e-03,2.136961928063975391e-01,2.173962726333570572e+00
1.018485262895999881e+03,4.342310705312385180e-10,-2.739727859828976691e-07,6.226406107532485008e-05,-6.146565012215852997e-03,3.481347504363790368e-01,2.227569420021459079e-01
1.018653069636740042e+03,3.073564174141318173e-11,-3.260972109966640230e-08,1.100228628505226511e-05,-1.607731194986065969e-03,2.264898481334239877e-01,1.459086925442717675e+00
1.018820859702160078e+03,1.601999609932097229e-10,-8.377529066963399368e-08,1.580410258568732358e-05,-1.704337295207304995e-03,2.213022404111615327e-01,1.201947476218434563e+00
1.018988633092259875e+03,4.058560569392140381e-10,-2.511542315574765518e-07,5.441991083375079084e-05,-4.899619289627717665e-03,2.916065470605505583e-01,2.496428589164024991e+00
1.019156389807040000e+03,2.792875781799586839e-10,-1.767071397217766234e-07,3.975963222005585846e-05,-3.803229203523741681e-03,2.700488486866460258e-01,2.615123915136734478e+00
1.019324129846500000e+03,-9.329774057342689854e-11,7.172483461055370520e-08,-1.760174884406674886e-05,1.511468036591861238e-03,6.534906570183746100e-02,1.980765700975711585e+00
1.019491853210640102e+03,4.338695201442894611e-10,-2.856346097212123845e-07,6.813943031465270479e-05,-7.063986235938238961e-03,3.963745503411712501e-01,-2.838139131495822642e-01
1.019659559899459964e+03,3.245155556037821679e-10,-1.994091135712850725e-07,4.370421285984831883e-05,-4.106715371171403006e-03,2.524416192192460162e-01,2.389312499414065094e+00
1.019827249912960042e+03,3.071740772003810706e-10,-2.016888026925885563e-07,4.710082552418830770e-05,-4.564818815691552498e-03,2.590606304492990564e-01,2.286468204135717386e+00
1.019994923251140108e+03,-6.996282803944648639e-11,6.077903088462941200e-08,-1.828738695875601919e-05,2.267901402468611941e-03,4.000843286461978074e-04,3.986897930900074272e+00
1.020162579913999934e+03,4.980897922162022309e-10,-3.238566974566812799e-07,7.567150879790460671e-05,-7.529860974756536103e-03,3.920820477764027645e-01,2.168916795458746827e-01
1.020330219901539976e+03,1.798684885457202094e-10,-1.060582013766772031e-07,2.249745235485948764e-05,-2.172163148733754871e-03,2.131603511791077821e-01,2.789658361051296609e+00
1.020497843213760120e+03,1.800834698790803727e-10,-1.140465643949826422e-07,2.653652512101035659e-05,-2.855447164253109051e-03,2.581661640876449226e-01,1.871437069446399315e+00
1.020665449850659911e+03,4.784639794695431012e-10,-3.031224236309747264e-07,6.926830199931924400e-05,-6.840183624904827217e-03,3.740997796089775562e-01,2.183108555449382870e-01
1.020833039812240031e+03,2.000316103402404194e-10,-1.110175336328847758e-07,2.150789199548524931e-05,-1.808664229105360960e-03,1.808779520471557045e-01,3.788198798017794466e+00
1.021000613098500025e+03,2.025805903269858965e-10,-1.219410954527284367e-07,2.415383979218429681e-05,-1.527890171732231147e-03,7.672920589456766471e-02,3.087588629979046484e+00
1.021168169709439894e+03,1.226438083606648902e-10,-1.028676605623979966e-07,3.209288839842329145e-05,-4.354860355481588938e-03,3.324700182079975974e-01,-3.587039343912573064e-01
1.021335709645059978e+03,3.878774626628798514e-10,-2.659784703697361933e-07,6.533163016609667452e-05,-6.710351226318343222e-03,3.688783187390732854e-01,5.270765605548888288e-01
1.021503232905360051e+03,3.500343214651156825e-10,-2.073063826744915679e-07,4.131301600719736715e-05,-2.832496753017169338e-03,9.796446681180238925e-02,3.554659912354588336e+00
1.021670739490339884e+03,2.812417198913304529e-10,-1.668837646609260625e-07,3.492784831451105067e-05,-3.143225007405887027e-03,2.346546736125773303e-01,2.916279130268446096e+00
1.021838229399999932e+03,1.997856682616649344e-10,-1.145395944731444267e-07,2.334187324281424960e-05,-2.077036772187698752e-03,1.998810703046784154e-01,2.791854813665383350e+00
1.022005702634340082e+03,1.889152257136513483e-10,-1.167588444594152222e-07,2.576385763854411004e-05,-2.384468176693540272e-03,2.016657764601564040e-01,-7.050176014673158187e-02
1.022173159193360107e+03,4.225331224636975663e-11,-3.587768081734825671e-08,1.146687459039388112e-05,-1.582448273442775121e-03,1.605484346128693562e-01,3.716436416749225202e+00
1.022340599077060006e+03,3.104982613841852358e-10,-2.032440528173024283e-07,4.770765618745577424e-05,-4.797857509851895935e-03,2.892890277504873708e-01,1.685453866731757122e+00
1.022508022285440006e+03,-6.531385911499034803e-11,4.056281001982784649e-08,-8.600309374342779802e-06,6.114591631136834368e-04,1.218079638676774767e-01,3.221661153867855454e+00
1.022675428818500109e+03,1.810633447237175184e-10,-1.223603901336978811e-07,3.076390074375163011e-05,-3.464393757370313239e-03,2.728184503285012164e-01,3.757374237721024940e-02
1.022842818676239972e+03,-5.326815187142429939e-11,3.461306799502308138e-08,-7.631991369913024729e-06,5.458485368474306956e-04,1.212930440175226804e-01,3.273068565196773694e+00
1.023010191858660050e+03,2.929681118876522966e-10,-1.994440739711717096e-07,4.783320026006262983e-05,-4.787002627243521283e-03,3.096789011235065447e-01,1.980461170325565456e+00
1.023177548365760117e+03,4.301525536260363722e-10,-2.793485529743788568e-07,6.564650444083890049e-05,-6.630465850048838927e-03,3.648844496909382507e-01,6.079947620657999430e-01
1.023344888197539944e+03,-8.304886266631200281e-11,5.703115227500382961e-08,-1.553950178599953959e-05,2.055475676180212700e-03,-1.535310489901338914e-02,4.215096932433998411e+00
1.023512211353999987e+03,1.370716483806684851e-10,-7.775027882554773883e-08,1.507806385053691687e-05,-1.226749787559257678e-03,1.605960992092016204e-01,3.295867948445370121e+00
1.023679517835140132e+03,3.346832100718548594e-10,-2.077778693842929428e-07,4.530966079833795973e-05,-4.032839530567827388e-03,2.224273878021503781e-01,3.115770008380217337e+00
1.023846807640959923e+03,2.331993006879716631e-10,-1.427156514780755037e-07,3.092037840175230367e-05,-2.857473168095216697e-03,2.061610923786407756e-01,2.618264941936758294e+00
1.024014080771459930e+03,1.168036201848013470e-10,-8.068370953091905981e-08,2.034292217401158725e-05,-2.285563311357483637e-03,2.262075884293698047e-01,2.907815319463099790e+00
1.024181337226640153e+03,3.477086445947692782e-10,-2.175869375552128233e-07,4.828227153407753364e-05,-4.442119472937103124e-03,2.477658155213514346e-01,2.342261801787902886e+00
1.024348577006499909e+03,2.492244490903270592e-10,-1.604975738851018092e-07,3.739111204149178153e-05,-3.809566254778343729e-03,2.646806579388706337e-01,8.800939096818902740e-01
1.024515800111039880e+03,6.349675003540681829e-11,-2.215261996720002344e-08,3.126124129265763350e-07,4.016900585105431559e-04,8.670740078598923595e-02,1.899967149477578721e+00
1.024683006540260067e+03,-1.342752123099707893e-10,9.731270055580527490e-08,-2.462200304480043379e-05,2.417379284977272998e-03,4.781641042904848093e-02,4.679533412594160779e+00
1.024850196294160014e+03,1.246012187511519933e-10,-7.509151694138902903e-08,1.709252447153463425e-05,-1.852872342901443333e-03,1.959810150039091314e-01,1.889328098215888430e+00
1.025017369372739950e+03,2.602898009931390231e-10,-1.652664353935817820e-07,3.688842913400936386e-05,-3.323929616703188289e-03,2.091890900844895484e-01,3.222663735497624860e+00
1.025184525776000100e+03,1.246336621899696737e-10,-7.289191791664652722e-08,1.546532686645093389e-05,-1.650483572251010582e-03,2.213931475857161824e-01,1.415665924972393963e+00
1.025351665503940012e+03,2.111614472596462163e-10,-1.386736753635482355e-07,3.512052902241072616e-05,-4.259794835521295286e-03,3.173492958364941274e-01,-1.027851006687897362e-01
1.025518788556559912e+03,1.699265664649935293e-10,-9.871222543634104182e-08,2.045433159231407666e-05,-2.009917153796306373e-03,2.256600463418636515e-01,1.455093873017400563e+00
1.025685894933860027e+03,3.406706634264852245e-11,-2.486610126087965097e-08,7.436052366245023812e-06,-1.158624986483228030e-03,1.943504133754954122e-01,2.192140022827208379e-01
1.025852984635840130e+03,1.223062133443717747e-10,-9.641356195329605082e-08,2.898031681222689446e-05,-3.946125557131349715e-03,3.076117426699441770e-01,3.093492518535176372e-01
1.026020057662499994e+03,1.687259461458504705e-10,-1.113672614397107123e-07,2.712236338057239974e-05,-3.083686473669850717e-03,2.892325645095019104e-01,-7.324260864721371389e-02
1.026187114013840073e+03,2.431740821010972548e-10,-1.366384777648621145e-07,2.721624385069720131e-05,-2.467672681158607564e-03,2.286393006282887164e-01,2.052721996858811515e+00
1.026354153689860141e+03,3.179385905645013083e-10,-1.959478729510670833e-07,4.346182856227537251e-05,-4.274208434270929807e-03,3.034759004883511024e-01,1.248764581862187306e+00
1.026521176690559969e+03,8.682899851142271725e-11,-5.162758287740886221e-08,1.307690473588914914e-05,-1.710823300762130033e-03,1.829323478641942113e-01,2.456289082735592100e+00
1.026688183015940012e+03,1.236237902113408328e-10,-6.493593129094376811e-08,1.263221901880601295e-05,-1.339861122902234747e-03,2.058735917111917113e-01,2.067606941941854792e+00
1.026855172666000044e+03,3.970538573712227213e-10,-2.680565512497679555e-07,6.455495453848269897e-05,-6.541667633577078964e-03,3.533420087293119294e-01,6.896349762430730168e-01
1.027022145640739836e+03,2.470721468870213825e-10,-1.414430384012119887e-07,2.653102664493413700e-05,-1.660732278783811624e-03,9.306104352122748780e-02,2.732817751126768613e+00
1.027189101940160072e+03,-8.108005698586159959e-12,1.484383008188518717e-08,-5.792221622891365039e-06,7.505562364616922286e-04,9.299869635217800079e-02,7.985043972882851504e-01
1.027356041564260067e+03,5.507685158690613395e-10,-3.683228665187207790e-07,8.700422583960672272e-05,-8.398958071112662405e-03,3.912097706471317493e-01,1.728022761700416465e+00
1.027522964513040051e+03,7.145145944159659163e-11,-2.695581079441256292e-08,9.750079284033883717e-07,4.544669864226291755e-04,8.164100096896531600e-02,1.514910941081038631e+00
1.027689870786500023e+03,-6.241632818524299068e-11,4.461280016757814935e-08,-1.184543206404126021e-05,1.311651203305716279e-03,6.309997699972293150e-02,5.183865331199851489e+00
1.027856760384639983e+03,3.352342091859014839e-10,-2.200648045733291885e-07,5.202534364661433596e-05,-5.242069595533905418e-03,3.012831839656702204e-01,2.141761680923472966e+00
1.028023633307460159e+03,2.232214439784685783e-10,-1.429506794708803798e-07,3.283938059927163058e-05,-3.343260270745533006e-03,2.681828215140246163e-01,1.631220554965513658e+00
1.028190489554959868e+03,-8.997245760408829891e-11,6.539681842876007222e-08,-1.781267744878001070e-05,2.082798586922637082e-03,2.910687464695525806e-02,4.928550218037107022e+00
1.028357329127140019e+03,1.155391783525707948e-10,-7.257538591677644238e-08,1.634618742744241770e-05,-1.534616122897863692e-03,1.593864441324695791e-01,2.697938268612756652e+00
1.028524152024000159e+03,2.993094309559304143e-10,-2.116355180243296998e-07,5.403890355256976648e-05,-5.971226163307639598e-03,3.692330725021851778e-01,-2.163230380822807053e-01
1.028690958245539832e+03,-2.316062038921794320e-11,2.795530748184364192e-08,-9.338502442281027533e-06,1.097794904656966336e-03,7.263710910192028303e-02,5.544893477692940387e+00
1.028857747791759948e+03,2.364946700011411959e-10,-1.502646908691852838e-07,3.544019517806232386e-05,-3.890146713448314891e-03,3.203396940401678217e-01,7.715175863434151071e-02
1.029024520662660052e+03,3.510007310907365093e-10,-2.316509313465949785e-07,5.572135334018770629e-05,-5.949495673391332236e-03,3.756413868288363545e-01,-9.365527986542980798e-01
1.029191276858239917e+03,2.299376606986953487e-10,-1.396410102982315750e-07,2.938236659714492475e-05,-2.479036111192949379e-03,1.999825824651848549e-01,4.112034594595728620e+00
1.029358016378499997e+03,3.912124725157706520e-10,-2.585364879479417817e-07,6.147471111944742702e-05,-6.255474559681252315e-03,3.469093894720701732e-01,1.087258357969415945e+00
1.029524739223440065e+03,-3.643200281393638082e-11,3.405481690979107792e-08,-1.008617950876325957e-05,9.695973576836238155e-04,1.129913195237503970e-01,3.072169946689404796e+00
1.029691445393059894e+03,-2.032683715180456945e-11,1.555920853905229771e-08,-3.428015141899748271e-06,1.065184737035570784e-04,1.470971888073470402e-01,2.998501781402361566e+00
1.029858134887359938e+03,4.256794665192200418e-10,-2.587789754814054905e-07,5.445056777228668047e-05,-4.577529458958787094e-03,2.220010389975611287e-01,3.743986809882131173e+00
1.030024807706339971e+03,1.515590818233778022e-10,-1.080092540025474709e-07,2.568684388846004501e-05,-2.338582106690272142e-03,1.827423204204812746e-01,4.620544763664200971e+00
1.030191463850000218e+03,3.239524290544027155e-10,-2.136012606141490982e-07,5.063343464693156610e-05,-5.124978081810330731e-03,3.029649286277550368e-01,1.566214161929378790e+00
1.030358103318340000e+03,9.035652659736752694e-11,-4.860564818990966274e-08,8.108005020192323193e-06,-2.852348756982818869e-04,7.159478600160870676e-02,5.259614407943438152e+00
1.030524726111359996e+03,2.379892128822519271e-10,-1.618926281999711179e-07,3.870466313228627286e-05,-3.684240772419469616e-03,2.110561587856001897e-01,3.731055862897863395e+00
1.030691332229060208e+03,4.347420581831230809e-10,-2.810023537701842426e-07,6.495305704597442991e-05,-6.464089190556413650e-03,3.622099543327187421e-01,4.359558661678015756e-01
1.030857921671439954e+03,1.972503794067103443e-10,-1.022609282081104185e-07,1.661268024673606561e-05,-6.339341203099241925e-04,5.040519441224884656e-02,3.429554404826004266e+00
1.031024494438499914e+03,2.051820568472937228e-10,-1.354088334143772212e-07,3.341351565292316592e-05,-3.628469044832683624e-03,2.611833938385185183e-01,2.069008098213791058e+00
1.031191050530240091e+03,-1.101342186897711953e-10,8.261488912184665226e-08,-2.211336420532051766e-05,2.459856949509785316e-03,1.034967901232448570e-02,6.320180494330848830e+00
1.031357589946660028e+03,2.685221505814542887e-10,-1.885460236008512687e-07,4.748908182151755059e-05,-5.132951554080906337e-03,3.192782905121820392e-01,1.200876657918261925e+00
1.031524112687759953e+03,1.278264393114677823e-10,-7.420834423184238290e-08,1.343804681897814362e-05,-6.004892641520632362e-04,5.732117281036978179e-02,6.337202247756110296e+00
1.031690618753540093e+03,2.828772920654138279e-10,-1.739887373920366093e-07,3.917435109237709626e-05,-4.035949547771702610e-03,2.880346662037711614e-01,6.800326048407195900e-01
1.031857108143999994e+03,2.603409047743625013e-10,-1.690063634402990729e-07,3.965809313848042705e-05,-4.097538302897612769e-03,2.838612938493800253e-01,3.481650230484813480e-01
1.032023580859140111e+03,1.635292032215952836e-11,8.253281239958380410e-09,-7.435925992294078491e-06,1.438337791066709569e-03,2.258501089820616134e-02,3.318739910710745367e+00
1.032190036898959988e+03,1.130469821072164782e-10,-5.818684437645954508e-08,9.436504073317397690e-06,-4.894881989892076526e-04,9.740505556973907964e-02,4.373240254959755546e+00
1.032356476263459854e+03,3.182298819252240284e-10,-2.063124767949268760e-07,4.832050593218434234e-05,-5.089249604613035535e-03,3.584059720360088241e-01,5.865667068970757958e-01
1.032522898952639935e+03,-3.762766212907550318e-11,2.413967893333860964e-08,-5.886988661563816446e-06,5.281746590496106362e-04,1.112236583258252448e-01,4.308410276766169389e+00
1.032689304966500004e+03,1.784717810387250736e-10,-1.306629837709387644e-07,3.301885607576734402e-05,-3.213007492087836987e-03,1.945936048555660380e-01,4.369702087041750893e+00
1.032855694305040060e+03,9.226867754904338096e-11,-4.241718141645731763e-08,5.795497638428711264e-06,-2.068195867906560633e-04,1.063085550236213817e-01,2.590115358580528770e+00
1.033022066968259878e+03,2.344401412769705367e-10,-1.397327239740624509e-07,3.011173066803066420e-05,-2.831519413112668863e-03,2.123992936216809735e-01,2.224709202400823038e+00
1.033188422956160139e+03,1.935045337356920620e-10,-1.193748138742568031e-07,2.751162155502640593e-05,-3.020596279830856361e-03,2.721854306718640704e-01,2.216320032662346673e+00
1.033354762268740160e+03,1.453996575990478823e-10,-7.422598592025660719e-08,1.214098433053609393e-05,-6.946788974212316252e-04,1.056525263762345540e-01,4.237104347382674163e+00
1.033521084905999942e+03,2.296593120988649390e-10,-1.526476388395501674e-07,3.701430301829934438e-05,-3.971794549644225812e-03,2.763984944889034123e-01,1.535495955371295018e+00
1.033687390867939939e+03,3.143797130982051959e-10,-1.644422450375548201e-07,2.720813166475496650e-05,-1.414723634173060095e-03,1.025666490106492829e-01,2.999356673258780859e+00
1.033853680154560152e+03,2.004757299378622369e-10,-1.074791331159264100e-07,1.800906387284232461e-05,-9.743989290078625175e-04,1.165751262701408830e-01,2.172606862105738390e+00
1.034019952765859898e+03,1.335463080139153831e-10,-8.749202622855781371e-08,2.150551831629855722e-05,-2.571134668227624369e-03,2.664793768263858942e-01,1.469843797021952003e+00
1.034186208701840087e+03,5.854268181357768118e-11,-3.740016835337252847e-08,9.180619570016246387e-06,-1.248901890470102130e-03,2.089477526519698536e-01,2.444713672474340793e+00
1.034352447962500037e+03,3.569811663136456972e-10,-2.344709281564638855e-07,5.404900291548553798e-05,-5.100618829323656962e-03,2.824845814939058730e-01,2.478595508592063013e+00
1.034518670547839974e+03,2.014540607854888008e-10,-1.443170982998519589e-07,3.701430766592985074e-05,-4.075889550453798069e-03,2.813707962084689984e-01,1.280352661513213697e+00
1.034684876457859900e+03,5.620136800936783704e-10,-3.452456042527243892e-07,7.509498936897800257e-05,-6.844498139303452529e-03,3.276607490291172931e-01,2.552713454680860750e+00
1.034851065692560041e+03,2.082814823122240974e-10,-1.479708619995152566e-07,3.948964287948198364e-05,-4.759497428297600197e-03,3.340651462503492763e-01,-4.313924277994741208e-01
1.035017238251939943e+03,4.403088181808222817e-10,-2.974729228162341820e-07,7.388001669466601239e-05,-7.946634023555231713e-03,4.061127726811286087e-01,1.416496035819267973e+00
1.035183394136000061e+03,3.651729044453673415e-10,-2.166011524394405249e-07,4.375943788877183850e-05,-3.518336703887489474e-03,2.274441786782300801e-01,3.839043752443025426e+00
1.035349533344739939e+03,3.818872183957558744e-10,-2.475886951697640239e-07,5.752590307681799985e-05,-5.697549605508452943e-03,3.214359905238932114e-01,1.418553072557506622e+00
1.035515655878160032e+03,1.485771864538033653e-10,-6.853958852379620595e-08,8.324524529524700512e-06,-3.587306362443179350e-05,9.202797341944779497e-02,8.586755243878162469e-01
1.035681761736259887e+03,4.802658543301246131e-10,-2.962836654337403834e-07,6.523036000289393415e-05,-6.208124830441307494e-03,3.457905796228500916e-01,1.877450093823329613e-01
1.035847850919039956e+03,2.722070865956144705e-10,-1.852949831297833250e-07,4.500475828166133663e-05,-4.528766837945834289e-03,2.710695777427105657e-01,2.451058342453602101e+00
1.036013923426500014e+03,3.059800305013455266e-10,-1.813124190009146769e-07,3.576911062094687385e-05,-2.530726351196965675e-03,1.528886595072363741e-01,5.194431416829220716e+00
1.036179979258639833e+03,2.154809935368696212e-10,-1.293403003028509345e-07,2.817505404554953706e-05,-2.819341362121175875e-03,2.482735511199810896e-01,2.099501011574433473e+00
1.036346018415460094e+03,2.870181030902902841e-10,-1.872398464005231803e-07,4.427139031579314460e-05,-4.618251975134390203e-03,3.082354319125609199e-01,-1.607947591344816018e-01
1.036512040896960116e+03,5.627245957509054541e-10,-3.561222138996650030e-07,7.821761911083153032e-05,-6.768005520072347715e-03,2.822592564588646824e-01,3.974604533493247605e+00
1.036678046703139898e+03,3.724438708556214925e-10,-2.327374032082303256e-07,5.305268097151275307e-05,-5.341946306927892150e-03,3.340313980216630951e-01,-4.101758412295622991e-01
1.036844035833999897e+03,-1.090775366618796168e-11,1.762590360540209243e-08,-6.922338585987234987e-06,9.194034060091439003e-04,7.241083891879106227e-02,2.481002133299047063e+00
1.037010008289540110e+03,2.573321945778200810e-10,-1.566004948572705627e-07,3.320455829612467904e-05,-2.958560979137063798e-03,2.096775834749118328e-01,1.682171658855376783e+00
1.037175964069759857e+03,2.545708338900364539e-10,-1.623651651469599530e-07,3.715604204073629072e-05,-3.651018315821273445e-03,2.394090716072958258e-01,2.468009598601331955e+00
1.037341903174660047e+03,-4.570771187670456842e-11,2.437776683302822015e-08,-3.200233634223923440e-06,-7.566721573496369908e-05,1.456545338398936296e-01,4.096625775483521359e+00
1.037507825604239997e+03,1.336135136230814704e-10,-7.487521383060403404e-08,1.548495064888573525e-05,-1.592290181085187105e-03,2.148678170712152447e-01,9.303066725967673589e-01
1.037673731358499936e+03,3.811786578724608049e-10,-2.429774966279666609e-07,5.433942634536934399e-05,-4.863662825275257354e-03,2.343408473673029846e-01,4.175569091297052005e+00
1.037839620437439862e+03,2.795309741268707101e-10,-1.747821017967249925e-07,3.913900449046774343e-05,-3.824822362473718432e-03,2.576807432189926472e-01,1.016896502919556244e+00
1.038005492841060004e+03,5.866779815067609590e-10,-3.782512077296726941e-07,8.741655594969120876e-05,-8.721600502320587395e-03,4.523021728704125222e-01,-9.948330036922833353e-01
1.038171348569360134e+03,1.300564424585074954e-10,-8.021128985135083554e-08,1.818847785293311534e-05,-2.018106449163938228e-03,2.413243410708718339e-01,4.792040383620010946e-01
1.038337187622340025e+03,3.454895795837285983e-10,-2.158916825069797085e-07,4.865995195069352131e-05,-4.899789047191425127e-03,3.196486215136539188e-01,-5.104678681033643084e-01
1.038503010000000131e+03,1.140537061489674897e-10,-5.938231008870374681e-08,1.068360299162977495e-05,-1.042710653775953374e-03,1.928610967387243413e-01,1.786731479092051433e+00
1.038668815702339998e+03,1.381144008484047831e-10,-9.657521082613633705e-08,2.476381079832053883e-05,-2.877363375543475193e-03,2.766364544212668308e-01,7.949278602673205407e-01
1.038834604729359853e+03,4.057977354143950252e-10,-2.554169834779564537e-07,5.651293809138315536e-05,-5.140392426370992904e-03,2.832916751449285897e-01,7.540188208819856852e-01
1.039000377081059924e+03,2.176864940993162210e-10,-1.270140722286671566e-07,2.584903066374796834e-05,-2.136115699207259862e-03,1.762953195068710233e-01,4.088850736051143464e+00
1.039166132757440209e+03,5.603176988666303935e-10,-3.535227218684130405e-07,8.046285411915184605e-05,-7.958882185323009131e-03,4.219477572508741336e-01,-6.187433942268565357e-01
1.039331871758500029e+03,1.453630195592474746e-10,-1.112279879487916616e-07,3.019342227281161082e-05,-3.446856893401697985e-03,2.789914843264703070e-01,-4.313821063323574068e-01
1.039497594084240063e+03,3.565752307471438289e-10,-2.166116425159447148e-07,4.519934156674399692e-05,-3.693111440505389767e-03,2.046282515545790881e-01,2.535900390724044939e+00
1.039663299734660086e+03,2.436377582372244489e-10,-1.701389912453276145e-07,4.253209857169932455e-05,-4.502430728306913016e-03,2.989602079359945375e-01,-2.736685032398681328e-01
1.039828988709759869e+03,3.289242730989734702e-10,-2.081292431799556752e-07,4.541891903142208827e-05,-3.988890784044950635e-03,2.453793670672531346e-01,3.529176714078324117e+00
1.039994661009540096e+03,-3.603739090942353427e-11,2.537546537823378116e-08,-5.588499716103644827e-06,2.641352618587596425e-04,1.444574584688881336e-01,2.765187413596724486e+00
1.040160316634000083e+03,3.526008968580742085e-10,-1.987887129538914823e-07,3.842954705675168570e-05,-3.047229244531660369e-03,2.052414122459722268e-01,4.033973199964721701e+00
1.040325955583139830e+03,6.404404863329005404e-10,-4.046399950902409156e-07,9.018731745641085868e-05,-8.378232503626296263e-03,3.858724578798401472e-01,1.468680159010571140e+00
1.040491577856960021e+03,2.991666265460269016e-10,-1.827246996814820882e-07,3.998493141148423046e-05,-3.894516862863879082e-03,2.765491699824963456e-01,-6.091981170771474385e-01
1.040657183455459972e+03,1.943041488808191982e-10,-1.033079663918971540e-07,1.736300636211617272e-05,-1.070041481981877894e-03,1.414531548982328191e-01,4.303189840813607780e+00
1.040822772378640138e+03,3.475510576454931705e-10,-2.261572025316745041e-07,5.381928847470843653e-05,-5.629174232726612964e-03,3.516913299073808896e-01,-6.473895148312467374e-01
1.040988344626500066e+03,3.581151585882020943e-10,-2.287255534662183684e-07,5.251062219698335152e-05,-5.270540921968682596e-03,3.237555265272720750e-01,3.773952088570777796e-01
1.041153900199039981e+03,4.689687119412742252e-10,-2.845541204055567348e-07,6.150490130072289738e-05,-5.857811224761973017e-03,3.629861801601384497e-01,2.338106366802938929e-01
1.041319439096260112e+03,3.110244347601794898e-10,-2.029996703035819009e-07,4.861226375473410568e-05,-5.177447670344155137e-03,3.418459588772094770e-01,-1.124514722179063897e+00
1.041484961318160003e+03,3.920942051184840625e-10,-2.407261888015613084e-07,5.227617500941785200e-05,-4.884361922361055847e-03,3.063397004898822384e-01,1.567442635731967293e+00
1.041650466864740110e+03,1.326195618175390747e-10,-9.361910477757131506e-08,2.377460693194081816e-05,-2.681053695939549560e-03,2.511830547879027598e-01,-4.251990850194590776e-01
1.041815955735999978e+03,3.375956434209271411e-10,-2.184182358412055686e-07,5.105076409357024980e-05,-5.239158224313661232e-03,3.266181488985805959e-01,-1.374707142516812253e-01
1.041981427931939834e+03,1.960795106728666035e-10,-1.107399820817658360e-07,2.249428401361074745e-05,-2.269507192876053271e-03,2.451068923203359451e-01,1.287345854578533677e+00
1.042146883452559905e+03,2.785385714273574198e-10,-1.665566075940959697e-07,3.558370562804231946e-05,-3.503185833693476473e-03,2.908378930433818677e-01,3.060682835799546364e-01
1.042312322297860192e+03,3.181319799358498656e-10,-1.803869760376650189e-07,3.602591079928613789e-05,-3.300905067796670866e-03,2.740204201029512454e-01,7.738274134778695412e-01
1.042477744467840012e+03,4.138098073885450242e-10,-2.758362529575697113e-07,6.522443705282937685e-05,-6.354392939806205454e-03,3.330604538134893655e-01,1.388782343136607533e+00
1.042643149962500047e+03,1.618960122522541591e-10,-7.514673449849416823e-08,9.548332597897837243e-06,-1.185560251679042542e-04,8.817386690416370576e-02,4.996934412861189223e+00
1.042808538781840070e+03,-5.844792876497899106e-11,2.768162490945925751e-08,-1.897190864013917513e-06,-7.455556175318620851e-04,2.174153252238681111e-01,1.101439504475302256e+00
1.042973910925859855e+03,2.385786375705550912e-10,-1.363058114439555696e-07,2.723940758260532893e-05,-2.432762362739984089e-03,2.253776468461804738e-01,1.698669562960838153e+00
1.043139266394560082e+03,2.683722170394947270e-10,-1.673856287550687683e-07,3.759169976079864236e-05,-3.808097427683527353e-03,2.907607181283479725e-01,1.083437975989445468e+00
1.043304605187940069e+03,2.927668179896672467e-10,-1.703131184138084990e-07,3.459164486210645725e-05,-3.026091135743350438e-03,2.287915490038242017e-01,2.844868032217187981e+00
1.043469927306000045e+03,2.171083246664546138e-10,-1.162911230674196818e-07,2.098510474446133088e-05,-1.539502831219746563e-03,1.590699687488802971e-01,4.091312213579112900e+00
1.043635232748740009e+03,5.276262290470058621e-10,-3.264559241009608322e-07,7.190901738869472418e-05,-6.716522452811215550e-03,3.367642218129663911e-01,1.749385600159284460e+00
1.043800521516159961e+03,2.249092017489489458e-10,-1.462778202905433026e-07,3.491798814980796205e-05,-3.827575137403524050e-03,3.128641143289633830e-01,2.194888809064547142e-01
1.043965793608260128e+03,2.376235273208844103e-11,-7.043764035458326268e-09,-2.803846723936194204e-07,3.363198437551009065e-05,1.344154447252696172e-01,3.460038245866202899e+00
1.044131049025040056e+03,2.467959763115166521e-10,-1.493987056603703530e-07,3.380671157050940527e-05,-3.626759047088464437e-03,3.079058349776466197e-01,2.654790491637049055e-01
1.044296287766499972e+03,2.761658206762921982e-10,-1.715780023224770998e-07,3.827799326906330485e-05,-3.794378219920658234e-03,2.729003236982383562e-01,2.790839982494170535e+00
1.044461509832640104e+03,5.347444297793293489e-10,-3.369178666232221894e-07,7.552851765986533066e-05,-7.142169429027400707e-03,3.549092413261719647e-01,1.194897064817667109e+00
1.044626715223459996e+03,3.387677307295923045e-10,-2.210077539307585213e-07,5.277744807449121330e-05,-5.728870947017595909e-03,3.924196242620829889e-01,-4.754963244500818864e-01
1.044791903938960104e+03,4.524853291887759455e-10,-2.921482155898278614e-07,6.850714316798803055e-05,-6.992123717653948682e-03,3.910644109921145861e-01,2.530957939976905546e-01
1.044957075979139972e+03,2.702058545331811204e-10,-1.647396026100835969e-07,3.523505449104946690e-05,-3.228407358937038923e-03,2.384700153881541829e-01,2.758191328467413772e+00
1.045122231343999829e+03,3.375565597654660172e-10,-1.906418411322622356e-07,3.564243676629096265e-05,-2.422361932057052244e-03,1.593650129677092186e-01,5.281422432729108607e+00
1.045287370033539901e+03,3.237685875076980263e-10,-2.025943934271731053e-07,4.537494466531259794e-05,-4.467642703687040029e-03,2.947770071704826633e-01,-4.818962381408615353e-02
1.045452492047760188e+03,1.748949717222168310e-10,-9.113029597724075193e-08,1.560562930173264921e-05,-1.059521323967034740e-03,1.385571351989607902e-01,5.303453270735993819e+00
1.045617597386660009e+03,2.766061365106404937e-10,-1.556966466544594582e-07,3.009403619693760512e-05,-2.409167161682736029e-03,1.842395312219562986e-01,1.592189745418751468e+00
1.045782686050240045e+03,2.815700923678130631e-10,-1.693912706692338607e-07,3.701505124790461230e-05,-3.580954973034324463e-03,2.644986517691517713e-01,2.426893211525608329e+00
1.045947758038500069e+03,3.407202078551039655e-10,-2.042557152771847007e-07,4.301355349059589507e-05,-3.737149059566281534e-03,2.155645678961915501e-01,2.856226776318364635e+00
1.046112813351440082e+03,4.214440398268127945e-11,-1.699510392390509223e-08,1.954684555206797254e-06,-1.052767849028245385e-04,1.334984791753361100e-01,3.524558646478082591e-01
1.046277851989059855e+03,2.076579862993886369e-10,-1.351486057208868562e-07,3.207715806783461009e-05,-3.421555822659050859e-03,2.674146675986432409e-01,1.659127715438726558e-01
1.046442873951360070e+03,5.615181496718389121e-10,-3.538192041210972818e-07,8.009863985029772309e-05,-7.865988673979229170e-03,4.182549247912651369e-01,-9.975642089385836631e-01
1.046607879238340047e+03,3.035163030634195183e-10,-1.798580857350725679e-07,3.696035951408370348e-05,-3.100017690748520932e-03,1.948014096727612166e-01,2.386838707670907223e+00
1.046772867850000011e+03,-2.176651299829630483e-11,2.159375338314912205e-08,-7.794891463813499502e-06,1.151994940880023350e-03,4.464466478601919475e-02,6.089359492026057197e+00
1.046937839786339964e+03,3.517796482938212254e-10,-2.141388129570647396e-07,4.641154456645610386e-05,-4.428090836537113863e-03,2.927673919099290090e-01,-2.332652730945115604e-01
1.047102795047360132e+03,2.827949621683010319e-10,-1.764327792184089490e-07,4.004862314111503610e-05,-4.148014059691164553e-03,3.073276666907328036e-01,-1.259517342555245278e+00
1.047267733633059834e+03,2.703113048002765096e-10,-1.560578828279393711e-07,3.208603779966799510e-05,-2.955749901840155208e-03,2.366016704673847837e-01,2.053902133631664295e-01
1.047432655543439978e+03,2.325534401410311758e-10,-1.495778172402359236e-07,3.439473691425247535e-05,-3.308490046804810330e-03,2.211424309872231930e-01,2.769679527630835469e+00
1.047597560778500110e+03,4.292897017112381959e-10,-2.761870951718646631e-07,6.310859169099446511e-05,-5.974859922514193407e-03,3.022666916667420267e-01,2.198447232923708583e+00
1.047762449338240003e+03,4.125366445700322930e-10,-2.543124398428863624e-07,5.565630809459825868e-05,-5.213881744076723050e-03,2.960931635576113385e-01,1.563955912269624493e+00
1.047927321222659884e+03,1.951179326254202646e-10,-1.257646462904847624e-07,2.824104812050699873e-05,-2.565583140507508592e-03,1.762900071411286074e-01,6.715622093065175546e-01
1.048092176431759981e+03,2.930768237435652855e-10,-1.941052135142608422e-07,4.697960983779166658e-05,-5.113078562564641640e-03,3.454663352748344463e-01,-5.561396291447979756e-01
1.048257014965539838e+03,3.235837289845994572e-10,-1.947768528152147007e-07,4.207997261251767991e-05,-4.135270876961076592e-03,3.061815842325327774e-01,1.188532868677310228e+00
1.048421836823999911e+03,4.219791917778014241e-10,-2.920297838884945834e-07,7.280144942614843334e-05,-7.699330146736069365e-03,4.297337988365573236e-01,-7.892104818317959847e-01
1.048586642007139972e+03,4.822917799016027975e-10,-3.019543541217792425e-07,6.813196347809597300e-05,-6.707176067580292514e-03,3.770198550275244420e-01,-4.828367656464507829e-01
1.048751430514960020e+03,2.605030092168625654e-10,-1.640406840160268674e-07,3.713820482708625703e-05,-3.770086909419737616e-03,2.842329701005857356e-01,1.902086419661257910e+00
1.048916202347460057e+03,1.188183080973433274e-10,-5.236314401791826402e-08,6.314393847741479377e-06,-1.018442069835603193e-04,8.608934645800131458e-02,1.447121565131056053e+00
1.049080957504640082e+03,4.301077667143286116e-10,-2.642310038525452951e-07,5.776580635452824709e-05,-5.422663149067665639e-03,3.075310038919502054e-01,1.295474917280125204e+00
1.049245695986500095e+03,1.998684062688533716e-10,-1.207970993728253185e-07,2.617211592045923230e-05,-2.543526277804424810e-03,2.167645544250498268e-01,1.402649466381719723e+00
1.049410417793039869e+03,1.816555936084813529e-11,4.470804123175943479e-09,-5.484658856410682248e-06,1.056735212096036967e-03,4.431844670940159048e-02,6.153266616678925160e+00
1.049575122924260086e+03,2.793853405887505854e-10,-1.815277346936136255e-07,4.249313419013505213e-05,-4.349159230392132466e-03,2.873495081367503645e-01,1.073109376402377357e+00
1.049739811380160063e+03,4.298434145217206018e-10,-2.875303631541981404e-07,6.932989875145170603e-05,-7.238348099580778870e-03,4.037125476796158963e-01,2.985939604075152354e-02
1.049904483160740028e+03,4.797193067307233871e-12,2.717722954693307930e-09,-1.605476165332692902e-06,3.766567262212038123e-05,1.390554248977129426e-01,7.581074595217440759e-01
1.050069138265999982e+03,-1.220640624468289262e-10,9.903718995366665229e-08,-2.956417210271419744e-05,3.831411530669713312e-03,-8.894910627908464429e-02,5.165111878973950077e+00
1.050233776695940151e+03,7.888582436161504730e-12,2.477745973245446781e-08,-1.384907021531443573e-05,2.257744959903579263e-03,-1.036924922011872759e-02,6.444633006391312868e+00
1.050398398450559853e+03,4.178168463357251712e-10,-2.673560998840630212e-07,6.037546130091688235e-05,-5.677798674104120140e-03,2.951654708479460321e-01,2.276578870528221721e+00
1.050563003529859998e+03,3.187996668582084430e-10,-1.956635972733434000e-07,4.316811620777693262e-05,-4.226130552861913185e-03,2.945921213711193976e-01,2.046172622045857370e+00
1.050727591933840131e+03,3.691270863934030480e-10,-2.389513501922944048e-07,5.657923499706204019e-05,-5.932744867008636104e-03,3.699151666137235339e-01,-1.038931714438622977e+00
1.050892163662500025e+03,1.015187070937076327e-10,-5.151702290671429090e-08,7.653607660307132582e-06,-3.359157284359558129e-04,1.246266164208784666e-01,3.452525119551330679e+00
1.051056718715839907e+03,1.263486090027316349e-10,-7.777372780692111421e-08,1.737357253428899884e-05,-1.743396290079588093e-03,1.919839625597260790e-01,3.429364980629579840e+00
1.051221257093860004e+03,2.053633891565698454e-10,-1.306266443327226428e-07,3.018450882954242228e-05,-3.010910487119502175e-03,2.252440434326066776e-01,2.276372965082322786e+00
1.051385778796559862e+03,2.375950631437443826e-10,-1.544253932633600441e-07,3.634657444924393809e-05,-3.823999282501507231e-03,2.799086709336079393e-01,5.235428761961544719e-01
1.051550283823939935e+03,2.898852572992739090e-10,-1.729299970758563166e-07,3.673619879908791131e-05,-3.481141346830812864e-03,2.641374455902257834e-01,2.532412682383501590e+00
1.051714772175999997e+03,3.908133685782224590e-10,-2.427496345978090889e-07,5.361399913311492335e-05,-5.057890408626477922e-03,2.860203241367819116e-01,2.341989583794998886e+00
1.051879243852740046e+03,2.383993630100861228e-10,-1.317170315141848332e-07,2.468200557735139794e-05,-1.910021301423396687e-03,1.753805295599391856e-01,4.170909857474392801e+00
1.052043698854159857e+03,1.894035018760845497e-10,-1.296869037991860221e-07,3.265338997524964385e-05,-3.710900032962208966e-03,2.856538133211858344e-01,3.016259330193468702e-01
1.052208137180260110e+03,6.504514381505209993e-10,-4.233545314256459815e-07,9.925779357423894381e-05,-1.010816041142862179e-02,5.196467415024341729e-01,-1.778097059361731347e+00
1.052372558831040124e+03,2.399458844070101472e-10,-1.390726229475879037e-07,2.844998861646997341e-05,-2.463679089858971261e-03,1.968368817155632389e-01,4.322383644587114659e+00
1.052536963806499898e+03,4.943246736341149595e-10,-3.020454430313351051e-07,6.392502825547140353e-05,-5.391205255859724509e-03,2.584566830562556872e-01,3.621361715154864047e+00
1.052701352106640115e+03,3.350610882074275187e-10,-2.240255906207497287e-07,5.425034538643895592e-05,-5.624310405419765020e-03,3.259962490007065616e-01,1.628409214110892345e+00
1.052865723731460093e+03,1.856716259888228369e-10,-1.145453196711885535e-07,2.523189220754898406e-05,-2.586317681815515808e-03,2.510686684903032373e-01,1.587572358920487758e+00
1.053030078680959832e+03,1.462739188815864036e-10,-7.673206928265227462e-08,1.326887437264904315e-05,-9.388143810945166756e-04,1.391153531129154519e-01,2.155633039903285031e+00
1.053194416955140014e+03,3.638305390268165296e-10,-2.415361557844471183e-07,5.827111036931368254e-05,-6.078442844180641930e-03,3.499874358279985165e-01,1.001850297474220719e+00
1.053358738553999956e+03,2.311411239596579867e-11,-1.566168262743954262e-08,3.342947536498387690e-06,-2.030191161230412522e-04,8.722142648877773130e-02,5.093118806488977413e+00
1.053523043477539886e+03,2.125349758688587583e-11,-4.288371581519672808e-09,-1.740552304348497622e-06,3.643361393474135344e-04,1.092428024160563976e-01,4.280451110495945066e+00
1.053687331725760032e+03,5.628164353978038406e-10,-3.470215365452912834e-07,7.609024907308554607e-05,-7.118973044550787332e-03,3.633582766884524418e-01,1.276965435359118439e+00
1.053851603298659938e+03,4.136415783788101006e-10,-2.585637527092118049e-07,5.781786175657774399e-05,-5.557734169430068871e-03,3.121459580632834907e-01,1.707643375225158300e+00
1.054015858196239833e+03,2.276695567770856011e-10,-1.371346168336815905e-07,2.978076944523812847e-05,-2.889792896170288120e-03,2.387863215960799868e-01,2.803130733445097000e+00
1.054180096418499943e+03,3.085279002427001903e-10,-2.089773159050896809e-07,5.127574153640140816e-05,-5.506345825337399282e-03,3.405097273162736027e-01,8.665393557711744688e-01
1.054344317965440041e+03,2.756196100532174870e-10,-1.783212101113092017e-07,4.129739277498536168e-05,-4.063707331871339173e-03,2.505091060552634974e-01,2.687481834475843545e+00
1.054508522837060127e+03,2.571401829652187216e-10,-1.787650336065755271e-07,4.444651253481771581e-05,-4.657355928416283264e-03,2.774877671583247385e-01,2.974215655866909280e+00
1.054672711033359974e+03,2.097963749739728879e-10,-1.326041419382429069e-07,3.130148167989673790e-05,-3.475528062195897168e-03,2.962546433182364214e-01,1.329843980242815693e+00
1.054836882554340036e+03,4.017422108327480774e-10,-2.683494855086496661e-07,6.453361601331865664e-05,-6.688715361564717861e-03,3.728322134141325295e-01,1.145973051286432343e+00
1.055001037400000087e+03,3.709480750618990653e-10,-2.307131548827615766e-07,5.084581536176641109e-05,-4.786962875158988322e-03,2.795709101821625131e-01,2.024633339166340917e+00
1.055165175570339898e+03,2.742440487505223587e-10,-1.653476074824617709e-07,3.475650273122387577e-05,-2.963970692140646245e-03,1.813126396700122100e-01,4.278356814166776267e+00
1.055329297065359924e+03,3.514987997039483945e-10,-2.236058604577405411e-07,5.096443208234687313e-05,-5.066755055672660969e-03,3.455746677434888836e-01,4.484997521113469610e-01
1.055493401885060166e+03,1.364198405795261659e-10,-8.324169353117241233e-08,1.935321290087942714e-05,-2.232178083661653153e-03,2.402115327012054602e-01,2.517430155679760251e+00
1.055657490029439941e+03,5.725922805632742294e-10,-3.707360934702824978e-07,8.633370413106588779e-05,-8.644660390491509111e-03,4.455644907217279349e-01,-3.452954278287583695e-02
1.055821561498499932e+03,1.967741398072019269e-10,-1.391105671996118092e-07,3.540716667959713487e-05,-3.901297495206448081e-03,2.696204604902462387e-01,2.149967204019732403e+00
1.055985616292240138e+03,3.779082902405358231e-10,-2.411624649888444356e-07,5.549869836813367730e-05,-5.679369318298434569e-03,3.598427081883290302e-01,-8.223796589500010912e-01
1.056149654410659878e+03,1.367406967770106080e-10,-7.420491603636425743e-08,1.398438491136092953e-05,-1.050782185638628923e-03,1.314104113418638753e-01,6.257195467172216308e-02
1.056313675853760060e+03,1.723555797753119546e-12,1.973329383630750043e-09,-2.363133000500339968e-06,6.575002885687504820e-04,2.933692323387885117e-02,6.618215964739340151e+00
1.056477680621540003e+03,3.409568942362839948e-10,-2.201587346874044210e-07,5.151669547200870387e-05,-5.220451777904529939e-03,3.127067728440411920e-01,1.779896789950194957e+00
1.056641668713999934e+03,2.151175196071007306e-10,-1.247524984623429925e-07,2.465280442389557487e-05,-1.725711865990120757e-03,9.825724403298619070e-02,3.674166790102756153e+00
1.056805640131140080e+03,1.728824396238531500e-10,-1.060279793084794515e-07,2.315259561701206231e-05,-2.127818919895511831e-03,1.921055771198280082e-01,4.301168947420398680e+00
1.056969594872959988e+03,4.351270208701313838e-10,-2.618399598036276216e-07,5.514965239201895063e-05,-4.813880632659265670e-03,2.511743915639345626e-01,3.294956140691278623e+00
1.057133532939460110e+03,5.628745547957313309e-10,-3.542492292335524423e-07,7.961892873437345977e-05,-7.703167304676667923e-03,3.987176662058907750e-01,6.088022301564869343e-01
1.057297454330639994e+03,2.311030666075417820e-10,-1.350526398596292792e-07,2.708046342189902842e-05,-2.251036361702183058e-03,1.840448007583288526e-01,1.515351355567912783e+00
1.057461359046500093e+03,2.260881379036218676e-10,-1.319517858168870217e-07,2.708531901784067041e-05,-2.378628474071329321e-03,2.001176665627105999e-01,3.676600205234520136e+00
1.057625247087040179e+03,3.378654533064203961e-10,-1.999887903353410428e-07,4.202952403498265080e-05,-3.922865442811108300e-03,2.849293943587386524e-01,1.830383656274308546e+00
1.057789118452260027e+03,3.703640931094547151e-10,-2.303441936346297476e-07,5.163534089886978427e-05,-5.020006282135558440e-03,2.964135302466586741e-01,1.210615937005424803e+00
1.057952973142160090e+03,2.933103887834494192e-10,-1.830113197734711162e-07,4.134347854799675536e-05,-4.175160996182574608e-03,2.874679056659728560e-01,9.285885797356369098e-01
1.058116811156740141e+03,1.393344214491142349e-10,-9.286994023860333591e-08,2.181257144572061479e-05,-2.082827244347930980e-03,1.647709864812706149e-01,4.141395657734170399e+00
1.058280632495999953e+03,-1.133913160766327835e-10,8.243665924896861199e-08,-2.054527284009658567e-05,2.021501771930133296e-03,4.490092658177360918e-02,5.866758522353396010e+00
1.058444437159939980e+03,4.010957041778033950e-10,-2.475043935625596452e-07,5.365220889646426838e-05,-4.822371488165914585e-03,2.556428074078151980e-01,-2.288829377372823271e-01
1.058608225148559995e+03,1.028358399844694834e-10,-5.846490336741487419e-08,1.151354469015866036e-05,-9.255045794545617606e-04,1.411491894914758127e-01,5.101341065452221102e+00
1.058771996461859999e+03,5.843620766551749393e-10,-3.696491578025580966e-07,8.333627956650180107e-05,-7.989139726180503887e-03,3.936944009385552334e-01,1.240313832848791487e+00
1.058935751099839990e+03,4.183957603704035223e-10,-2.612314819598258558e-07,5.736460631632612047e-05,-5.366269643723375719e-03,3.159525292194674262e-01,2.667452648004130289e+00
1.059099489062499970e+03,2.544369443355520347e-11,-2.028501744161057120e-08,5.863538621280905852e-06,-7.342134411712964879e-04,1.433245779750734750e-01,5.408176115109294635e+00
1.059263210349839937e+03,5.522928496304161584e-10,-3.537887835708709038e-07,8.030650332921843268e-05,-7.662253013600911142e-03,3.704181643876841568e-01,2.131313334553115890e+00
1.059426914961859893e+03,3.235429117159451201e-10,-1.965451253154850123e-07,4.277870634480542266e-05,-3.974843370761557346e-03,2.408355451192076557e-01,2.959862456650359519e+00
1.059590602898560064e+03,2.865223374777268486e-10,-1.777072492073010379e-07,3.976074960022754422e-05,-3.931872215334718257e-03,2.788821815251065206e-01,2.776039365801687531e+00
1.059754274159939996e+03,6.414794562416284658e-11,-4.811894285060329402e-08,1.331356990058093794e-05,-1.591482556107229893e-03,1.776381701519744172e-01,-3.213757286609700281e-01
1.059917928745999916e+03,4.088034246944634499e-10,-2.510203570450868277e-07,5.426695461337983863e-05,-4.887713269121717226e-03,2.589901788548671924e-01,2.588911912619182298e-02
1.060081566656740051e+03,3.023709964422298243e-10,-1.828336965418378876e-07,3.870067981020940573e-05,-3.304982684375626194e-03,1.868776878486763104e-01,1.410855612558828298e+00
1.060245187892160175e+03,1.729178949451952928e-10,-1.124282223481034137e-07,2.686493755245768569e-05,-2.874126608404617769e-03,2.426506495669271957e-01,7.530679121428172085e-01
1.060408792452260059e+03,3.130553225599658902e-10,-1.946294134965144923e-07,4.245030393194418246e-05,-3.843247395267191530e-03,2.445821075074225137e-01,1.077569295028541818e+00
1.060572380337039931e+03,5.333027913405951052e-10,-3.464747473820813351e-07,8.155496583858861683e-05,-8.301243772758397019e-03,4.419788791815335571e-01,-7.003035290621472120e-01
1.060735951546500019e+03,7.976823802592884574e-11,-4.386891442612764426e-08,8.588633940670999283e-06,-8.930340386571074783e-04,1.675591394150796332e-01,3.940623041690768602e+00
1.060899506080639867e+03,3.840844884845091912e-10,-2.386879239478207738e-07,5.299597989352309056e-05,-5.011673424545504130e-03,2.821329148029630418e-01,-1.201652450289045548e+00
1.061063043939459931e+03,4.541172328781544122e-10,-2.943034948335992730e-07,6.934059979972880200e-05,-7.100113824108835771e-03,3.918765057984087696e-01,3.389089084285268338e-01
1.061226565122959983e+03,5.986505151761518810e-12,1.153401626047525179e-08,-6.534573469863266630e-06,1.082399380517349999e-03,4.832051111774835622e-02,3.205615350832971000e+00
1.061390069631139795e+03,3.684338965005840782e-10,-2.410199873842533493e-07,5.697242849766871275e-05,-5.703364595276075658e-03,3.145088716501133197e-01,2.020884846202021468e+00
1.061553557464000050e+03,1.365314056271523357e-10,-7.872517867338070675e-08,1.500434292875506840e-05,-1.042446457286814142e-03,1.338289400538589247e-01,6.959374112949924251e-01
1.061717028621540067e+03,3.520746251001090487e-10,-2.258444577605584643e-07,5.241350062758912197e-05,-5.197082311458164385e-03,2.959794032292191734e-01,1.736152609391569346e+00
1.061880483103759843e+03,1.374529738968341362e-10,-6.364144194167864080e-08,8.164888440359567131e-06,-8.866765098297371358e-05,1.027512813718153561e-01,2.568417795679870608e+00
1.062043920910660063e+03,1.238532553355186115e-10,-6.494128993193212012e-08,1.151620581861722835e-05,-7.810464675714370560e-04,1.245374739664995289e-01,2.042167973237129175e+00
1.062207342042240043e+03,2.769043685926914358e-10,-1.651635423702170201e-07,3.550703499665875296e-05,-3.471029790184066658e-03,2.851266432420361263e-01,5.243215443769653206e-01
1.062370746498500012e+03,2.688832770485011710e-10,-1.772271635050316803e-07,4.276476025910807465e-05,-4.632832871730948633e-03,3.324540628398531261e-01,1.586432901611491308e+00
1.062534134279439968e+03,2.764816230891009725e-10,-1.645097269326033331e-07,3.551875516250213902e-05,-3.559123386590729889e-03,2.861376043858531726e-01,1.514045964224652874e+00
1.062697505385060140e+03,1.974204382186071979e-10,-1.121643870294686852e-07,2.192819171801495880e-05,-1.677108426353971513e-03,1.511220014691127267e-01,1.834125990713949106e+00
1.062860859815360072e+03,4.411785269000369336e-10,-2.825434692605845228e-07,6.480069194250931506e-05,-6.410937352867968585e-03,3.547007738019470335e-01,6.827817681480762291e-01
1.063024197570339993e+03,4.445713259595646189e-10,-2.760933778185840227e-07,6.158738235038517701e-05,-6.082296149314395974e-03,3.714319141251696266e-01,9.600936784169792348e-01
1.063187518650000129e+03,2.737714559380402322e-10,-1.688427123846831226e-07,3.893644346758365381e-05,-4.243633096276860743e-03,3.388038696350260115e-01,-3.527398218950298925e-01
1.063350823054340026e+03,1.425424559313630365e-10,-7.494653955073682337e-08,1.380021223568257223e-05,-1.252866948702157030e-03,1.894472630203394847e-01,2.632591861837632941e+00
1.063514110783359911e+03,4.473529918425488395e-10,-2.999545369633885125e-07,7.241521912324239542e-05,-7.336056631416588807e-03,3.631703289203014884e-01,2.461901722961873595e+00
1.063677381837060011e+03,2.775738460974050808e-10,-1.744977496263722300e-07,3.957509047895598544e-05,-4.015278219637405215e-03,2.981871383784862606e-01,1.457694683567874128e+00
1.063840636215440099e+03,3.725107336445880578e-10,-2.743271642109144113e-07,7.296941501737959216e-05,-8.236529123023059867e-03,4.417728695452117216e-01,5.848510947604551591e-01
1.064003873918499949e+03,-1.614035905415223677e-10,8.742006308834224242e-08,-1.577168234297995171e-05,1.223926566878091957e-03,-8.320438161371596086e-03,1.788080513758938173e+00
1.064167094946240013e+03,-3.016161230564833099e-11,2.222092012790130525e-08,-6.160139442421405916e-06,8.015507077516324146e-04,-9.699824875513721537e-03,1.821283287240941462e+00
1.064330299298660066e+03,-1.111952085913105528e-11,1.507277440480541272e-08,-5.910006652215728437e-06,9.205257576653981403e-04,-1.760023518501111287e-02,1.750069980994464647e+00
1.064493486975759879e+03,-8.594221593754746533e-11,6.112528844291962831e-08,-1.590001873655208804e-05,1.836614500227843607e-03,-5.007370824745148441e-02,2.050065089734537604e+00
1.064656657977539908e+03,-2.993561119749192299e-10,1.823397979553432174e-07,-3.912828589591913706e-05,3.658219495567280235e-03,-1.028520852117902201e-01,2.363253485180393909e+00
1.064819812304000152e+03,8.382810102047083840e-11,-5.725569999181348311e-08,1.475578069078852190e-05,-1.786294177470328700e-03,1.410704594739136952e-01,1.738866419431055022e+00
1.064982949955140157e+03,6.987215716563636293e-11,-5.425470713261686583e-08,1.550619808199788698e-05,-2.013498090190408811e-03,1.582070784153079002e-01,1.324580728028431631e+00
1.065146070930959922e+03,-1.266359705491810043e-10,6.047810545738796233e-08,-7.772764461058286113e-06,6.585176968190202475e-05,7.467423144637856669e-02,2.589973017043730952e+00
1.065309175231460131e+03,-3.739123651782570920e-11,2.487357144103157360e-08,-3.832481407050134337e-06,-3.817796930839084126e-04,1.605504827599127660e-01,7.040922205637784037e-01
1.065472262856640100e+03,5.924633825110555916e-11,-4.460009138553807216e-08,1.260122998495083945e-05,-1.633269494773139470e-03,1.315172744068360267e-01,2.468386111199578181e+00
1.065635333806500057e+03,-7.565167187411093106e-11,2.420306460483997189e-08,2.184360694425567706e-06,-1.032025800605401852e-03,1.123131910927382959e-01,2.954133096444381046e+00
1.065798388081040002e+03,-1.181365132790704876e-10,7.367715935276964777e-08,-1.633105164036420228e-05,1.565229072317157267e-03,-2.646285750872153300e-02,2.183868414460290008e+00
1.065961425680260163e+03,1.015648169222193714e-10,-7.266400004709680009e-08,1.937113570392445466e-05,-2.363874160061237885e-03,1.680206865643129877e-01,1.719115268169629118e+00
1.066124446604159857e+03,1.388175346617515760e-10,-8.078000310134149378e-08,1.655309681540322744e-05,-1.395787905054064791e-03,7.945959724170395533e-02,4.160764531332071137e+00
1.066287450852739994e+03,4.055798331691596863e-11,-4.070571577890291671e-08,1.259197487535383564e-05,-1.500986585624748074e-03,1.393361104000251094e-01,1.808229657689929715e+00
1.066450438426000119e+03,5.219679045751193834e-10,-3.057769382533874569e-07,6.070167861225028315e-05,-4.805428103475775301e-03,2.513633829853325063e-01,-4.233962942554299336e-02
1.066613409323940004e+03,1.802175394939445246e-10,-1.424267370267034095e-07,4.204845443408324675e-05,-5.547902825541186148e-03,3.719028999379126454e-01,-6.668963728839695515e-02
1.066776363546559878e+03,2.907313134783709713e-10,-1.751212716017945956e-07,3.770291199634516867e-05,-3.563770710101179639e-03,2.583559255738804294e-01,3.028450272133653254e+00
1.066939301093859967e+03,5.586019236734010358e-10,-3.427474137777533362e-07,7.405963345232747445e-05,-6.637346386603224825e-03,3.109953122291705396e-01,2.995324413731421220e+00
1.067102221965839817e+03,2.734878276440180836e-10,-1.753555763878936784e-07,3.991629559757919199e-05,-3.847644659556861274e-03,2.561593308624234844e-01,3.204272108942090469e+00
1.067265126162499882e+03,9.474371046572648892e-11,-6.192977444547588229e-08,1.411245356713806447e-05,-1.349053534758416816e-03,1.638388639919035883e-01,3.896019993213960309e+00
1.067428013683840163e+03,2.677419315543767124e-10,-1.750326669729354836e-07,4.125078316321535628e-05,-4.148343807796030236e-03,2.856048801312871532e-01,2.739851335620041795e+00
1.067590884529860205e+03,-8.070596677325405501e-11,6.843755332675832534e-08,-2.091289884124384178e-05,2.781352851702327978e-03,-2.852835309318854651e-02,4.217600620352881080e+00
1.067753738700560007e+03,3.193470088099069803e-10,-2.283144224028623273e-07,5.889289639418512765e-05,-6.397876035518909252e-03,3.673339568019931556e-01,8.314706014070066820e-01
1.067916576195940024e+03,3.071414974519234231e-10,-1.860312531634035590e-07,3.935506975368188715e-05,-3.325022041000456896e-03,2.029080652298896614e-01,5.757489651807005115e-01
1.068079397016000030e+03,4.542691103658967673e-10,-2.784007782299296029e-07,6.085649006974080515e-05,-5.727418256313909946e-03,3.228282656666999206e-01,2.665842214776966035e+00
1.068242201160740024e+03,1.106622349521959916e-10,-6.525302929255683674e-08,1.462877031383354290e-05,-1.654005317876504474e-03,2.178400426705610904e-01,1.709567809919857906e+00
1.068404988630160005e+03,2.545137074801387793e-10,-1.627682293023207254e-07,3.597921924837343282e-05,-3.147402382610353655e-03,1.967153431934880736e-01,2.253162140865751173e+00
1.068567759424260203e+03,3.115665202561773679e-10,-1.898991763761897801e-07,4.094817752651544874e-05,-3.783850693351986129e-03,2.614865787534544905e-01,3.148665517144921377e+00
1.068730513543039933e+03,2.614683357999896911e-10,-1.672002855704224698e-07,3.797428516288448887e-05,-3.677984893753513500e-03,2.786820330095455822e-01,1.385216693365432628e+00
1.068893250986500107e+03,4.063530789699096748e-10,-2.424187294254205687e-07,5.007204984132878180e-05,-4.253895235214232365e-03,2.486897734466397558e-01,-6.418525359602261782e-01
1.069055971754640041e+03,1.229610139142601817e-10,-7.546019629004377301e-08,1.766657930986547263e-05,-2.113922071014052995e-03,2.541507181870554244e-01,5.038010836825930205e-01
1.069218675847459963e+03,6.940661182340428528e-10,-4.454427735525828518e-07,1.024560100297451512e-04,-1.005589660673664350e-02,4.728460293365526756e-01,5.906911421057248202e-01
1.069381363264959873e+03,3.663920920953906815e-10,-2.465148906425737047e-07,6.003492094202825962e-05,-6.245211366456134179e-03,3.704843862867416293e-01,-2.489442294490639140e-01
1.069544034007139999e+03,3.928236880628307943e-11,-4.292412718663857334e-08,1.532999670831441196e-05,-2.254286991268293020e-03,2.539568013671468782e-01,1.462017230823053682e+00
1.069706688073999885e+03,3.942397944239600987e-10,-2.347665345311908295e-07,5.012572288246193702e-05,-4.899615559997173159e-03,3.466758688650855569e-01,8.380603524467126336e-03
1.069869325465539987e+03,3.913973880117836837e-10,-2.646307521586093904e-07,6.487800827312297501e-05,-6.803264630362313402e-03,3.898139817755476577e-01,-4.052726581871479716e-01
1.070031946181760077e+03,2.785735629347978719e-10,-1.945189144277959772e-07,4.862511215440468984e-05,-5.031493026048969135e-03,2.913622408496253091e-01,2.120783476412322788e+00
1.070194550222660155e+03,4.436261892700214668e-10,-3.015088185392526782e-07,7.340128802758127513e-05,-7.513409371179644719e-03,3.854153683051450008e-01,1.315772849365457464e+00
1.070357137588239993e+03,-1.105983011521321950e-10,7.806209700011791852e-08,-2.020805309989931174e-05,2.357447549005505915e-03,-1.512882598447343359e-02,1.591497445908682584e+00
1.070519708278500048e+03,8.368188854032381745e-11,-5.262120346949620169e-08,1.306471507452227192e-05,-1.571958370253863195e-03,1.924964777534598770e-01,3.939953606373888473e+00
1.070682262293440090e+03,1.257200309969414011e-10,-6.549558261466130215e-08,1.091652601817985362e-05,-6.016954516122730414e-04,1.300345611152572967e-01,5.283570703097871579e+00
1.070844799633059893e+03,1.546240884604644984e-10,-8.986507184779216388e-08,1.827267597622781001e-05,-1.566838245328454251e-03,1.517507873568716692e-01,2.610107531295462024e+00
1.071007320297359911e+03,2.900548776593794130e-10,-1.755275305418574825e-07,3.876527317916612930e-05,-3.924061372978574630e-03,2.963094049704713684e-01,1.330898356170295616e+00
1.071169824286340145e+03,3.280435299301926717e-10,-1.966080466786507027e-07,4.103149434149827200e-05,-3.376982675652547960e-03,2.000889488723881227e-01,5.589516035294322949e-01
1.071332311599999912e+03,3.368989541663435379e-10,-2.107361875012363840e-07,4.586896059421573160e-05,-3.924064644667256754e-03,2.105807578221383924e-01,1.057575188112423792e+00
1.071494782238340122e+03,3.302102189425784595e-10,-2.054917898785895041e-07,4.484983137955085943e-05,-4.051041086858633150e-03,2.574985684339234360e-01,3.296522444343673808e+00
1.071657236201360092e+03,1.208995130122476633e-10,-7.858270106020483570e-08,1.942616830131939720e-05,-2.254108469644125565e-03,2.290917996825469760e-01,-4.544047480732554267e-01
1.071819673489059824e+03,2.792916704623419732e-10,-1.881325236757465780e-07,4.624905558119629949e-05,-4.945199894464529303e-03,3.048850875664864679e-01,1.697541354124539881e+00
1.071982094101439998e+03,3.518953029527754096e-10,-2.022101793889996921e-07,4.072177911385285910e-05,-3.549450663706282642e-03,2.482803371027814399e-01,2.603009031718603428e+00
1.072144498038500160e+03,1.658853573624144870e-10,-1.125275369857483413e-07,2.876073832899243959e-05,-3.265052529199995082e-03,2.578768229572723780e-01,5.867328705111013454e-01
1.072306885300239855e+03,4.797603683724141975e-10,-3.070478185423934839e-07,7.046935564330466086e-05,-6.903839776189499115e-03,3.516295259872129764e-01,-1.072146964472009634e+00
1.072469255886659994e+03,3.062882304266383782e-11,-4.461564248016238992e-08,1.673887716971296841e-05,-2.329493419034414994e-03,2.402953138513552467e-01,2.490679021130284276e+00
1.072631609797760120e+03,3.147825464045135827e-10,-2.011332792686189346e-07,4.719143181273481629e-05,-4.879281949381220410e-03,3.136528232773201363e-01,-2.268069662768822103e-01
1.072793947033540007e+03,4.613431565434454287e-10,-2.789624903642832851e-07,6.012239956293115393e-05,-5.588531164238708451e-03,3.060171438536403721e-01,1.802153299503007178e+00
1.072956267593999883e+03,4.180661132092623831e-10,-2.589310567163185273e-07,5.725167939958668355e-05,-5.477461305465542059e-03,3.121314639789151135e-01,1.146579192067652464e+00
1.073118571479139973e+03,3.775292425736474309e-10,-2.522233176709409185e-07,6.173163869324828227e-05,-6.640988275643317645e-03,3.947534805689658644e-01,-5.152397258675314173e-01
1.073280858688960052e+03,2.994080689731871407e-10,-1.957187562719025479e-07,4.753935259065952975e-05,-5.187804838687543746e-03,3.494336338783535778e-01,1.523283573904040900e+00
1.073443129223459891e+03,1.641924208876296583e-10,-8.533735180494984357e-08,1.374872672482893792e-05,-7.471849874784247886e-04,1.160975530744431522e-01,5.382622267857093412e+00
1.073605383082639946e+03,4.498456494283078317e-10,-2.968883877054753508e-07,7.125507246203625737e-05,-7.376702933535009450e-03,3.974566528059088055e-01,4.599327165512332449e-01
1.073767620266499989e+03,3.571312248793832775e-10,-2.210542260068014508e-07,4.876723189494951404e-05,-4.621477049163018845e-03,2.961771900440777205e-01,2.873593743073729723e+00
1.073929840775040020e+03,2.697198720719454335e-10,-1.927987532285371212e-07,4.974791344737841572e-05,-5.417744007913926838e-03,3.165242989362646586e-01,2.150005625841289181e+00
1.074092044608260039e+03,5.155715178422035823e-10,-3.265539566346843016e-07,7.471393319207695867e-05,-7.440621577351919438e-03,4.001315569539919959e-01,2.435389903575669104e-02
1.074254231766160046e+03,3.209771964258771660e-10,-2.043138240010405361e-07,4.682040827082671472e-05,-4.541778007021075349e-03,2.630008140806773254e-01,2.736309602912708083e+00
1.074416402248739814e+03,4.490683909530389292e-10,-2.851818351821589377e-07,6.518965181003493056e-05,-6.439864063568322486e-03,3.487551245341443118e-01,9.534549684721053131e-01
1.074578556056000025e+03,-6.163910702424147273e-11,4.303611284757764734e-08,-1.040099490369993876e-05,1.040168511254471002e-03,7.009188538022624593e-02,2.545714206412197367e+00
1.074740693187939996e+03,1.259672670334512726e-10,-8.652227495618321437e-08,2.199656828243454521e-05,-2.484225752146072483e-03,2.486510552362325988e-01,1.887697980375327100e+00
1.074902813644559956e+03,5.356988588771186650e-10,-3.445974292877483614e-07,7.826413885929093595e-05,-7.322037849730782255e-03,3.595705346962755899e-01,1.686097998989539437e-01
1.075064917425859903e+03,2.361889059773262129e-11,-3.274104968479745129e-09,-1.141296309216692667e-06,1.760858534432777512e-04,1.113150016090835026e-01,5.004550024375025608e+00
1.075227004531840066e+03,1.230939338373179182e-10,-8.249435674759786199e-08,2.067069168166079998e-05,-2.218813060280035773e-03,1.931294905593734512e-01,-5.958477500914429736e-01
1.075389074962500217e+03,1.967855062419316693e-10,-1.181849233901232397e-07,2.506742464372478793e-05,-2.237084923890391135e-03,1.871201704882158590e-01,7.249459156285510408e-01
1.075551128717839902e+03,7.230472496543678051e-11,-2.426469903516184235e-08,-5.733890199697635376e-07,6.887583737415640993e-04,6.056057813417593111e-02,5.784570441256482454e+00
1.075713165797860029e+03,5.412906358148906060e-10,-3.410206062874600532e-07,7.744955594088567656e-05,-7.707751393905581429e-03,4.224220104465988279e-01,-1.241902088628501266e+00
1.075875186202560144e+03,3.852599584465814852e-10,-2.613410021283993601e-07,6.451172802566609876e-05,-6.874586920560022546e-03,3.858468462350286288e-01,4.740425561627022999e-01
1.076037189931940020e+03,5.197771820239353781e-10,-3.254304815841678336e-07,7.325186426258782743e-05,-7.158580938710907941e-03,3.812581329906523098e-01,6.669173567901781619e-01
1.076199176986000111e+03,4.130513308259205224e-10,-2.804842109880563688e-07,6.866126539991173586e-05,-7.148325466573813083e-03,4.049304425300194188e-01,-7.773743719031590560e-01
1.076361147364740191e+03,1.555111908713879264e-10,-1.068368937218509949e-07,2.695816920302607323e-05,-2.990444505263307410e-03,2.630387940508395750e-01,2.168747979825329963e+00
1.076523101068160031e+03,4.362404996216597776e-10,-2.746205222584973504e-07,6.226988885657945452e-05,-6.065799027816468937e-03,3.310185599112337451e-01,8.852528343880549100e-01
1.076685038096260087e+03,5.486386776289746545e-10,-3.473297999943156046e-07,7.980590383248578243e-05,-8.054528451223440591e-03,4.365957113146233803e-01,-9.201997745541425910e-01
1.076846958449040130e+03,-9.829582971665496401e-11,6.888005678929710041e-08,-1.751290669998319214e-05,1.964524177103244007e-03,1.955698601936791889e-02,6.566126187923098989e+00
1.077008862126499935e+03,5.115014797642645042e-10,-3.280825728570924921e-07,7.466537647675805707e-05,-7.146457663324215157e-03,3.495178320652799764e-01,2.186704955156500318e+00
1.077170749128639955e+03,1.278725136599258463e-10,-6.539250879101956899e-08,1.100161142454680612e-05,-7.105887296032878950e-04,1.377722720436242443e-01,3.940242866489781282e+00
1.077332619455459962e+03,8.363599708574734302e-11,-4.206289949084244581e-08,7.797329135953575497e-06,-8.538572327468453094e-04,1.847003155838972399e-01,1.743375525951299521e+00
1.077494473106959958e+03,4.431941708451363901e-10,-2.789490330664825896e-07,6.338639898435565118e-05,-6.227051202424051420e-03,3.330932471222983193e-01,2.112007474783985650e+00
1.077656310083139942e+03,3.090610174502764151e-10,-2.113574478838769596e-07,5.114132280379105939e-05,-5.136475661991615760e-03,3.146128603128012236e-01,3.356165048027254932e-02
1.077818130384000142e+03,6.508846463610311587e-11,-4.613356757958188949e-08,1.164072664339590614e-05,-1.192325194190979858e-03,1.432797755641854465e-01,2.500424168272783909e+00
1.077979934009540102e+03,3.380067779205881205e-10,-2.164397445454357977e-07,5.027481379417939652e-05,-4.999923112793515714e-03,2.814585644788065721e-01,-1.556562930499297559e-01
1.078141720959760050e+03,3.392707559770474492e-10,-2.151422625674099336e-07,4.890035384237630063e-05,-4.837756721685127805e-03,2.965071923116901487e-01,1.123186595353482309e+00
1.078303491234659987e+03,4.487360109338323210e-10,-2.831870525160047786e-07,6.408908574351455880e-05,-6.151248930696119784e-03,3.150096944109153085e-01,2.649288267008894859e+00
1.078465244834240139e+03,1.947027977065941609e-10,-1.010572306066264317e-07,1.688202857331521113e-05,-1.058160642972358779e-03,1.354661789490571033e-01,4.788223559610585767e+00
1.078626981758500051e+03,3.292240424118120961e-10,-2.026593851445395372e-07,4.438293757002828371e-05,-4.231470884316620128e-03,2.768082390728586195e-01,5.507196880780999837e-02
1.078788702007439952e+03,3.024741215386038548e-10,-1.711413877641648136e-07,3.371001308661015193e-05,-2.783546285071760492e-03,1.917138999276351008e-01,2.530950261216033503e+00
1.078950405581060068e+03,4.005165795351976433e-10,-2.756912308039093525e-07,6.865956235086023555e-05,-7.256406836068651778e-03,4.017779190915354293e-01,2.984700619617156048e-01
1.079112092479359944e+03,3.085636308148423934e-10,-2.002768793182421352e-07,4.820627857441619216e-05,-5.241248688361507119e-03,3.511827775088725567e-01,-4.546487276185398052e-01
1.079273762702340036e+03,4.109184133404763769e-10,-2.758502775913505703e-07,6.738415561005080918e-05,-7.141928948634890771e-03,4.059299154341769467e-01,-3.871079309106176813e-01
1.079435416250000117e+03,1.186997980151935121e-10,-6.249703733985229868e-08,1.013410569460921129e-05,-4.577180028334448206e-04,1.095070151454205915e-01,5.599515503200999333e+00
1.079597053122339958e+03,4.969330748429172719e-10,-3.025906004250408329e-07,6.554896963548246451e-05,-6.055040559686242913e-03,3.161215969298645234e-01,2.089466365947848736e+00
1.079758673319360014e+03,2.923775785390727396e-10,-1.748188529448716495e-07,3.617958401063331745e-05,-3.097099070018604055e-03,2.154318753595199365e-01,3.901982592995228982e-02
1.079920276841060058e+03,6.595236025139526592e-11,-3.791574661079718403e-08,8.245239806530745800e-06,-8.723467780560451284e-04,1.618611598439619048e-01,3.522500116852603558e+00
1.080081863687439863e+03,-1.140335789899484476e-10,8.032334921146305187e-08,-2.128736231891962239e-05,2.673413397052244733e-03,-2.972950328164499639e-02,4.507607968666587972e+00
1.080243433858499884e+03,3.733355345674042768e-10,-2.460748234506925245e-07,5.785550491414882888e-05,-5.711861399608951333e-03,3.257588703893562476e-01,1.681223343618122534e+00
1.080404987354240120e+03,3.729230666706647952e-10,-2.403710787724034358e-07,5.653969979378401845e-05,-5.780430691465174645e-03,3.297968961982877256e-01,1.810687790690557408e+00
1.080566524174660117e+03,3.903407118241069351e-10,-2.376886988166676844e-07,5.239912273830009149e-05,-5.135925432989400796e-03,3.149078925582066146e-01,1.401302644953062559e+00
1.080728044319759874e+03,1.088199230541417042e-10,-7.164898461908041002e-08,1.731335328674170722e-05,-1.835312449261057143e-03,1.791815506666762647e-01,2.780706419390272632e+00
1.080889547789540075e+03,1.797277405166294003e-10,-1.135466741606787615e-07,2.565962242557694661e-05,-2.462106849461734824e-03,1.937723389107123551e-01,2.376575422070108523e+00
1.081051034584000035e+03,2.121824170052296463e-10,-1.304793300222862236e-07,2.881585548254366871e-05,-2.657399461853018462e-03,1.880789066569105716e-01,4.027036421200257399e-01
1.081212504703139984e+03,1.978275479533025751e-11,-6.851039694696636408e-09,9.483203014117576355e-08,2.876357429895690728e-04,7.832567530993116145e-02,3.434465038190299246e+00
1.081373958146959922e+03,2.119990625043738756e-10,-1.397407440038574458e-07,3.355434090375371677e-05,-3.450520117054967605e-03,2.305911601993803905e-01,3.478536964628208050e+00
1.081535394915460074e+03,3.084717673064899731e-10,-2.017444289332918715e-07,4.853218637002559523e-05,-5.086625521187116035e-03,3.046737343084951477e-01,2.185559714417415034e+00
1.081696815008639987e+03,5.368781805720258647e-10,-3.418611245500179521e-07,7.751424425298409368e-05,-7.442676658053433425e-03,3.640357668229106114e-01,-9.970341467210133146e-01
1.081858218426500116e+03,4.201979877147535469e-10,-2.703646465891936951e-07,6.363917547908795776e-05,-6.584795990849608149e-03,3.838886193256012547e-01,-5.196892239844150829e-01
1.082019605169040005e+03,5.308599728077535773e-10,-3.258608845520649050e-07,7.034277433606282465e-05,-6.290355096856288693e-03,3.002349730334711309e-01,2.860294778136174276e+00
1.082180975236259883e+03,5.338806292163839765e-11,-1.320221469005722814e-08,-2.129575434365126200e-06,7.127141639548246858e-04,6.301578324981042811e-02,6.274455758970415964e+00
1.082342328628159976e+03,1.645136880104058469e-10,-1.035948169031585049e-07,2.376012006555543169e-05,-2.450119924746015608e-03,2.285265973180777010e-01,2.672572705503865276e+00
1.082503665344740057e+03,3.755740179358731409e-10,-2.283110396201410321e-07,4.932429693836987242e-05,-4.669878664321130794e-03,2.981679571542639740e-01,3.025001470884712607e+00
1.082664985385999898e+03,-4.750331297942429785e-12,-6.550725748467755315e-10,1.883959563063001510e-06,-5.703967650286044088e-04,1.729103045615766887e-01,3.216179316975761537e+00
1.082826288751939956e+03,2.536484330624069171e-10,-1.457237081957894039e-07,3.004920692922846877e-05,-2.883310945827704391e-03,2.521163771868208947e-01,2.170943455025575286e+00
1.082987575442560001e+03,1.032022628821159163e-10,-6.320135782715490635e-08,1.515228106489778599e-05,-1.836469925797624839e-03,2.240535246035006700e-01,-1.070711168983903505e+00
1.083148845457860034e+03,2.419907487190984551e-10,-1.416469238482130855e-07,2.772071583868276239e-05,-1.979719786621547423e-03,1.437402302743804317e-01,2.170782134205608838e+00
1.083310098797840055e+03,1.836134202187269845e-10,-1.114453301758495280e-07,2.283789900750231406e-05,-1.734904925014276985e-03,1.211694099918883966e-01,5.190204620511713607e+00
1.083471335462500065e+03,2.810460633329877952e-10,-1.880850776251201563e-07,4.651225430471592117e-05,-5.148836541432296951e-03,3.428128471078801254e-01,-2.338662520901485797e-01
1.083632555451840062e+03,2.014516687827095666e-10,-1.110706567944334704e-07,2.216526462321548633e-05,-2.200281042990625928e-03,2.452726477694152918e-01,7.874700786794397445e-01
1.083793758765860048e+03,-5.906245541511913263e-11,6.387811162734943704e-08,-2.074387330252939015e-05,2.492756622766871544e-03,2.502838334993591832e-02,4.302228322958658424e+00
1.083954945404560021e+03,2.214660205902472520e-10,-1.399408046107388916e-07,3.059852250759920698e-05,-2.567546486359814813e-03,1.662631470463290240e-01,4.486148249698054813e-01
1.084116115367939983e+03,3.286452810030822368e-10,-2.084390634971071144e-07,4.821521452534698163e-05,-4.831868751195147332e-03,2.859290916098309876e-01,2.385446640932877393e+00
1.084277268655999933e+03,1.218758822890746643e-10,-9.714374114290181650e-08,2.749302866212493908e-05,-3.151550778163000107e-03,2.276560168864551759e-01,-9.987692018007218731e-02
1.084438405268740098e+03,2.690994541195288278e-10,-1.741984692402836758e-07,4.134632627820953546e-05,-4.273378661994237625e-03,2.765255905577351792e-01,2.185975098560591690e+00
1.084599525206160024e+03,-4.983500278988441152e-11,4.000151304545355156e-08,-1.280439486280811344e-05,1.940426886785925377e-03,9.554148249588554839e-03,4.894783416428465372e+00
1.084760628468259938e+03,5.279716990730120971e-10,-3.265047050019592266e-07,7.253221978625980562e-05,-7.073567449418689985e-03,3.896193180148276314e-01,6.047003041270166968e-01
1.084921715055040067e+03,2.861248872660486596e-10,-1.722155193018086790e-07,3.729530174288597522e-05,-3.585495130451795808e-03,2.613267512011978599e-01,-1.332385740388540574e-01
1.085082784966499958e+03,1.890882041898873361e-10,-1.143986910980397838e-07,2.489341740769397039e-05,-2.355515105287786602e-03,1.946863182326688813e-01,2.337603997185012439e+00
1.085243838202639836e+03,4.880154842158235605e-10,-3.000400745471699787e-07,6.550219338764340718e-05,-6.108884331867731401e-03,3.234433868956956837e-01,1.184883721936891954e+00
1.085404874763459929e+03,1.853868266935310075e-10,-1.101444151640235959e-07,2.203178300596713183e-05,-1.658322486505206181e-03,1.485835952657451609e-01,5.543012377044902017e+00
1.085565894648960011e+03,8.874520263292966621e-11,-3.201271669174447035e-08,1.496757856938743132e-06,2.582637490195248474e-04,1.169727623592330401e-01,2.778060507892302855e+00
1.085726897859140081e+03,1.672349390937024916e-10,-9.778707319011494444e-08,2.018835799115087381e-05,-1.755065846568005464e-03,1.697577853623578603e-01,4.689786973560574168e+00
1.085887884393999911e+03,6.643703214501548690e-10,-4.213692256936464656e-07,9.614036573601143375e-05,-9.514214230427262345e-03,4.773244534204181266e-01,-5.884677322214959538e-01
1.086048854253539957e+03,-5.771506567990287185e-11,6.125441340960748100e-08,-1.964396807459571775e-05,2.344741565077557242e-03,3.150900114930177409e-02,4.506832548858334953e+00
1.086209807437759991e+03,2.440001828121000752e-10,-1.521415560959122050e-07,3.418619948260063211e-05,-3.244404167456840706e-03,2.151571400318338101e-01,2.649151603298476321e+00
1.086370743946660014e+03,3.097427334766542999e-10,-1.979183472734589231e-07,4.686563507015625916e-05,-4.933254843182225194e-03,3.136128023118188723e-01,1.175005805600181308e+00
1.086531663780240024e+03,3.397049088224697575e-10,-2.343079242166080812e-07,5.884976570274860742e-05,-6.440116238994497873e-03,3.897139200129222103e-01,-4.301894457092632074e-01
1.086692566938500022e+03,3.813275020024017534e-10,-2.270991816350175125e-07,4.782436094897842395e-05,-4.409931240211298516e-03,2.870461495747549385e-01,2.665466822175432515e+00
1.086853453421440008e+03,2.518792849892220769e-10,-1.631523886638054092e-07,3.906293825258999429e-05,-4.176196605244332158e-03,2.967662615976857654e-01,-6.030626301811036621e-02
1.087014323229059983e+03,2.070454836167206698e-10,-1.411890134943451854e-07,3.357106804071764656e-05,-3.126698951037763536e-03,1.899868089849718611e-01,4.529148613576483129e+00
1.087175176361360172e+03,1.889135273966007893e-10,-1.071550101275171629e-07,1.894278792701706778e-05,-9.339786887634749868e-04,9.386263948861350848e-02,6.302630836921803592e+00
1.087336012818339896e+03,2.737715361789284560e-10,-1.713329446934741573e-07,3.944398155210973442e-05,-4.074703177326352219e-03,2.947636657303504548e-01,2.384421217792068504e+00
1.087496832600000062e+03,6.950156820269412690e-11,-3.664761798665253654e-08,6.550478189957589995e-06,-4.883311074879979376e-04,1.532752863006433819e-01,1.799129075858889870e-01
1.087657635706339988e+03,3.231656523151952898e-10,-2.091284176869638328e-07,4.939009209158544904e-05,-5.147400015828779152e-03,3.253436763101419937e-01,5.388339206585393004e-01
1.087818422137359903e+03,5.524220904768642934e-10,-3.504139296883982189e-07,8.020333693154336595e-05,-7.958976295546637061e-03,4.116762516548426176e-01,8.129963843432075343e-01
1.087979191893060033e+03,3.482732489287692911e-10,-2.306628873189967828e-07,5.683566323650035459e-05,-6.306743993344923749e-03,3.972178642709159879e-01,-7.369327301967363297e-01
1.088139944973440151e+03,1.553417215280133813e-10,-9.050345751026527675e-08,1.916831552355026692e-05,-1.757115578505938315e-03,1.777745013529593854e-01,5.560852016872639414e-01
1.088300681378500030e+03,-9.742856849439660812e-13,1.350011399068976297e-08,-5.062596761624599587e-06,4.488589473178857068e-04,1.301389672549689569e-01,1.785985706615569768e+00
1.088461401108239897e+03,1.514257724850730928e-11,5.804853329400087690e-09,-4.738780260703881226e-06,6.870548631469350961e-04,1.118030699648147192e-01,1.537574986139605526e+00
1.088622104162659980e+03,2.545792243376530380e-10,-1.583113559330712565e-07,3.514514912223904889e-05,-3.288871118819539346e-03,2.348858252319434015e-01,3.310814852624349020e-02
1.088782790541760050e+03,3.086006240600330959e-10,-1.873772526020210028e-07,4.087217943893271111e-05,-3.826592549920480001e-03,2.427046886696161143e-01,2.299433932985884610e+00
1.088943460245539882e+03,2.343568390658284774e-10,-1.470909522968530606e-07,3.396026900997111189e-05,-3.407897522866672711e-03,2.281580962815218938e-01,-1.738323169521921174e-01
1.089104113273999928e+03,2.536580356382082186e-10,-1.565542184315963575e-07,3.492904649928730751e-05,-3.448593750683316521e-03,2.492662474026956509e-01,3.536070875583815498e-01
1.089264749627140191e+03,2.993124914011837813e-10,-2.011276537275767225e-07,4.926529876797124970e-05,-5.220197499760010490e-03,3.117222365097173098e-01,-8.527040544621315998e-01
1.089425369304959986e+03,4.406772995461785780e-11,-2.018803835699958580e-08,2.932443383199920537e-06,-2.234867410470870103e-04,1.407257623879289155e-01,-1.246486200285199936e-01
1.089585972307459997e+03,3.340426238432487377e-10,-1.960498360098427868e-07,3.947274785406753651e-05,-3.062473985769042367e-03,1.485578608046162763e-01,2.593386912187302329e+00
1.089746558634639996e+03,2.940808057833066427e-10,-1.838239816087663671e-07,4.150506372567961658e-05,-4.141128667177805187e-03,2.890452262915230164e-01,1.629400976757517716e+00
1.089907128286499983e+03,2.909120648014830410e-10,-1.860885107869352869e-07,4.316646019241642045e-05,-4.322879381588810854e-03,2.660878575134560386e-01,2.501912509071640756e+00
1.090067681263039958e+03,3.999040281442521906e-10,-2.781770708141658777e-07,7.070320926481289312e-05,-7.814963082876586961e-03,4.438247009179359659e-01,-8.332632288254538944e-01
1.090228217564260149e+03,1.416536571072521424e-10,-6.444724482226188529e-08,8.278613778409139393e-06,-2.300892005363896846e-04,1.056211118536981020e-01,4.989306110550643325e+00
1.090388737190159873e+03,1.106139679099020881e-10,-5.326340161459134775e-08,7.774087311863766989e-06,-2.388607750867032887e-04,8.756592223424750077e-02,3.341031725847126932e+00
1.090549240140740039e+03,4.643159197714393752e-10,-3.185625271636618234e-07,7.965908459229453136e-05,-8.593722100118134088e-03,4.614156142760347801e-01,-4.724072163828696991e-01
1.090709726415999967e+03,3.056136005857977316e-10,-1.953568920658338613e-07,4.518078574243078704e-05,-4.565898260650858194e-03,3.048537790824531468e-01,-3.155985668005505396e-01
1.090870196015940110e+03,6.030485640119992621e-10,-3.920096441985053013e-07,9.160361754070783032e-05,-9.154617399216531670e-03,4.465231990170385190e-01,9.698275458581361308e-01
1.091030648940560013e+03,3.521501861130799947e-10,-2.388709667413572535e-07,6.004710670956950119e-05,-6.661625485274823809e-03,3.996805870618429513e-01,-4.004820011162985582e-01
1.091191085189860132e+03,2.207974956458684232e-10,-1.548714060663250104e-07,3.941569571603496759e-05,-4.175358974287698803e-03,2.543629332665289233e-01,-3.057294353681945520e-02
1.091351504763840012e+03,2.675651059726281206e-10,-1.663192686778182518e-07,3.707150839020524375e-05,-3.457565492988538998e-03,2.204897262150804782e-01,2.057799616565640477e+00
1.091511907662499880e+03,3.911670250100344116e-10,-2.583127817755174969e-07,6.195621405858447116e-05,-6.481927873992400328e-03,3.820828026367086294e-01,-6.792510861122368349e-01
1.091672293885839963e+03,-5.079136523223001936e-11,1.678890346810093078e-08,4.415456276223205580e-07,-4.536525697034800015e-04,1.428350684252473191e-01,4.459284428307089598e+00
1.091832663433860034e+03,-1.011310110349565802e-12,1.584422559255263676e-08,-6.651736656782571381e-06,7.560192745868615219e-04,1.091216002116287553e-01,3.245000758715009592e+00
1.091993016306559866e+03,2.519756813828039104e-10,-1.464345616407099055e-07,3.036425110732874339e-05,-2.768750226935487273e-03,2.292223137192721805e-01,2.318271011094771961e+00
1.092153352503939914e+03,3.089715329885235863e-10,-1.860030332914524850e-07,3.979956355834409127e-05,-3.701952251531671467e-03,2.562303722248202020e-01,-1.094602333791746540e+00
1.092313672026000177e+03,2.675072592992050731e-10,-1.802703358616094676e-07,4.351581555520224177e-05,-4.376306860598724174e-03,2.727140905182697805e-01,1.797848588411612214e+00
1.092473974872739973e+03,5.126693880878620076e-11,-1.246126257338948476e-08,-1.806976846513680264e-06,5.321334264443352028e-04,9.488418992960111209e-02,4.112244471024399495e+00
1.092634261044159985e+03,4.059965791978099713e-10,-2.716671078374703533e-07,6.589228662014822769e-05,-6.757475713112223552e-03,3.537350028391235135e-01,1.558197991276669025e+00
1.092794530540259984e+03,-7.349883629560331063e-11,3.716287461664660257e-08,-5.458365513016644894e-06,1.719633405110690145e-04,1.150289503372545485e-01,2.854603424424559055e+00
1.092954783361039972e+03,1.736683930172847687e-10,-1.185073455388440174e-07,2.895022193566349010e-05,-2.961492530893120728e-03,2.213126726122255361e-01,7.121249032222108921e-01
1.093115019506499948e+03,1.183506808283600060e-10,-7.333377207436589969e-08,1.680027620219202297e-05,-1.761994074017206010e-03,1.905240252403965773e-01,4.399907782731749428e+00
1.093275238976640139e+03,1.254454767821977970e-10,-8.190849534746619313e-08,1.868731777579481633e-05,-1.778675623419769545e-03,1.779408297711972675e-01,2.821305517214552361e-01
1.093435441771460091e+03,1.127467554083222959e-10,-5.716332609551694591e-08,9.650616824933702651e-06,-6.959134414715484893e-04,1.570837269791088009e-01,2.049677776214500646e+00
1.093595627890960031e+03,7.817913220972437887e-11,-3.700138610385369609e-08,4.784317548127657819e-06,3.860131317148368511e-05,7.203311488113765815e-02,3.482940849925045601e+00
1.093755797335139960e+03,6.874892001041214106e-11,-4.304983677254561006e-08,1.050716091889933624e-05,-1.202775674950185263e-03,1.647583905133462590e-01,1.321571610496683036e+00
1.093915950104000103e+03,3.885395698582225037e-11,5.088692550561249535e-11,-6.886863354248937820e-06,1.406230433773027113e-03,4.833172081944616533e-02,2.792636040381483831e+00
1.094076086197540008e+03,1.259711051949293154e-10,-7.443638668755475151e-08,1.556644053888897128e-05,-1.362317798579447403e-03,1.598094734545059681e-01,-1.511239495321152204e-01
1.094236205615759900e+03,1.313477919102481595e-11,-6.029487137019083962e-09,1.805774965848000749e-06,-3.137621652405341824e-04,1.372986451439157374e-01,4.046025465412182776e+00
1.094396308358660008e+03,1.157962382553506711e-10,-8.056838990477214467e-08,2.096654409695929255e-05,-2.515713289572873643e-03,2.454964792872221802e-01,-1.667825162556217655e-01
1.094556394426239876e+03,4.466180349853203758e-10,-3.018609938481062240e-07,7.300201681955095019e-05,-7.337910745791262519e-03,3.728169406703883415e-01,1.235283390972372830e+00
1.094716463818499960e+03,-8.951780633700914154e-11,5.654186441722458782e-08,-1.233285017179077036e-05,1.082100637418410925e-03,7.828516769963278499e-02,5.803796745076770236e-01
1.094876516535440032e+03,4.300188580858517624e-10,-2.956773950850712625e-07,7.380654008518369280e-05,-7.856867986589096894e-03,4.316285582857409819e-01,-7.141585897982377640e-01
1.095036552577059865e+03,2.858536832937034920e-10,-1.664704461679996257e-07,3.325683555690452407e-05,-2.763030974869837286e-03,2.100061471218911402e-01,-6.496192352124615654e-01
1.095196571943359913e+03,1.683526652649027811e-10,-1.123634226732123175e-07,2.828248969204727559e-05,-3.292987125840258177e-03,2.737906517207024937e-01,-1.763063630724497621e-01
1.095356574634340177e+03,2.691851081452881967e-10,-1.531766513988671799e-07,3.058650757352719625e-05,-2.743399110774170317e-03,2.388479673034097084e-01,1.664310174680063037e+00
1.095516560649999974e+03,2.432367005599698028e-10,-1.593354505115255343e-07,3.945690774280238952e-05,-4.495575580453792588e-03,3.242939821765357111e-01,-4.432530027873698431e-01
1.095676529990339986e+03,2.588780834110753674e-10,-1.527906213327835051e-07,3.188882644820874085e-05,-2.861290696551481699e-03,2.048166932691821429e-01,1.967511759123548254e+00
1.095836482655359987e+03,5.818162866121731088e-10,-3.609802630477269663e-07,8.050184386906489753e-05,-7.813287266543256573e-03,4.106092162382780075e-01,-1.756312264700487236e-01
1.095996418645060203e+03,2.166370117170824087e-10,-1.562078471655830752e-07,4.111194166159823186e-05,-4.617185217382998967e-03,2.897869788564007010e-01,1.776622078812187588e+00
1.096156337959439952e+03,7.897216822588367458e-11,-3.305584707971056741e-08,3.242041767341268770e-06,8.319965880048542470e-05,1.146248275891543350e-01,1.888134562927481719e+00
1.096316240598499917e+03,1.599773033645775288e-10,-1.055653019450044036e-07,2.608458039255435608e-05,-3.011252935429789904e-03,2.680720545251437659e-01,2.212229765384813529e+00
1.096476126562240097e+03,5.302183499329881821e-10,-3.656862525664616982e-07,9.053480113567049571e-05,-9.569329194903924279e-03,4.958769402609520260e-01,-8.395969653786246045e-01
1.096635995850660038e+03,2.089227827572442794e-10,-1.352681399584843698e-07,3.186519935446091833e-05,-3.264746168111017956e-03,2.550063303321144503e-01,7.476152649650605886e-01
1.096795848463759967e+03,4.564882866930107778e-10,-2.797719779715495381e-07,6.093234117061060090e-05,-5.638874521509546801e-03,3.097482367708402351e-01,2.005216487449374557e-02
1.096955684401540111e+03,1.462620455198435223e-10,-9.924035588042901908e-08,2.477545803965454401e-05,-2.766969641958093220e-03,2.431424215526906962e-01,9.914904609517570522e-02
1.097115503664000016e+03,1.840712006016992800e-11,-1.357400115684242564e-08,4.898306437811853682e-06,-8.036540630412477865e-04,1.575480423963996623e-01,4.222263800605119854e+00
1.097275306251139909e+03,-1.863384115329429497e-10,1.182970320939451263e-07,-2.649442910646709917e-05,2.449662596695654712e-03,2.777923396824493948e-02,5.349534938964414010e+00
1.097435092162960018e+03,-9.436542071209775153e-11,6.919959087517466989e-08,-1.700127567858136131e-05,1.582218533687662241e-03,7.828406141909274862e-02,3.711005564918955280e+00
1.097594861399459887e+03,3.110765923973086749e-10,-2.029953108291680018e-07,4.861243363387480814e-05,-5.170611391210930274e-03,3.323527637595822815e-01,2.143144157672505767e-01
1.097754613960639972e+03,2.316265175164972403e-10,-1.643682435186595697e-07,4.238213679473590707e-05,-4.643502775951039406e-03,2.994479274739086372e-01,1.118436567121927849e+00
1.097914349846500045e+03,1.823002434959952260e-10,-1.190148689841955682e-07,2.807182367782831153e-05,-3.003526525424053076e-03,2.484259796102667450e-01,-5.688628369354491454e-01
1.098074069057039878e+03,3.932076247044016289e-10,-2.626408863638041043e-07,6.390759304677491983e-05,-6.750989916585448808e-03,3.861879737999347473e-01,-3.761057660495063099e-02
1.098233771592259927e+03,3.664569439423288518e-10,-2.536520949068793958e-07,6.370425587966687308e-05,-6.821618196096113952e-03,3.884948416677320715e-01,-8.607167814322629340e-01
1.098393457452159964e+03,1.732132518301659185e-10,-1.055376784770009249e-07,2.349115409438181216e-05,-2.544814829632564748e-03,2.617540374468891873e-01,-4.844256133019723132e-01
1.098553126636740217e+03,2.647269904310237135e-10,-1.611709811620031691e-07,3.567266110775378001e-05,-3.500813408268055402e-03,2.617823568322126260e-01,1.748073888444818147e+00
1.098712779146000003e+03,-2.899887662162702584e-11,2.324359363347675613e-08,-5.043498634217602757e-06,2.150422873257504643e-04,1.303376938880062841e-01,3.709085799508360370e+00
1.098872414979940004e+03,4.591556708116444955e-10,-3.013372399816979117e-07,7.152429928860586290e-05,-7.296839960929097854e-03,3.870905788865474095e-01,-1.422422053408810283e-01
1.099032034138559993e+03,1.193072177027342771e-10,-7.459552797482897022e-08,1.602852110958766400e-05,-1.385499400551926151e-03,1.852110166920458711e-01,3.197377496106038053e-01
1.099191636621859971e+03,-4.253750968104453223e-11,4.944785537198190774e-08,-1.787161684198091468e-05,2.483630688198621480e-03,3.565280669022029714e-03,3.746003392105806906e+00
1.099351222429839936e+03,1.143490692881332802e-10,-6.939662855331202705e-08,1.634174987900147209e-05,-1.910347475198486637e-03,2.163690446430706349e-01,-4.088602860198576328e-01
1.099510791562500117e+03,1.245524355602016486e-10,-1.097980575838992206e-07,3.448524070817142554e-05,-4.497962101308899951e-03,3.338125029118287901e-01,-1.328716226629332642e+00
1.099670344019839831e+03,-1.423697701077385832e-11,2.445184244258503694e-08,-9.338378419949799208e-06,1.154456859813894013e-03,8.503398489241144331e-02,3.045779894880006111e+00
1.099829879801859988e+03,1.286586504777438053e-10,-8.780645504355850556e-08,2.169149225357787163e-05,-2.186860361320602450e-03,1.634982188006224857e-01,4.441681752296932295e+00
1.099989398908560133e+03,4.182663326858273069e-10,-2.686391581536052610e-07,6.204912676196835540e-05,-6.101210754985622771e-03,3.508291441059089300e-01,2.549625937941411569e-01
1.100148901339940039e+03,4.767650171720327953e-10,-3.014793651425160956e-07,6.742787373592416421e-05,-6.351062948486108431e-03,3.353296026689137621e-01,1.571687787539823411e+00
1.100308387095999933e+03,3.405637687148151204e-10,-2.222533133751691521e-07,5.294400648008800478e-05,-5.458929042655165376e-03,3.079676434795912132e-01,-3.789297042688269945e-01
1.100467856176740042e+03,2.859486299755150171e-10,-2.048340339702218261e-07,5.331926676731565766e-05,-6.018024755138804208e-03,3.725518777865517439e-01,1.418354093524518966e-01
1.100627308582159912e+03,1.829058900810744637e-10,-9.364113492235103180e-08,1.402942974674884828e-05,-4.503431398581284094e-04,9.571035322301275905e-02,2.632395087330736683e+00
1.100786744312259998e+03,2.488403099631044634e-10,-1.328605146918053171e-07,2.295809207026819422e-05,-1.419219785611574051e-03,1.393710606239126348e-01,-8.980692821736924181e-02
1.100946163367040072e+03,6.899868859214360000e-11,-5.361406355262297890e-08,1.517352241197476356e-05,-1.779523858392293096e-03,1.834664679106580987e-01,2.736733816934387775e+00
1.101105565746500133e+03,1.711089264232116363e-10,-1.059172385102920985e-07,2.348975348123637311e-05,-2.241902501113574725e-03,1.941416332041133730e-01,3.174774330506756392e+00
1.101264951450639956e+03,3.095803756211472366e-10,-2.128172101284876850e-07,5.452011642008160300e-05,-6.132211318625231493e-03,3.688016894697032644e-01,4.609111052653402929e-01
1.101424320479459993e+03,1.181458811587388749e-10,-8.876129875638878071e-08,2.376373710635175133e-05,-2.662873523601413592e-03,2.305290042080911650e-01,3.535674704771418764e+00
1.101583672832960019e+03,1.269811526447747279e-10,-8.823754267213557788e-08,2.155913587832454734e-05,-2.086606769660202289e-03,1.828121250804000120e-01,3.677102733456694583e+00
1.101743008511140033e+03,-3.293058880795426596e-11,1.675444372138798210e-08,-2.661534868185138228e-06,8.361413673962503747e-05,1.204434955063011237e-01,4.126433748328213191e+00
1.101902327514000035e+03,1.443955495790069347e-10,-9.736864410700505903e-08,2.544321387997806622e-05,-3.086592112507801668e-03,2.592420042863154972e-01,2.739192008835793057e+00
1.102061629841540025e+03,1.218227192800876448e-10,-6.308305570205708836e-08,1.107516543008403967e-05,-9.368212941729186713e-04,1.623434072691391783e-01,-1.789292495368290103e-01
1.102220915493760003e+03,5.578422232207577616e-10,-3.633658769814491611e-07,8.603239195760624283e-05,-8.910899452306364141e-03,4.691104719245404175e-01,-7.718422956484533026e-01
1.102380184470659970e+03,2.016972239578143177e-10,-1.144850055723052760e-07,2.251445271166483219e-05,-1.844807447400139246e-03,1.817166070558505486e-01,7.579034676321170227e-01
1.102539436772240151e+03,3.389125134794837908e-10,-2.237223375008879319e-07,5.462711191763348315e-05,-5.998813335915253488e-03,3.724313322757925038e-01,-2.346685656031903822e-01
1.102698672398499866e+03,1.191468672673794165e-10,-7.121740301025506873e-08,1.560312804704332186e-05,-1.558472536684491752e-03,1.865038877010256613e-01,3.006767841444661027e+00
1.102857891349440024e+03,1.470549673619487519e-10,-7.175706299133542419e-08,9.312777360699606063e-06,1.980642599222136958e-05,6.835082756408707161e-02,3.186820773856962941e+00
1.103017093625060170e+03,1.760883561174424996e-10,-9.271063793012637207e-08,1.711764846699304329e-05,-1.543211951705498108e-03,2.022266976739119648e-01,1.280913891638539859e+00
1.103176279225359849e+03,2.085114004657459498e-10,-1.265291510340103840e-07,2.760419841500066216e-05,-2.707873006013078020e-03,2.270957644630482997e-01,1.929515385656679904e-01
1.103335448150339971e+03,1.385391801026215121e-10,-1.160701501108151314e-07,3.530575021561476416e-05,-4.506006487146494051e-03,3.248729577043547589e-01,1.835312008225049585e-01
1.103494600400000081e+03,1.475417935479052151e-10,-8.827897936539220838e-08,1.849676111223749877e-05,-1.634091268123796662e-03,1.769324327319578283e-01,3.196909349423138202e+00
1.103653735974340179e+03,2.406430077208433843e-10,-1.544277081009074960e-07,3.433461853448463116e-05,-2.922380410082263315e-03,1.570774633687647137e-01,4.799035780533138507e+00
1.103812854873360038e+03,2.840965441884024321e-10,-1.822994169219705712e-07,4.300243461687217408e-05,-4.571266926327118355e-03,3.148912297280253569e-01,2.096797754716382745e+00
1.103971957097060113e+03,3.816544260531929131e-10,-2.418545914172729304e-07,5.510539593723978328e-05,-5.520611768082642548e-03,3.340630487307023055e-01,-4.592071497520529566e-01
1.104131042645440175e+03,2.486745259035002514e-10,-1.679479018242578470e-07,4.096729726967149391e-05,-4.271081685522950394e-03,2.965026640131515068e-01,-6.121779691553292935e-01
1.104290111518499998e+03,6.960285696020587759e-11,-5.238295113622902447e-08,1.521785322754674820e-05,-2.052509639213644793e-03,2.254452017771765293e-01,1.148101980294666397e-01
1.104449163716240037e+03,2.198066655025996403e-10,-1.258058126032284246e-07,2.499302738805179698e-05,-2.067676024795108303e-03,1.776800007935230574e-01,3.817598315084466787e+00
1.104608199238660063e+03,2.591761728642095763e-10,-1.702375184774983506e-07,4.169266747617851555e-05,-4.556192328646806525e-03,2.992926674191779823e-01,1.851007853317733209e+00
1.104767218085759851e+03,1.519774141337777013e-12,-6.791032162047035830e-09,4.228092260908552629e-06,-8.560188068445278783e-04,1.608450148654094747e-01,4.266215347501869370e-01
1.104926220257540081e+03,-6.415286533490914390e-11,3.804583557601948071e-08,-7.467581023848827560e-06,5.138614064760932409e-04,1.163783434971512876e-01,1.989858545917906063e-01
1.105085205754000071e+03,-7.038269886465416929e-11,3.950086906869842065e-08,-7.739624595793420786e-06,6.925149005210072409e-04,9.012533062270774997e-02,3.025833328324472049e+00
1.105244174575139823e+03,5.923329262741239656e-11,-3.187209225354164286e-08,4.685798329314971178e-06,3.761685141775196879e-05,6.767269940703837805e-02,3.086675581007609637e+00
1.105403126720960017e+03,1.623833954512530941e-10,-9.649247611453946873e-08,2.019316871041246635e-05,-1.890016400080961204e-03,2.092643277218117492e-01,2.026451146103182666e+00
1.105562062191459972e+03,-2.300847923751689000e-10,1.509870359631605773e-07,-3.424327412100441648e-05,3.079094031734371743e-03,9.010879840784491793e-03,6.347273524940742817e+00
1.105720980986639915e+03,-1.434200415973225510e-10,9.934225794440393368e-08,-2.340680565890534192e-05,2.119840628169488653e-03,6.572685816737930398e-02,3.135068466459072223e+00
1.105879883106500074e+03,3.463530832844997252e-10,-2.303452525339636174e-07,5.508503612122768450e-05,-5.744937558326981310e-03,3.749308326533187796e-01,-2.515742825738223054e-01
1.106038768551039993e+03,4.001479964925013099e-11,-3.579137350171028289e-08,1.108725490858951549e-05,-1.370842326442479105e-03,1.712628763448761082e-01,2.614499991047734451e+00
1.106197637320260128e+03,8.015363867786997118e-11,-6.767113148937283165e-08,2.119973703993720794e-05,-2.952695821760290430e-03,2.722755145813675615e-01,6.183367122253338177e-01
1.106356489414160023e+03,1.347458356107538262e-10,-8.513562032836382324e-08,1.949494931542956997e-05,-1.912014418288963220e-03,1.718281324446156721e-01,-3.234816618198682603e-01
1.106515324832740134e+03,2.476555336386890801e-10,-1.501400585774119228e-07,3.244875486690868471e-05,-3.016620970594077137e-03,2.194947337438403479e-01,3.507324608723693338e+00
1.106674143576000006e+03,2.840740200816901359e-10,-1.760787455434134573e-07,3.861502071712283004e-05,-3.609349029239585990e-03,2.432412975817440093e-01,3.633610847224517215e+00
1.106832945643939865e+03,3.073276318528435253e-10,-1.843442440267283211e-07,3.813423908376178533e-05,-3.131642262844449784e-03,1.781494600687791308e-01,2.536784690502665640e+00
1.106991731036559941e+03,4.626083809991938172e-11,-2.625635263932855391e-08,5.902249151322735751e-06,-6.438540953525539968e-04,1.370527936000980607e-01,5.004064809315902806e+00
1.107150499753860004e+03,7.526832517981092998e-11,-4.586913869935193529e-08,8.422188232828221297e-06,-1.509839602219539660e-04,4.633297615242008838e-02,5.394610862804815277e+00
1.107309251795839828e+03,1.667475857781678941e-11,-7.369598336189504119e-10,-1.599473798079876188e-06,2.683993643469705114e-04,8.976286831484681095e-02,3.065269283934925149e+00
1.107467987162500094e+03,1.195233483578510881e-10,-8.108142910488887503e-08,2.096896340536672337e-05,-2.628659128644478087e-03,2.660691675139091883e-01,1.906378230213288116e+00
1.107626705853840122e+03,1.977173288633461886e-10,-1.349968813322125882e-07,3.480792284408023386e-05,-4.048948270860682971e-03,2.952746779499349494e-01,6.754688115702225382e-01
1.107785407869859910e+03,-1.240735108046610223e-10,7.230036902440429710e-08,-1.558716853717459142e-05,1.643871524474452457e-03,2.843339656605865795e-02,3.485828972549912308e+00
1.107944093210559913e+03,-1.737926923698266921e-10,9.843172121719780097e-08,-1.743483712487160528e-05,8.338109496264510838e-04,1.267536163509180025e-01,2.520995887436936922e+00
1.108102761875940132e+03,6.619742306044051719e-11,-3.559643178879144321e-08,7.062817453464469725e-06,-6.749993874611579046e-04,1.489165860266795371e-01,-1.351204134283548464e-01
1.108261413865999884e+03,7.805413844875301954e-11,-3.011895556094832581e-08,1.783270107335399236e-06,3.422537557413343041e-04,7.681250885171000964e-02,2.233705822213726488e+00
1.108420049180740079e+03,2.129272842425787192e-10,-1.191592860724838191e-07,2.210296614806847964e-05,-1.554206026650408043e-03,1.599482416722781686e-01,-6.977624053061162734e-02
1.108578667820160035e+03,4.374436756783917315e-10,-2.793243440554139252e-07,6.357292455682500044e-05,-6.035210513549682868e-03,3.074731792123439056e-01,2.045709769098117636e+00
1.108737269784260207e+03,1.270904699285249750e-10,-7.477110204279279377e-08,1.548651314163095315e-05,-1.452842634981774388e-03,2.055861898760794892e-01,1.286076838716350590e+00
1.108895855073039911e+03,3.143534747269881356e-10,-1.947925740581739639e-07,4.015796432050208731e-05,-2.868159176904584197e-03,1.395840581292795979e-01,5.131375669954263863e+00
1.109054423686500058e+03,1.504487384144569232e-10,-1.154307476979639417e-07,3.171813104899173709e-05,-3.464735717269804786e-03,2.173756372926693992e-01,4.219130601817104420e+00
1.109212975624640194e+03,-2.261124814410554289e-10,1.400268994304887373e-07,-2.998904227460370597e-05,2.562357128462909497e-03,5.491171961271686108e-02,3.160072930861909768e+00
1.109371510887459863e+03,1.441741517452710979e-10,-8.830542435291483332e-08,1.898239001392274056e-05,-1.718020558235720027e-03,1.797947027025508238e-01,2.683596907504889884e-01
1.109530029474959974e+03,-1.363539586887290991e-11,1.966303608883843712e-08,-5.943668549296937241e-06,6.093063868636419212e-04,7.875984590238464811e-02,3.818611003597495834e+00
1.109688531387140074e+03,1.548559356761851585e-10,-1.344261693320811659e-07,4.102472359106893167e-05,-5.120540344911746547e-03,3.341934814108387108e-01,4.115692852666305579e-01
1.109847016623999934e+03,3.842992951445422839e-10,-2.618332459682711832e-07,6.404456300892502911e-05,-6.601237881434629529e-03,3.436015931055828032e-01,-1.078653221173490329e-01
1.110005485185540010e+03,1.232100440700703209e-10,-7.754053252112328531e-08,1.810309959407293754e-05,-1.952052824915867730e-03,2.060453112166712175e-01,7.718101055685961942e-01
1.110163937071760074e+03,3.364498309884066224e-10,-1.991950421049521978e-07,4.122938415767348727e-05,-3.569171826540240653e-03,2.313219929943276243e-01,3.011480031419842884e+00
1.110322372282659899e+03,3.305525404652814732e-11,-2.936030986360266244e-09,-3.663980747131974219e-06,7.797176595438677377e-04,6.955855610391412092e-02,2.510623593848767321e+00
1.110480790818239939e+03,1.674451777523253444e-10,-9.724256675869576862e-08,2.091318891221887708e-05,-2.114990213464601650e-03,2.152799315781173395e-01,2.661440529811342603e+00
1.110639192678499967e+03,-4.790149075668928049e-11,2.764258213495996693e-08,-5.435254135985279352e-06,6.264320253137930627e-04,4.213388680726766478e-02,5.643085647456412168e+00
1.110797577863439983e+03,4.451035493216998394e-10,-2.909436987381603127e-07,6.756382657954484474e-05,-6.733483499352142278e-03,3.869187876338803234e-01,-3.128089877068568891e-01
1.110955946373059987e+03,2.219579289344077458e-10,-1.441993040772976036e-07,3.385204261253227088e-05,-3.286310473639455099e-03,2.129532143561825575e-01,3.669873167895203458e+00
1.111114298207359980e+03,3.201445227399875610e-10,-2.132506224630406061e-07,5.231357997566678849e-05,-5.730647152292018577e-03,3.660370426373683594e-01,-1.353790430919433296e+00
1.111272633366340187e+03,4.729240083674674460e-11,-3.987918317625239383e-08,1.247605085681287158e-05,-1.593306856876269221e-03,1.797641080403716840e-01,2.397289379826784916e+00
1.111430951849999929e+03,-1.721565591837932579e-11,1.270229046316023109e-08,-4.073742778838216625e-06,6.574244382356186781e-04,7.683610187972926553e-02,4.761214266317247201e+00
1.111589253658340112e+03,4.576850388041933054e-10,-2.899259013040146399e-07,6.446345584878261301e-05,-5.966939405072038509e-03,3.224903209800299431e-01,1.802180104491641899e+00
1.111747538791360057e+03,-8.951372877823171165e-11,5.496235098908731270e-08,-1.167292116715609959e-05,1.103222508566793119e-03,6.077923437316610361e-02,6.132002840451798775e+00
1.111905807249059990e+03,-1.442787176140969683e-10,1.164538478701417193e-07,-3.313873570034725507e-05,3.919805291163236047e-03,-4.967072219355144619e-02,1.411041970310849880e+00
1.112064059031440138e+03,2.504289986470855940e-10,-1.667735983667635250e-07,4.062461825065941741e-05,-4.391585077384560498e-03,2.960694203908561528e-01,-7.970666432033723936e-01
1.112222294138500047e+03,3.494143933655733841e-10,-2.285808105695112572e-07,5.355696823791024504e-05,-5.315412329359365563e-03,3.118498288250229900e-01,-6.317984269865986047e-01
1.112380512570239944e+03,7.180746976782385737e-10,-4.599557906177917109e-07,1.051556240441910563e-04,-1.018257515127097418e-02,4.790533935261425680e-01,-7.997031563666046061e-01
1.112538714326660056e+03,1.192826256909994487e-10,-6.720439114970767328e-08,1.358499445171873524e-05,-1.252997357069382794e-03,1.489535747539930122e-01,2.422501481531255330e+00
1.112696899407760156e+03,9.347933068023958704e-11,-6.657506101337227640e-08,1.811582480430651754e-05,-2.244868155039598905e-03,2.306326439417487884e-01,1.667187079858903909e-01
1.112855067813540018e+03,4.451980839070914649e-10,-2.822013933699106136e-07,6.334189094929847076e-05,-5.938098611182164935e-03,3.172957529162843682e-01,-6.266011433236092776e-01
1.113013219544000094e+03,7.943805028027723673e-11,-4.975468039133516583e-08,1.110474718076874953e-05,-1.003641717063019634e-03,1.425708918401766279e-01,3.987193801256544212e+00
1.113171354599140159e+03,1.094175940114911438e-10,-7.083842842679734281e-08,1.835642504207463812e-05,-2.465296285612280421e-03,2.740734482392058191e-01,-2.434168413517700247e-01
1.113329472978959984e+03,1.306696107123143002e-10,-6.031219027084990752e-08,7.011754395558255055e-06,7.379892042457394735e-05,9.147962910803758563e-02,4.575283218529846430e+00
1.113487574683460025e+03,1.780140427345631718e-10,-1.028035821131150737e-07,2.126366637690054872e-05,-1.965392588214152133e-03,1.869377455184112191e-01,1.119292144004940814e+00
1.113645659712640054e+03,2.583378185710137148e-10,-1.579766510950917472e-07,3.480728460078404130e-05,-3.248385237716801006e-03,2.105985854173043070e-01,3.283663276298842248e+00
1.113803728066500071e+03,3.115389019988156490e-11,-2.073260857671625417e-08,5.303642108708581382e-06,-6.318081431163003652e-04,1.491288464503549016e-01,1.167487096169998573e+00
1.113961779745040076e+03,3.976150323459323031e-10,-2.614666670449394432e-07,6.137325450517936549e-05,-6.103639162704260768e-03,3.373432328925511925e-01,-1.422843114972217604e+00
1.114119814748260069e+03,5.525878082872403478e-12,-8.085741849202118133e-09,2.831945081166048416e-06,-4.137847280196361066e-04,1.412879412187956207e-01,2.833530668874817970e-01
1.114277833076160050e+03,-2.437870882390186119e-10,1.535235633511148983e-07,-3.288936994128564308e-05,2.768418210682758052e-03,2.627869780356571761e-02,2.875319268912872150e+00
1.114435834728740019e+03,5.443825239874768164e-11,-2.084795218424520748e-08,2.810896479015878576e-06,-3.984200681442765955e-04,1.541066190524415513e-01,1.974829447568343221e+00
1.114593819705999977e+03,5.005777552594608846e-10,-3.116364759281595672e-07,6.839447903558802124e-05,-6.259647775709164565e-03,3.278099310004435885e-01,1.563523125263828861e+00
1.114751788007940149e+03,1.740611729195905898e-10,-1.212628996054690996e-07,3.059091407142236404e-05,-3.351050464790527629e-03,2.540730064089002371e-01,1.492380676508224591e+00
1.114909739634559855e+03,2.163896103796970036e-10,-1.235933851211470269e-07,2.419529700527533512e-05,-1.953869280896068997e-03,1.745938994755866502e-01,1.890114532695643002e+00
1.115067674585860004e+03,-3.978966484278733835e-11,3.419187662780962335e-08,-9.297842483316707521e-06,8.623052059620862041e-04,1.100824416742153949e-01,2.152983032321623913e+00
1.115225592861840141e+03,2.128394307316912760e-10,-1.291550788468201691e-07,2.733667299303035015e-05,-2.313163863092764817e-03,1.690670275618900986e-01,2.111888329139274489e+00
1.115383494462500039e+03,1.371607762778398381e-10,-7.845208496739507866e-08,1.542277126256260701e-05,-1.244598478656011066e-03,1.561093757877259625e-01,4.131925632042159791e+00
1.115541379387839925e+03,-3.598321671835906078e-11,1.522869573722092150e-08,-9.581899706803430336e-07,-1.641415346725132673e-04,1.048317422445511349e-01,1.759359860508422635e+00
1.115699247637860026e+03,2.221189711891105858e-10,-1.325672142014329388e-07,2.803761956966137266e-05,-2.567051254305561300e-03,2.191469182881219113e-01,2.426436695079857486e+00
1.115857099212559888e+03,2.319514703764854847e-10,-1.289243084631927699e-07,2.448152845087133412e-05,-2.059924425212046866e-03,2.200338517128315741e-01,1.685077249434152324e-01
1.116014934111939965e+03,3.354678464066997269e-10,-2.142796222122768747e-07,4.860146728993435851e-05,-4.726857339384541411e-03,2.998971715597972265e-01,1.990967720730199231e+00
1.116172752336000030e+03,3.212762723145384985e-10,-2.043524961201904829e-07,4.616339928097007461e-05,-4.373652373200421530e-03,2.748443170561774007e-01,8.382341335967936624e-01
1.116330553884740084e+03,2.874880970571229483e-11,-2.490789615036773430e-08,7.306335999133107490e-06,-8.338225881495315867e-04,1.297825842788769002e-01,-3.581926302288134245e-01
1.116488338758159898e+03,9.981957725241089936e-12,-1.437581079502396604e-08,6.975328464727816308e-06,-1.204361110743660049e-03,1.626255905940829638e-01,3.847359037502525503e+00
1.116646106956260155e+03,2.344335619386371698e-10,-1.394997073050019738e-07,2.988654262690215987e-05,-2.867905424314957756e-03,2.246494669435894764e-01,1.190221394070879901e+00
1.116803858479040173e+03,2.012066342576093020e-10,-1.446156690692987496e-07,3.824247744238875625e-05,-4.388434420375147971e-03,3.055909596499866709e-01,4.826247432383257152e-01
1.116961593326499951e+03,2.123582900032550969e-10,-1.198641482522243108e-07,2.233446936335330520e-05,-1.290867019548624017e-03,7.667938987965086661e-02,5.787735262190369490e+00
1.117119311498639945e+03,4.754735025099668572e-10,-3.162259939854363738e-07,7.620680749699968132e-05,-7.994219529031320812e-03,4.360486926446358602e-01,-7.245361246278639866e-01
1.117277012995460154e+03,1.569631331536106313e-10,-1.077911507605609323e-07,2.754307297142073914e-05,-3.248935274604659428e-03,2.917450339069123100e-01,4.688034756774696610e-01
1.117434697816959897e+03,1.569399644062093817e-10,-7.043520612185643741e-08,7.991171249036874765e-06,9.693625705032427172e-05,7.375872190120803806e-02,4.730875376091055351e+00
1.117592365963140082e+03,3.478202393382285008e-10,-2.280894252936071678e-07,5.327829507564252987e-05,-5.299446845119961183e-03,3.293816194953415044e-01,8.483306140081084967e-01
1.117750017434000029e+03,1.918003318621868604e-10,-1.199781246591768591e-07,2.856803634570746810e-05,-3.299072746777096873e-03,2.741056685304033014e-01,7.209733800090238898e-01
1.117907652229539963e+03,1.348855369801784918e-10,-8.633032582893393816e-08,1.910805314231933197e-05,-1.602918815041781729e-03,1.593138323640116982e-01,4.471996964218387660e+00
1.118065270349759885e+03,4.051865201768927352e-11,-2.570688629275800230e-08,6.997383412387199602e-06,-9.571299509341832075e-04,1.597356321595006234e-01,2.775607764238102959e+00
1.118222871794660023e+03,3.188540281648241267e-10,-1.853822779280243162e-07,3.825685776294229313e-05,-3.436963651533375772e-03,2.229859445547038577e-01,2.831128273491346548e+00
1.118380456564239921e+03,2.671049535896541972e-10,-1.763080485684081379e-07,4.236153511753901478e-05,-4.419061209261324584e-03,2.865402589385702692e-01,1.426512131068121025e+00
1.118538024658500035e+03,1.512844750133670819e-10,-1.127390903500647114e-07,3.028820132379467339e-05,-3.424500564322676289e-03,2.551447786383810867e-01,9.813591530943409635e-01
1.118695576077440137e+03,5.565308181306070852e-11,-1.983505146891515821e-08,-1.109961340582360229e-07,5.518051930054823032e-04,7.292664189752330606e-02,5.210649567301777196e+00
1.118853110821060227e+03,3.120608798164247859e-10,-1.932477037373790454e-07,4.289271587631774720e-05,-4.096701703260639295e-03,2.573868947213535652e-01,6.059955124303905150e-01
1.119010628889359850e+03,2.823741238058019343e-10,-1.808832219240098193e-07,4.146915638471628527e-05,-4.173283719964994594e-03,3.113847299907400168e-01,-5.121303919377457881e-01
1.119168130282340144e+03,3.860689013928914135e-11,-3.652471019216805024e-08,1.211831700465652162e-05,-1.680928077298552261e-03,2.143711117207563188e-01,1.608834192821466891e+00
1.119325615000000198e+03,2.560716730982690605e-10,-1.460656992099470148e-07,2.832203503866012189e-05,-2.289501649869069792e-03,2.010621787674437277e-01,1.877143205605774634e+00
1.119483083042340013e+03,-2.644697595645709197e-11,2.402503503687111222e-08,-6.059762362381667579e-06,4.018172124088195424e-04,1.248436749598623718e-01,2.977554686482694724e+00
1.119640534409360043e+03,1.434832388011277838e-10,-1.093000491736585344e-07,3.193594562380764284e-05,-4.179194846020745438e-03,3.263315060033611381e-01,-7.259348157356920739e-01
1.119797969101060062e+03,3.299299282435977389e-10,-2.163532128659320058e-07,5.138460521161873011e-05,-5.214810283517670557e-03,3.187654657887071252e-01,9.884561051094229445e-01
1.119955387117439841e+03,2.433513609592025173e-10,-1.752173048013709537e-07,4.666997438617106298e-05,-5.390688478222850459e-03,3.414534375721687831e-01,5.799414909097662107e-01
1.120112788458500063e+03,-1.075665263823794580e-11,-5.437005000091636809e-09,4.731969091713571443e-06,-9.597416412458181214e-04,1.814521720422017925e-01,7.218596437667481984e-03
1.120270173124240046e+03,-2.114499808648682590e-11,9.884610493410942702e-09,4.040615295335787643e-08,-4.541889508321053886e-04,1.438353175081562296e-01,2.845962135671078919e+00
1.120427541114660016e+03,1.403813550682793372e-10,-1.142639300330041168e-07,3.365572039476637126e-05,-4.268106949157094744e-03,3.198061304663168958e-01,3.032402567006597938e-01
1.120584892429759975e+03,3.398979358425713296e-10,-2.200476108506947510e-07,5.116337160847866673e-05,-5.197971941285657940e-03,3.490975433408128326e-01,-3.766097483986023398e-01
1.120742227069540149e+03,6.502768029331512939e-10,-4.050180628681707279e-07,8.904041448935509824e-05,-8.263907405111100071e-03,4.066449944013119655e-01,9.179245944569758286e-02
1.120899545033999857e+03,7.783800105345715687e-11,-6.575118803874730842e-08,2.080324840617437421e-05,-2.826437430808706203e-03,2.440106050436866014e-01,9.056943241018567958e-01
1.121056846323140007e+03,2.982550938554487770e-10,-2.210549636715502079e-07,5.977595872973454744e-05,-7.011528817518881962e-03,4.296543478489637247e-01,-1.491932071960900164e+00
1.121214130936960146e+03,3.250315463243349995e-10,-1.942078312759366892e-07,4.173159427756519782e-05,-4.053037525859184108e-03,3.019306099608117799e-01,-2.439856919472043750e-01
1.121371398875460045e+03,4.201991936531826535e-10,-2.612694790852729498e-07,5.710645769052527559e-05,-5.148220808641441361e-03,2.770262214893685626e-01,2.794472199478120977e+00
1.121528650138639932e+03,2.570591064976643522e-10,-1.458695506686059374e-07,2.883853285510803351e-05,-2.527396377278029894e-03,2.201961660812589983e-01,2.168874956167729184e+00
1.121685884726500035e+03,2.618044027773502296e-10,-1.525967728758686420e-07,3.084087502143266073e-05,-2.606909243363644043e-03,1.970498217496240712e-01,3.942770321989152116e+00
1.121843102639040126e+03,-2.442864686056949002e-11,1.263601708189006529e-08,-3.175810051875869953e-07,-6.308323291599537497e-04,1.849177694757938306e-01,3.178060117087300185e+00
1.122000303876259977e+03,3.803061348041756930e-10,-2.199524624667793877e-07,4.236407558426549336e-05,-2.970650282206038079e-03,1.544914267098806970e-01,2.873125520400812594e+00
1.122157488438160044e+03,-1.844869981774012511e-10,1.243160334624041535e-07,-3.080102706279396006e-05,3.552906509398478466e-03,-8.906960334018539094e-02,7.704874692618256304e+00
1.122314656324740099e+03,3.340856160722525552e-10,-2.160968192171649651e-07,4.954800653605164845e-05,-4.732059660683132600e-03,2.960423699459123759e-01,1.134160876438537136e+00
1.122471807535999915e+03,2.820485978641574365e-11,-3.827293871128000391e-08,1.437771316506571854e-05,-2.076015652061005950e-03,2.144294413612366224e-01,1.529182733323236620e+00
1.122628942071939946e+03,1.251924790082755534e-10,-7.769996253193839361e-08,1.685254964579716599e-05,-1.356038907614908091e-03,1.316408336538095192e-01,5.458180401828878203e+00
1.122786059932559965e+03,4.650417590138548277e-10,-3.023361571668777481e-07,7.065468568503981237e-05,-7.036075353500215353e-03,3.889923762216502823e-01,-1.184052742188535845e+00
1.122943161117859972e+03,3.572819406943825957e-10,-2.226850176171710693e-07,4.872243602019028872e-05,-4.547925231221116443e-03,2.750627777489726422e-01,2.380614637740726014e+00
1.123100245627839968e+03,2.714280952537446893e-10,-1.717535440317811568e-07,4.067935832248533199e-05,-4.450303731069480198e-03,3.130244070457217642e-01,1.375958946916131798e-01
1.123257313462499951e+03,-1.135299286633549929e-11,4.734860140389921492e-09,1.196851533840748574e-06,-6.926481064616211211e-04,1.879579354663341306e-01,4.398888421153062667e-01
1.123414364621839923e+03,3.001202888789124539e-11,-5.700306122281242760e-09,-1.676146709942813167e-06,3.679123383804346449e-04,1.134357425238907702e-01,2.874454289715383304e+00
1.123571399105859882e+03,4.055412702201372136e-10,-2.559670493033794853e-07,5.710605106198414781e-05,-5.406534157223965784e-03,3.198624564114703750e-01,1.684589389913412116e+00
1.123728416914560057e+03,-8.278934175787996699e-12,1.694235110521033278e-08,-6.549148958872999208e-06,8.466134666258657345e-04,8.666052672328840301e-02,5.343510687204823029e+00
1.123885418047940220e+03,-1.779055864977771373e-10,1.239276993743316160e-07,-2.947222722216084428e-05,2.728388854653306887e-03,4.314843683342730468e-02,5.887811278522195879e-01
1.124042402505999917e+03,2.964016052516316975e-10,-1.822757119112755467e-07,3.992534097854094974e-05,-3.761470827076663498e-03,2.618367407610692754e-01,9.369421953587300234e-01
1.124199370288740056e+03,7.543664736788084519e-11,-5.301301797176907222e-08,1.513081951633914956e-05,-2.089786716599407145e-03,2.243771247251081791e-01,6.890109067678366062e-01
1.124356321396160183e+03,2.329669363284265432e-10,-1.594042654640061814e-07,3.887238717073156766e-05,-4.068641214864871999e-03,2.927878832699001288e-01,1.793506870362647998e+00
1.124513255828259844e+03,3.819611920431634298e-10,-2.438474952049993063e-07,5.569684803283937561e-05,-5.486529737970826347e-03,3.293908637537060757e-01,5.668677363842561379e-01
1.124670173585039947e+03,1.293490647429069772e-11,-1.267486978717379287e-08,4.058349198616513483e-06,-6.491070778792908027e-04,1.791106994910922345e-01,2.876768603384304845e-01
1.124827074666500039e+03,2.477165343574907373e-10,-1.468137230541684002e-07,3.062422878051673119e-05,-2.629585290696177888e-03,1.736053922450953024e-01,3.064172520991291560e+00
1.124983959072639891e+03,1.886010113994791694e-10,-1.348166651280651194e-07,3.511534489991656780e-05,-4.006669601467903290e-03,2.951773445060888457e-01,-6.241427738743117182e-01
1.125140826803459959e+03,1.060591579986560370e-10,-6.729662029497855716e-08,1.495848361352126722e-05,-1.308547617996468201e-03,1.447205830088033052e-01,4.041534286162535849e+00
1.125297677858960014e+03,7.933803277229727796e-11,-5.989013466052871848e-08,1.695778164332478641e-05,-2.151705533061710942e-03,2.241674291584549450e-01,-8.617436291224767064e-01
1.125454512239139831e+03,4.350513134165751760e-11,-1.806876068229912503e-08,3.564463537921207519e-07,6.331581551034110023e-04,2.880304296710073722e-02,3.688700380049130256e+00
1.125611329944000090e+03,2.023810911740807477e-10,-1.304679236905317643e-07,2.986745707225051851e-05,-2.819702166180045304e-03,2.028093752734405619e-01,3.638456788041546819e+00
1.125768130973540110e+03,7.715307545090798870e-11,-4.938548888461279337e-08,1.335673647546786269e-05,-1.836122447453024647e-03,2.246694765779441993e-01,-1.946302457970377764e-01
1.125924915327759891e+03,2.220634426695875483e-10,-1.463575288816828957e-07,3.471081378724875401e-05,-3.554162895566661661e-03,2.603328229490531331e-01,2.043962093955784265e-01
1.126081683006659887e+03,2.191517148083757548e-10,-1.496052082471563082e-07,3.778409789073568817e-05,-4.161598370634736303e-03,2.916116422938381803e-01,8.498029500190182328e-02
1.126238434010240098e+03,1.968956755983454042e-11,-1.958788536464353086e-08,6.475625594001400757e-06,-8.929465808758893118e-04,1.685053404303431257e-01,1.871078287466109435e-01
1.126395168338500071e+03,4.950664322917716740e-11,-5.357011737630845236e-08,2.063682281367550114e-05,-3.262901661688142555e-03,2.913805731974790092e-01,1.319137074307582536e-01
1.126551885991440031e+03,2.019910036727204361e-10,-1.425180730223922750e-07,3.600370574593314370e-05,-3.732234801057659947e-03,2.483028036436898400e-01,1.604768919227770763e+00
1.126708586969059979e+03,4.729944123652241517e-10,-3.082675690274450483e-07,7.215127551170411610e-05,-7.154089327958645245e-03,3.753398624924262905e-01,1.310415214217703905e-01
1.126865271271360143e+03,7.946075158747159713e-11,-4.809827696854454204e-08,1.068024522145602842e-05,-1.049944004964652958e-03,1.397639634041397960e-01,4.139818017863069244e+00
1.127021938898340068e+03,2.629401655151829589e-10,-1.674614047326338979e-07,3.851225981970274656e-05,-3.891354748400242900e-03,2.671911039306412161e-01,-4.368878041103476106e-01
1.127178589849999980e+03,8.826889536445445754e-11,-4.076878146357555252e-08,5.022324024839272512e-06,-3.033430882394010892e-05,1.040070592550925849e-01,5.798681810553577343e+00
1.127335224126340108e+03,-1.196601693818183418e-10,7.393041265890961626e-08,-1.499305623858855951e-05,1.017961850098846304e-03,1.127502195871287471e-01,5.311943734480523149e-01
1.127491841727359997e+03,2.581430917371517293e-10,-1.653588508696361575e-07,3.878334975064012271e-05,-4.009035735857153192e-03,2.842671256805949231e-01,-1.371095455799918594e-01
1.127648442653060101e+03,5.337997436861668244e-11,-1.199772703794632492e-08,-3.537287667241662993e-06,9.856140689433027808e-04,7.573798755855080944e-02,2.841177249641714031e+00
1.127805026903440194e+03,1.181076033785695849e-10,-9.730295686233762200e-08,2.874530509046107680e-05,-3.535411164557023412e-03,2.562816640085109343e-01,1.590244278333074135e+00
1.127961594478500047e+03,1.102351178102488886e-10,-8.337504827732346321e-08,2.251528334564236635e-05,-2.492961214961781583e-03,2.151896836389237122e-01,1.997950320942140756e+00
1.128118145378240115e+03,-7.007928445508892256e-12,-4.522081451494286276e-09,3.281348952463140193e-06,-5.071465558787791907e-04,1.434557054382325780e-01,8.183896090735882645e-01
1.128274679602660171e+03,6.238857882469546187e-11,-6.407894683203218261e-08,2.153788098301544164e-05,-2.911167092001840269e-03,2.460877825017486753e-01,8.034365808806469555e-01
1.128431197151759989e+03,3.143155733002688148e-11,2.735315523044902210e-09,-5.169628680963817065e-06,7.222725505135373569e-04,1.018481454817752319e-01,4.575642236847484945e+00
1.128587698025540021e+03,1.867205685149138769e-10,-1.132862196880667930e-07,2.416013816669939753e-05,-2.182406364602075544e-03,1.707454338345978928e-01,2.024584152741295107e+00
1.128744182224000042e+03,3.329454709864686830e-11,-2.272184333678290660e-08,6.006615651191656804e-06,-7.671602001788103975e-04,1.627772938778090095e-01,3.198706929970663304e-01
1.128900649747140051e+03,2.637081445265783323e-11,-1.575126836868734203e-08,4.308545447065510930e-06,-6.853844289746979226e-04,1.643590817735012255e-01,3.564503086178127944e+00
1.129057100594960048e+03,2.310418633278549556e-10,-1.581072483306570198e-07,3.992524386940806742e-05,-4.448543734775239032e-03,3.214376388015680042e-01,-1.807868914526009410e-02
1.129213534767460033e+03,2.812909365683817415e-10,-1.594711154652974385e-07,3.034991932768532511e-05,-2.111944930470617803e-03,1.477504568113094663e-01,4.921697161427196932e+00
1.129369952264640233e+03,1.089981163281961313e-10,-6.351433689719681595e-08,1.261736002121817475e-05,-1.054990939539970788e-03,1.607118328775239136e-01,1.634675982080683543e+00
1.129526353086499967e+03,2.039682331404261120e-10,-1.177914405718179339e-07,2.414112674219486227e-05,-2.118265416230509079e-03,1.829603772211849111e-01,2.635406412279476029e+00
1.129682737233039916e+03,2.545559078922213009e-10,-1.586759081812219262e-07,3.635490661960538993e-05,-3.888647680081469722e-03,3.045545519624616171e-01,3.807866630533253138e-01
1.129839104704260080e+03,4.101519512750802783e-10,-2.471639029376704133e-07,5.291888407299511274e-05,-4.858145708583646964e-03,2.968874945522645414e-01,1.553435550653634867e-01
1.129995455500160006e+03,4.132832538630609454e-10,-2.585936978025499056e-07,5.783324682754844475e-05,-5.651717493083562374e-03,3.497109227766254103e-01,1.174463464242449851e+00
1.130151789620739919e+03,2.602919868535472365e-10,-1.800666016067279288e-07,4.522833210301694951e-05,-4.842581045352636025e-03,2.969650275318571064e-01,2.533480373416540088e-01
1.130308107066000048e+03,2.171299283790054337e-10,-1.126914274393055385e-07,1.640287150993726905e-05,-1.212110693169637243e-04,2.571768650439130305e-02,3.588335114228542011e+00
1.130464407835939937e+03,1.297377392204655563e-10,-9.740587940388680600e-08,2.856614260946663538e-05,-3.812129115439086714e-03,3.044392002920848772e-01,-5.125986987576699461e-01
1.130620691930560042e+03,1.822142899514042423e-10,-1.109641999088822284e-07,2.336362722443548578e-05,-2.073532983225151363e-03,1.925685794583363308e-01,3.202954310037395835e+00
1.130776959349860135e+03,2.725721141293851496e-10,-1.668322288692694691e-07,3.437869590191468152e-05,-2.711239329149195149e-03,1.722394910132949708e-01,4.456195246945537036e+00
1.130933210093839989e+03,2.258438476525324606e-10,-1.441634672894802250e-07,3.374501200711251783e-05,-3.536786793904688614e-03,2.735450408537825062e-01,-1.572133514655566291e-02
1.131089444162500058e+03,2.154690879083651874e-10,-1.342707928695907432e-07,3.082313466757772072e-05,-3.285936507160266192e-03,2.797764726323103690e-01,2.587112343240618451e-01
1.131245661555840115e+03,3.310415300658123694e-11,-3.554522517669450121e-08,1.257427458425650292e-05,-1.757900417404540793e-03,1.832576952064717546e-01,-5.107806183845846615e-01
1.131401862273860161e+03,2.231116045461835207e-10,-1.414307924717112761e-07,3.233938337538978705e-05,-3.178693574875124297e-03,2.338612730822630104e-01,1.836087537205502773e+00
1.131558046316559967e+03,-2.375545599499194019e-10,1.403127526597653653e-07,-2.622190650677582471e-05,1.416735454638827366e-03,1.357454670817358489e-01,3.279114448428134543e-02
1.131714213683939988e+03,1.299834719758051392e-11,-1.635772602490866013e-08,7.372491285159546040e-06,-1.308846243322564365e-03,1.877022872909653861e-01,3.022675671712144574e+00
1.131870364375999998e+03,9.179731347333561238e-11,-5.799855260138756742e-08,1.373250563659227670e-05,-1.557038251466474985e-03,1.949557902490907935e-01,3.500588569017732521e+00
1.132026498392739995e+03,-1.506320219483015657e-10,1.083167058994242032e-07,-2.750109661590854798e-05,2.906830739288083880e-03,4.872580689859024559e-03,1.032203095024382122e+00
1.132182615734159981e+03,9.039506446866070841e-11,-7.023082194841417633e-08,1.992533311383128808e-05,-2.539268803552107573e-03,2.357305716207493684e-01,-7.674869939743521607e-01
1.132338716400260182e+03,6.098148116086224120e-11,-3.857321180265508637e-08,9.648443333552314806e-06,-1.195724392273102028e-03,1.827217486156381132e-01,-1.924567380289085305e-01
1.132494800391039917e+03,1.974740642933287767e-10,-1.161409582897782438e-07,2.455768572074950920e-05,-2.380861646345551041e-03,2.172247098212232996e-01,2.082961054977290338e+00
1.132650867706500094e+03,1.959605548593578715e-10,-1.323930336776927179e-07,3.403812093339548124e-05,-4.130252522185371387e-03,3.317498904155026240e-01,5.858302744902772474e-01
1.132806918346640032e+03,4.562346509668970727e-10,-2.883702033424730785e-07,6.452345863317391109e-05,-5.953921598277614122e-03,3.038044375618745296e-01,2.204036295773894594e+00
1.132962952311459958e+03,7.206900410553303042e-11,-3.507219083178209158e-08,5.337961198077178711e-06,-1.339543874885214248e-04,7.904957608679467895e-02,6.110460819554740297e+00
1.133118969600960099e+03,2.505482752904236263e-10,-1.582886375045931461e-07,3.582617698814805383e-05,-3.441954157568394637e-03,2.419446339171019700e-01,4.082177149068152433e-01
1.133274970215140002e+03,1.850955391069462615e-10,-1.304392120828545351e-07,3.420790225229840633e-05,-4.028045679927235237e-03,2.846028466353083264e-01,-9.162929515215775256e-01
1.133430954153999892e+03,-1.049753862013313873e-10,5.276010846634337129e-08,-8.665282086207658059e-06,6.724852725956917973e-04,5.340648320940766247e-02,4.019788275708552128e+00
1.133586921417539997e+03,6.053559528915153149e-11,-4.501490549412814699e-08,1.271622837668018178e-05,-1.602814032043924303e-03,1.865228315533187242e-01,3.198499646596197898e+00
1.133742872005760091e+03,3.642090208112365041e-10,-2.265775769514178230e-07,4.917477463652561318e-05,-4.442536717874417430e-03,2.767339050506120168e-01,-1.183162612874379127e-01
1.133898805918659946e+03,2.875254546076970395e-10,-1.909983859829658743e-07,4.645484737796279411e-05,-4.983472166962489916e-03,3.209484109958287701e-01,2.839428319986792904e+00
1.134054723156240016e+03,1.516687331328964304e-10,-1.091755400516516026e-07,2.928922773775987750e-05,-3.450820583397026277e-03,2.511393182633125942e-01,1.601029278876630713e+00
1.134210623718500074e+03,5.480016722495223956e-11,-3.990830896232738743e-08,1.107029845802363967e-05,-1.396998852017970923e-03,1.851289332377920871e-01,2.268929878528112898e+00
1.134366507605440120e+03,3.068710188368905259e-10,-2.017760326682394890e-07,4.800403097665717597e-05,-4.866194435853941382e-03,2.815276228090793920e-01,1.911166724664670191e+00
1.134522374817059926e+03,1.595902614568180449e-10,-9.398251144828611403e-08,1.770374362984160959e-05,-1.018959371322810661e-03,1.046834150468639035e-01,3.109610641249637819e+00
1.134678225353359949e+03,-5.495953362132948443e-11,3.140202751421944587e-08,-4.528992354708482254e-06,-1.266585907095704028e-04,1.612023852808933400e-01,2.174424749242950483e+00
1.134834059214340186e+03,3.128110810998091901e-10,-1.846406438692237488e-07,3.789809880988586005e-05,-3.192707214909023226e-03,2.212576113730073124e-01,1.267213497750797613e+00
1.134989876399999957e+03,8.327313236397203128e-11,-3.394037243438509514e-08,3.045764308756156305e-06,1.190083422857792926e-04,9.215321606678734956e-02,5.210763193148891581e+00
1.135145676910339944e+03,3.438662973171239851e-10,-2.313964225993196823e-07,5.663489393525069992e-05,-5.991300092969292605e-03,3.634263943500424254e-01,6.350044541902009898e-02
1.135301460745360146e+03,4.008765120670158652e-10,-2.583318836416934326e-07,5.987913644120872100e-05,-5.958143556635433005e-03,3.458293155510673844e-01,-8.464434468005384016e-01
1.135457227905059881e+03,1.933807113732979008e-13,-2.975080962418631613e-09,4.041376067110135957e-06,-1.221625661627287734e-03,2.255321021991515962e-01,1.134480448371291139e-01
1.135612978389440059e+03,2.830181243187949670e-11,-9.137582254390612333e-09,-7.486983909425953205e-07,5.004286782583915356e-04,6.506168757591269947e-02,3.420641248465095874e+00
1.135768712198499998e+03,2.106214361874138143e-10,-1.393520161442764664e-07,3.383319451521576261e-05,-3.696475745747871723e-03,2.679862866657979348e-01,7.325942321584996697e-02
1.135924429332239924e+03,1.107527332558882834e-10,-5.437280768989637244e-08,9.271799114651313984e-06,-7.960537339680563793e-04,1.638892665662025072e-01,2.482473048470611454e-01
1.136080129790660067e+03,2.744993282737040435e-10,-1.632557156626442389e-07,3.348829057036895604e-05,-2.703138391601811203e-03,1.765252297629181788e-01,4.128301010782494451e+00
1.136235813573759970e+03,9.296766456575558126e-11,-5.933498655425792522e-08,1.488193155296780108e-05,-1.778814792739591942e-03,1.939483826804445921e-01,2.556900392299223945e+00
1.136391480681539861e+03,1.880190483344870828e-10,-1.189733818012042247e-07,2.628372811996168866e-05,-2.393410128092530835e-03,1.933861167087761457e-01,2.177141309093697519e+00
1.136547131113999967e+03,-9.927040644401895795e-11,9.231376973946265920e-08,-2.798652845876647518e-05,3.258635644308244522e-03,-5.253639823342373498e-03,3.060260485425043253e+00
1.136702764871140062e+03,1.880778077401039224e-10,-1.241614941639495676e-07,3.049572430621270264e-05,-3.395748448055058415e-03,2.650840341419001267e-01,-8.996239592900741044e-01
1.136858381952960144e+03,3.418914934894883641e-10,-2.103175860926179687e-07,4.498914651844009341e-05,-3.845762351198953998e-03,2.268600076884461358e-01,1.169981880882807745e+00
1.137013982359459987e+03,2.555525538768699006e-10,-1.744024481111237738e-07,4.115916448807457244e-05,-3.818314537777457718e-03,2.310926776175949715e-01,3.393551194599653820e-01
1.137169566090640046e+03,1.156322321184692353e-10,-9.042490765261922960e-08,2.668426086672184377e-05,-3.516140495292652875e-03,3.085307909904827506e-01,5.970064202622453742e-01
1.137325133146500093e+03,2.506366080694378639e-10,-1.688802205394708817e-07,4.169257715447053731e-05,-4.465444474123770463e-03,2.893181034688334652e-01,-1.270401542617279222e+00
1.137480683527039901e+03,-8.298398685045953750e-11,5.415864134688115795e-08,-1.301731602939086959e-05,1.416866932272231117e-03,4.554431249755211408e-02,4.273771906287561428e+00
1.137636217232259924e+03,-1.084150800272890008e-10,5.231861294875712643e-08,-7.166432304135147478e-06,1.646331229789075418e-04,1.144592646047545431e-01,2.054135051955841451e+00
1.137791734262160162e+03,4.413169093972851031e-10,-2.734678662325234226e-07,6.023146937590629268e-05,-5.698106482807537530e-03,3.370651352407841861e-01,1.060775283145930281e+00
1.137947234616739934e+03,1.454762186210966788e-10,-1.124098275821593984e-07,3.177861618702722415e-05,-3.945879313775473712e-03,3.180295333531329427e-01,1.044280731690255815e+00
1.138102718295999921e+03,-1.381778386821618542e-10,9.651815920588606063e-08,-2.401426025779010887e-05,2.408287335164660189e-03,4.539036350152593491e-02,3.492330959859303308e-01
1.138258185299940124e+03,-1.979940685351938458e-10,1.347047968721891263e-07,-3.260035663400474387e-05,3.367667532277816844e-03,-2.216959061005435369e-02,4.054123131586784723e+00
1.138413635628559859e+03,3.139873384206376986e-10,-2.081855112775966869e-07,4.942819181794336680e-05,-5.045550572232848988e-03,3.183397262848637332e-01,8.061888198516878878e-01
1.138569069281860038e+03,-3.694460262301348761e-11,3.895968607190435421e-08,-1.508754876632547330e-05,2.460929724818177854e-03,-3.777892943398805659e-02,4.254609110002757433e+00
1.138724486259839978e+03,2.582576500782942693e-10,-1.630711920884305572e-07,3.690794646051426150e-05,-3.706367893722659155e-03,2.898955580075926464e-01,-2.080033176597764766e-01
1.138879886562499905e+03,1.442201906023782937e-10,-1.044501634443272207e-07,2.841454654235847204e-05,-3.384205313314550892e-03,2.618196895809856151e-01,-1.210381261225692145e-01
1.139035270189840048e+03,-8.301033707344159274e-11,6.248894067414402535e-08,-1.812277605597053078e-05,2.442463856834073931e-03,-1.832405645057609903e-02,6.921258587368873449e+00
1.139190637141859952e+03,5.381829515203294344e-10,-3.574098241909670379e-07,8.441708420459377951e-05,-8.309295686200597608e-03,4.169787612847842828e-01,8.403510354161121132e-01
1.139345987418560071e+03,3.769528972670770127e-10,-2.397639877241664057e-07,5.418054183616023538e-05,-5.181050550916508138e-03,3.226524125880820271e-01,8.896246556846542086e-01
1.139501321019939951e+03,4.088932834038242868e-10,-2.681621076074433324e-07,6.230841470745521215e-05,-5.929971204513592720e-03,2.956500147895066433e-01,2.133687093863001483e+00
1.139656637946000046e+03,3.013326418055406897e-10,-1.806359781330798113e-07,3.885625492524739038e-05,-3.683682014784308081e-03,2.551344965580263358e-01,1.466503279203686283e+00
1.139811938196740130e+03,1.459827841193612067e-10,-1.054225816549539783e-07,2.880299830092762766e-05,-3.593189679224087670e-03,2.840490273425990142e-01,-9.993984302281155863e-01
1.139967221772159974e+03,9.699316634091798975e-11,-6.316933057488285680e-08,1.423524383581380932e-05,-1.243667957088278589e-03,1.477209210929777417e-01,3.875042236575033439e+00
1.140122488672260033e+03,4.375885785595881928e-11,-3.215642602732049551e-08,8.812247328456517553e-06,-1.039733508585958654e-03,1.524675887145613140e-01,4.756252384614907958e-01
1.140277738897040081e+03,2.122704068472557393e-10,-1.288575890610875855e-07,2.760914381642501592e-05,-2.553032438138101538e-03,2.022813898172741987e-01,2.144775085662284475e+00
1.140432972446499889e+03,9.504677448290754684e-11,-7.822349935481551921e-08,2.214827496194223807e-05,-2.472970737097858994e-03,2.034021698618365959e-01,1.366498287041119974e+00
1.140588189320639913e+03,2.667786422685557792e-10,-1.813966324295385683e-07,4.467969868022207301e-05,-4.655716707225725746e-03,2.923479252047037624e-01,1.317941594316143661e+00
1.140743389519460152e+03,2.249974995890197875e-10,-1.415518860760642792e-07,3.155580160763834597e-05,-2.891895964962562342e-03,2.141854253907402028e-01,2.996693239412195897e-01
1.140898573042959924e+03,-1.737406026084708640e-10,1.202110363225609081e-07,-2.901284645738880986e-05,2.765808863415016809e-03,4.231672198130925766e-02,5.828726134587639551e-01
1.141053739891139912e+03,3.943722440360010527e-10,-2.506195158811465022e-07,5.695017058290374778e-05,-5.444574488377868296e-03,2.928799642151067029e-01,1.073794404576996486e+00
1.141208890064000116e+03,-9.610375935293475610e-11,7.193083155301700473e-08,-1.852179394741834578e-05,1.915641694818685271e-03,3.025537202269684006e-02,5.885890112095233384e+00
1.141364023561539852e+03,2.043451852941021313e-10,-1.422837694565281943e-07,3.461800360844938821e-05,-3.557411932606763857e-03,2.698609543798697885e-01,1.827894580026536708e+00
1.141519140383760032e+03,-1.501125792730286243e-10,9.294235685388144060e-08,-1.964340148640621533e-05,1.657762036536293863e-03,7.296090172601887858e-02,2.038222623890672658e+00
1.141674240530659972e+03,-1.501125792730286243e-10,9.294235685388144060e-08,-1.964340148640621533e-05,1.657762036536293863e-03,7.296090172601887858e-02,2.038222623890672658e+00
1.141829324002240128e+03,-1.501125792730286243e-10,9.294235685388144060e-08,-1.964340148640621533e-05,1.657762036536293863e-03,7.296090172601887858e-02,2.038222623890672658e+00
1.141984390798500044e+03,-1.501125792730286243e-10,9.294235685388144060e-08,-1.964340148640621533e-05,1.657762036536293863e-03,7.296090172601887858e-02,2.038222623890672658e+00
